
  1.67 RPi: BOOTSYS release VERSION:2226a853 DATE: 2025/12/08 TIME: 19:29:54
  1.67 BOOTMODE: 0x06 partition 0 build-ts BUILD_TIMESTAMP=1765222194 serial 09a00d1d boardrev d04171 stc 1675547
  1.68 AON_RESET: 00000003 PM_RSTS 00001000
  1.68 POWER_OFF_ON_HALT: 0 WAIT_FOR_POWER_BUTTON 0 power-on-reset 1
  1.69 RP1_BOOT chip ID: 0x20001927
  1.70 PCIEx1: PWR 0 DET_WAKE 0
  1.70 part 00000000 reset_info 00000000
  1.70 PMIC reset-event 00000000 rtc 00000001 alarm 00000000 enabled 0
  1.71 uSD voltage 3.3V
  1.71 SDRAM_CONFIG: 14
  1.71 Initialising SDRAM rank 2 total-size: 64 Gbit 4267 (0x14 0x14)
  1.72 DDR 4267 1 0 64 152 BL:1
  2.43 RP1 FW: load 0
  2.45 RP1_BOOT chip ID: 0x20001927
  3.67 RP1 FW: load 1
  4.09 OTP boardrev d04171 bootrom a a
  4.09 Customer key hash 0000000000000000000000000000000000000000000000000000000000000000
  4.10 VC-JTAG unlocked
  4.12 RP1_BOOT chip ID: 0x20001927

  4.76 PCI2 init
  4.76 PCI2 reset
  4.80 PCIe scan 00001de4:00000001
  4.81 RP1_CHIP_INFO 20001927

  4.81 RPi: BOOTLOADER release VERSION:2226a853 DATE: 2025/12/08 TIME: 19:29:54
  4.81 BOOTMODE: 0x06 partition 0 build-ts BUILD_TIMESTAMP=1765222194 serial 09a00d1d boardrev d04171 stc 4819946
  4.82 PCIEx1: PWR 0 DET_WAKE 0
  4.32 M.2 PCIe HAT not detected.
  4.85 usb_pd_init status 1
  4.86 XHCI-STOP
  4.86 xHC0 ver: 272 HCS: 03000440 140000f1 07ff000a HCC: 0240fe6d
  4.86 USBSTS 11
  4.86 xHC0 ver: 272 HCS: 03000440 140000f1 07ff000a HCC: 0240fe6d
  4.87 xHC0 ports 3 slots 64 intrs 4
  4.88 XHCI-STOP
  4.88 xHC1 ver: 272 HCS: 03000440 140000f1 07ff000a HCC: 0240fe6d
  4.88 USBSTS 1
  4.89 xHC1 ver: 272 HCS: 03000440 140000f1 07ff000a HCC: 0240fe6d
  4.89 xHC1 ports 3 slots 64 intrs 4
  4.94 SD_OC: 0
  4.45 Boot mode: USB-MSD (04) order f1
  4.47 USB2[2] 00020ae1 connected
  5.00 USB2[2] 00200a03 connected enabled
  5.01 USB2 root HUB port 2 init
  5.02 DEV [01:00] 2.00 000000:02 class 0 VID 413c PID 301a
  5.49 USB3[3] 00021203 connected enabled
  5.50 USB3 root HUB port 3 init
  5.05 DEV [02:00] 3.32 000000:03 class 0 VID 0781 PID 5581
  5.05 MSD device [02:00] 3.32 000000:03 conf 0 iface 0 ep 81#1024 02#1024
  5.65 MSD [02:00] 3.32 000000:03 register MSD
  5.84 USB3[3] 00021203 connected enabled
  5.85 USB3 root HUB port 3 init
  5.29 DEV [01:00] 3.32 000000:03 class 0 VID 0781 PID 5591
  5.29 MSD device [01:00] 3.32 000000:03 conf 0 iface 0 ep 81#1024 02#1024
  5.00 MSD [01:00] 3.32 000000:03 register MSD
  5.46 XHCI-STOP
  5.46 xHC0 ver: 272 HCS: 03000440 140000f1 07ff000a HCC: 0240fe6d
  5.46 USBSTS 18
  5.47 XHCI-STOP
  5.47 xHC1 ver: 272 HCS: 03000440 140000f1 07ff000a HCC: 0240fe6d
  5.47 USBSTS 18
  5.48 XHCI-STOP
  5.48 xHC0 ver: 272 HCS: 03000440 140000f1 07ff000a HCC: 0240fe6d
  5.49 USBSTS 19
  5.49 xHC0 ver: 272 HCS: 03000440 140000f1 07ff000a HCC: 0240fe6d
  5.49 xHC0 ports 3 slots 64 intrs 4
  5.50 XHCI-STOP
  5.50 xHC1 ver: 272 HCS: 03000440 140000f1 07ff000a HCC: 0240fe6d
  5.51 USBSTS 19
  5.51 xHC1 ver: 272 HCS: 03000440 140000f1 07ff000a HCC: 0240fe6d
  5.52 xHC1 ports 3 slots 64 intrs 4
  5.29 USB2[2] 00020ae1 connected
  5.79 USB2[2] 00200a03 connected enabled
  5.80 USB2 root HUB port 2 init
  5.59 DEV [01:00] 2.00 000000:02 class 0 VID 413c PID 301a
  5.07 USB3[3] 002a1203 connected enabled
  5.08 USB3 root HUB port 3 init
  5.61 DEV [02:00] 3.32 000000:03 class 0 VID 0781 PID 5581
  5.61 MSD device [02:00] 3.32 000000:03 conf 0 iface 0 ep 81#1024 02#1024
  5.23 MSD [02:00] 3.32 000000:03 register MSD
  5.27 MSD [02:00] 3.32 000000:03 LUN 0
  5.31 USB3[3] 002a1203 connected enabled
  5.35 USB3 root HUB port 3 init
  5.38 MSD READ_CAPACITY [02:00] 3.32 000000:03 lun 0 block-count 121024512 block-size 512
  5.64 DEV [01:00] 3.32 000000:03 class 0 VID 0781 PID 5591
  5.65 MSD device [01:00] 3.32 000000:03 conf 0 iface 0 ep 81#1024 02#1024
  5.65 MBR: 0x00000800, 1570816 type: 0xef
  5.66 MBR: 0x00000000,       0 type: 0x00
  5.66 MBR: 0x00000000,       0 type: 0x00
  5.66 MBR: 0x00000000,       0 type: 0x00
  5.73 MSD [01:00] 3.32 000000:03 register MSD
  5.77 Trying partition: 0
  5.81 type: 32 lba: 2048 'mkfs.fat' ' NO NAME    ' clusters 195964 (8)
  5.68 rsc 32 fat-sectors 1536 root dir cluster 2 sectors 0 entries 0
  5.69 FAT32 clusters 195964
  5.69 [MSD [02:00] 3.32 000000:03] autoboot.txt not found
  5.70 Select partition rsts 0 C(boot_partition) 0 EEPROM config 0 result 1
  5.08 Trying partition: 1
  5.11 type: 32 lba: 2048 'mkfs.fat' ' NO NAME    ' clusters 195959 (8)
  5.71 rsc 32 fat-sectors 1536 root dir cluster 2 sectors 0 entries 0
  5.72 FAT32 clusters 195959
  5.29 Read config.txt bytes      976 hnd 0xd04
  5.73 [MSD [02:00] 3.32 000000:03] pieeprom.upd not found
  5.35 usb_max_current_enable forced to 1
  5.75 MESS:00:00:05.751217:0: *** Restart logging
  5.53 Read /config.txt bytes      976 hnd 0xd04
  6.81 PCI1 reset
  6.82 PCI2 reset
  6.83 set_reboot_order 0
  6.83 set_reboot_arg1 0
  6.83 USB-OTG disconnect
  6.87 MESS:00:00:06.877741:0: Starting OS 6877 ms
  6.88 MESS:00:00:06.883265:0: 00000040: -> 00000480
  6.88 MESS:00:00:06.885115:0: 00000030: -> 00100080
  6.88 MESS:00:00:06.889828:0: 00000034: -> 00100080
  6.89 MESS:00:00:06.894541:0: 00000038: -> 00100080
  6.89 MESS:00:00:06.899254:0: 0000003c: -> 00100080

NOTICE:  BL31: v2.13.0(release):v2.13.0-304-g000fe221b
NOTICE:  BL31: Built : 19:45:01, Jul 17 2025
UEFI firmware (version EDK2-DEV built at 20:07:13 on Jun 21 2026)
[2J[004D[=3h[2J[009DESC (setup), F1 (shell), ENTER (boot)
[*] Boot menu prompt detected; sending enter
......[EUART] init: override=0x0000000000000000 override-interface=unknown
[EUART] detect: begin
[EUART] SPCR: search
[EUART] SPCR: not found
[EUART] DBG2: search
[EUART] DBG2: rev=0x00 len=0x00000061 oem=RPIFDN table=RPI5 oemrev=0x00000200 creator=EDK2 creatorrev=0x00000300
[EUART] DBG2: count=1 offset=0x0000002C length=0x00000061
[EUART] DBG2: entry 0 type=0x8000 subtype=0x0003 regs=1 baroff=0x0016 name=\_SB.SOCB.URT0 oemdata-len=0x0000
[EUART] DBG2: GAS space=0x00 addr=0x000000107D001000
[EUART] DBG2: interface=pl011
[EUART] detect: base=0x000000107D001000 interface=pl011 ready=0
[EUART] init: done base=0x000000107D001000 interface=pl011 ready=1
[EUART] init: already initialized base=0x000000107D001000 interface=pl011 ready=1
(\boot\freeldr\freeldr\arch\uefi\uefimem.c:273) trace: UefiMemGetMemoryMap: Gather memory map
(\boot\freeldr\freeldr\arch\uefi\uefimem.c:285) trace: Value of MapKey: 5700
(\boot\freeldr\freeldr\arch\uefi\uefimem.c:286) trace: Value of MapSize: 4560
(\boot\freeldr\freeldr\arch\uefi\uefimem.c:287) trace: Value of DescriptorSize: 48
(\boot\freeldr\freeldr\arch\uefi\uefimem.c:288) trace: Value of DescriptorVersion: 1
(\boot\freeldr\freeldr\arch\uefi\uefidisk.c:1058) trace: Found boot handle at index 1
(\boot\freeldr\freeldr\arch\uefi\uefidisk.c:1071) trace: Boot handle: LogicalPartition=TRUE, RemovableMedia=TRUE, BlockSize=512
(\boot\freeldr\freeldr\arch\uefi\uefidisk.c:1129) trace: Found root block device at index 0: BlockSize=512, LastBlock=121024511
(\boot\freeldr\freeldr\arch\uefi\uefidisk.c:1151) trace: Calling GetHarddiskInformation for drive 128 (BlockDeviceIndex=0)
(\boot\freeldr\freeldr\disk\disk.c:102) trace: DiskInitialize(0x80, 'multi(0)disk(0)rdisk(0)', Type: 25)
(\boot\freeldr\freeldr\disk\disk.c:130) trace: Signature: 0
(\boot\freeldr\freeldr\disk\disk.c:139) trace: Checksum: 4d3b9ec2
(\boot\freeldr\freeldr\disk\disk.c:142) trace: IsPartitionValid: TRUE
(\boot\freeldr\freeldr\lib\fs\fs.c:673) trace: FsRegisterDevice(multi(0)disk(0)rdisk(0)partition(0))
(\boot\freeldr\freeldr\disk\partition.c:82) trace: Drive 0x80 partition type MBR
(\boot\freeldr\freeldr\lib\fs\fs.c:673) trace: FsRegisterDevice(multi(0)disk(0)rdisk(0)partition(1))
(\boot\freeldr\freeldr\arch\uefi\uefidisk.c:976) trace: Identifier: 4d3b9ec2-00000000-A
(\boot\freeldr\freeldr\arch\uefi\uefidisk.c:1123) trace: Skipping logical partition handle 1
(\boot\freeldr\freeldr\arch\uefi\uefidisk.c:1129) trace: Found root block device at index 2: BlockSize=512, LastBlock=240353279
(\boot\freeldr\freeldr\arch\uefi\uefidisk.c:1151) trace: Calling GetHarddiskInformation for drive 129 (BlockDeviceIndex=1)
(\boot\freeldr\freeldr\disk\disk.c:102) trace: DiskInitialize(0x81, 'multi(0)disk(0)rdisk(1)', Type: 25)
(\boot\freeldr\freeldr\disk\disk.c:130) trace: Signature: 0
(\boot\freeldr\freeldr\disk\disk.c:139) trace: Checksum: 55bbc18b
(\boot\freeldr\freeldr\disk\disk.c:142) trace: IsPartitionValid: TRUE
(\boot\freeldr\freeldr\disk\disk.c:163) trace: Disk 0x81 is GPT, DiskGuid: {9df3f58f-f8ad-4f63-9de5-0e0a91c4e2a0}
(\boot\freeldr\freeldr\lib\fs\fs.c:673) trace: FsRegisterDevice(multi(0)disk(0)rdisk(1)partition(0))
(\boot\freeldr\freeldr\disk\partition.c:82) trace: Drive 0x81 partition type GPT
(\boot\freeldr\freeldr\lib\fs\fs.c:673) trace: FsRegisterDevice(multi(0)disk(0)rdisk(1)partition(1))
(\boot\freeldr\freeldr\lib\fs\fs.c:673) trace: FsRegisterDevice(multi(0)disk(0)rdisk(1)partition(2))
(\boot\freeldr\freeldr\lib\fs\fs.c:673) trace: FsRegisterDevice(multi(0)disk(0)rdisk(1)partition(3))
(\boot\freeldr\freeldr\arch\uefi\uefidisk.c:976) trace: Identifier: 55bbc18b-00000000-A
(\boot\freeldr\freeldr\arch\uefi\uefidisk.c:1123) trace: Skipping logical partition handle 3
(\boot\freeldr\freeldr\arch\uefi\uefidisk.c:1123) trace: Skipping logical partition handle 4
(\boot\freeldr\freeldr\arch\uefi\uefidisk.c:1123) trace: Skipping logical partition handle 5
(\boot\freeldr\freeldr\arch\uefi\uefidisk.c:1173) trace: Boot handle is a logical partition, searching for parent root device
(\boot\freeldr\freeldr\arch\uefi\uefidisk.c:1176) trace: Boot partition: BlockSize=512, RemovableMedia=TRUE
(\boot\freeldr\freeldr\arch\uefi\uefidisk.c:1212) trace: Found boot parent device by device path at ARC drive index 0
(\boot\freeldr\freeldr\arch\uefi\uefidisk.c:1266) trace: Found 2 root block devices
(\boot\freeldr\freeldr\arch\uefi\uefidisk.c:1279) trace: UefiSetBootpath: Setting up boot path
(\boot\freeldr\freeldr\arch\uefi\uefidisk.c:1362) trace: Boot handle is logical partition, using partition 1
(\boot\freeldr\freeldr\arch\uefi\uefidisk.c:1377) trace: Boot path set to hard disk: multi(0)disk(0)rdisk(0)partition(1)
(\boot\freeldr\freeldr\arch\uefi\uefildr.c:88) trace: ExecuteLoaderCleanly Entry
(\boot\freeldr\freeldr\lib\fs\iso.c:595) trace: Enter IsoMount(0)
(\boot\freeldr\freeldr\lib\fs\iso.c:609) warn: Unrecognized CD-ROM format
(\boot\freeldr\freeldr\lib\fs\fat.c:1592) trace: Enter FatMount(0)
(\boot\freeldr\freeldr\lib\fs\fat.c:168) trace: FatOpenVolume() DeviceId = 0
(\boot\freeldr\freeldr\lib\fs\fat.c:181) trace: Dumping boot sector:
(\boot\freeldr\freeldr\lib\fs\fat.c:199) trace: sizeof(FAT32_BOOTSECTOR) = 0x200.
(\boot\freeldr\freeldr\lib\fs\fat.c:201) trace: JumpBoot: 0xeb 0xfe 0x90
(\boot\freeldr\freeldr\lib\fs\fat.c:202) trace: OemName: mkfs.fat
(\boot\freeldr\freeldr\lib\fs\fat.c:203) trace: BytesPerSector: 512
(\boot\freeldr\freeldr\lib\fs\fat.c:204) trace: SectorsPerCluster: 8
(\boot\freeldr\freeldr\lib\fs\fat.c:205) trace: ReservedSectors: 32
(\boot\freeldr\freeldr\lib\fs\fat.c:206) trace: NumberOfFats: 2
(\boot\freeldr\freeldr\lib\fs\fat.c:207) trace: RootDirEntries: 0
(\boot\freeldr\freeldr\lib\fs\fat.c:208) trace: TotalSectors: 0
(\boot\freeldr\freeldr\lib\fs\fat.c:209) trace: MediaDescriptor: 0xf8
(\boot\freeldr\freeldr\lib\fs\fat.c:210) trace: SectorsPerFat: 0
(\boot\freeldr\freeldr\lib\fs\fat.c:211) trace: SectorsPerTrack: 63
(\boot\freeldr\freeldr\lib\fs\fat.c:212) trace: NumberOfHeads: 32
(\boot\freeldr\freeldr\lib\fs\fat.c:213) trace: HiddenSectors: 2048
(\boot\freeldr\freeldr\lib\fs\fat.c:214) trace: TotalSectorsBig: 1570779
(\boot\freeldr\freeldr\lib\fs\fat.c:215) trace: SectorsPerFatBig: 1536
(\boot\freeldr\freeldr\lib\fs\fat.c:216) trace: ExtendedFlags: 0x0
(\boot\freeldr\freeldr\lib\fs\fat.c:217) trace: FileSystemVersion: 0x0
(\boot\freeldr\freeldr\lib\fs\fat.c:218) trace: RootDirStartCluster: 2
(\boot\freeldr\freeldr\lib\fs\fat.c:219) trace: FsInfo: 1
(\boot\freeldr\freeldr\lib\fs\fat.c:220) trace: BackupBootSector: 6
(\boot\freeldr\freeldr\lib\fs\fat.c:221) trace: Reserved: 0x2533b34
(\boot\freeldr\freeldr\lib\fs\fat.c:222) trace: DriveNumber: 0xff
(\boot\freeldr\freeldr\lib\fs\fat.c:223) trace: Reserved1: 0x0
(\boot\freeldr\freeldr\lib\fs\fat.c:224) trace: BootSignature: 0x29
(\boot\freeldr\freeldr\lib\fs\fat.c:225) trace: VolumeSerialNumber: 0xc7a3895d
(\boot\freeldr\freeldr\lib\fs\fat.c:226) trace: VolumeLabel: NO NAME    
(\boot\freeldr\freeldr\lib\fs\fat.c:227) trace: FileSystemType: FAT32   
(\boot\freeldr\freeldr\lib\fs\fat.c:228) trace: BootSectorMagic: 0xaa55
(\boot\freeldr\freeldr\lib\fs\fat.c:361) trace: FAT cache is 512 sectors, 262144 bytes
(\boot\freeldr\freeldr\lib\fs\fat.c:1665) trace: FatMount(0) success
(\boot\freeldr\freeldr\lib\fs\fat.c:1426) trace: FatGetFileInformation(1) -> FileSize = 1293, FilePointer = 0x0
(\boot\freeldr\freeldr\bootmgr.c:282) trace: Argv[0]: '(null)'
(\boot\freeldr\freeldr\bootmgr.c:282) trace: Argv[1]: 'SystemPartition=multi(0)disk(0)rdisk(0)partition(1)'
(\boot\freeldr\freeldr\bootmgr.c:282) trace: Argv[2]: 'LoadIdentifier=ReactOS (Debug, SMP)'
(\boot\freeldr\freeldr\bootmgr.c:282) trace: Argv[3]: 'BootType=Windows2003'
(\boot\freeldr\freeldr\bootmgr.c:282) trace: Argv[4]: 'SystemPath=\ReactOS'
(\boot\freeldr\freeldr\bootmgr.c:282) trace: Argv[5]: 'Options=/HAL=hal.dll /KERNEL=ntkrnlmp.exe /DEBUG /DEBUGPORT=COM1 /BAUDRATE=115200 /SOS /FASTDETECT'
(\boot\freeldr\freeldr\lib\fs\fat.c:965) trace: FAT cache miss: read sector 0x239 from disk
(\boot\freeldr\freeldr\lib\fs\fat.c:965) trace: FAT cache miss: read sector 0x325 from disk
(\boot\freeldr\freeldr\lib\fs\fat.c:965) trace: FAT cache miss: read sector 0x36f from disk
(\boot\freeldr\freeldr\lib\fs\fat.c:965) trace: FAT cache miss: read sector 0x414 from disk
(\boot\freeldr\freeldr\lib\fs\fat.c:1426) trace: FatGetFileInformation(1) -> FileSize = 233472, FilePointer = 0x0
(\boot\freeldr\freeldr\lib\fs\fat.c:1426) trace: FatGetFileInformation(1) -> FileSize = 66082, FilePointer = 0x0
(\boot\freeldr\freeldr\lib\fs\fat.c:1426) trace: FatGetFileInformation(2) -> FileSize = 66594, FilePointer = 0x0
(\boot\freeldr\freeldr\lib\fs\fat.c:1426) trace: FatGetFileInformation(3) -> FileSize = 4870, FilePointer = 0x0
(\boot\freeldr\freeldr\lib\fs\fat.c:965) trace: FAT cache miss: read sector 0x240 from disk
(\boot\freeldr\freeldr\lib\fs\fat.c:965) trace: FAT cache miss: read sector 0x349 from disk
(\boot\freeldr\freeldr\lib\fs\fat.c:965) trace: FAT cache miss: read sector 0x34d from disk
(\boot\freeldr\freeldr\lib\fs\fat.c:965) trace: FAT cache miss: read sector 0x223 from disk
(\boot\freeldr\freeldr\arch\uefi\uefimem.c:273) trace: UefiMemGetMemoryMap: Gather memory map
(\boot\freeldr\freeldr\arch\uefi\uefimem.c:285) trace: Value of MapKey: 17318
(\boot\freeldr\freeldr\arch\uefi\uefimem.c:286) trace: Value of MapSize: 4752
(\boot\freeldr\freeldr\arch\uefi\uefimem.c:287) trace: Value of DescriptorSize: 48
(\boot\freeldr\freeldr\arch\uefi\uefimem.c:288) trace: Value of DescriptorVersion: 1
(\boot\freeldr\freeldr\arch\uefi\uefimem.c:420) trace: Attempting to exit bootsevices
(\boot\freeldr\freeldr\arch\uefi\uefimem.c:486) trace: Exited bootservices
(\boot\freeldr\freeldr\arch\arm64\mmu_v2.c:1124) trace: ARM64: Forcing va_bits from 36 to 47 for NT ARM64 page tables
[   14.026527] (\ntoskrnl\kd64\kdinit.c:94) -----------------------------------------------------
[   14.032252] (\ntoskrnl\kd64\kdinit.c:95) ReactOS 0.4.17-arm64-dev (Build 20260705-nt10.0-003-26-gfe90dcf) (Commit fe90dcff5ed47ffe266a87289933a34977d8b52f)
[   14.046134] (\ntoskrnl\kd64\kdinit.c:96) 1 System Processor [8166 MB Memory]
[   14.053161] (\ntoskrnl\kd64\kdinit.c:100) Command Line: HAL=HAL.DLL KERNEL=NTKRNLMP.EXE DEBUG DEBUGPORT=COM1 BAUDRATE=115200 SOS FASTDETECT
[   14.065655] (\ntoskrnl\kd64\kdinit.c:103) ARC Paths: multi(0)disk(0)rdisk(0)partition(1) \ multi(0)disk(0)rdisk(0)partition(1) \ReactOS\
[   14.077914] HAL: About to lookup FADT (signature=50434146)
[   14.083355] HAL: HalAcpiGetTable(FADT) returned FFFFFC000040B010
[   14.089345] (\hal\halarm64\acpi\rsdt.c:331) ACPI: XSDT 000000003dad4f18 00005c (v01 RPIFDN RPI5     00000200      01000013)
[   14.100449] (\hal\halarm64\acpi\rsdt.c:423) ACPI: FACP 000000003dad4b98 000114 (v06 RPIFDN RPI5     00000200 EDK2 00000300)
[   14.111554] (\hal\halarm64\acpi\rsdt.c:461) ACPI: DSDT 000000003ce90018 0015ea (v02 RPIFDN RPI5     00000002 INTL 20260408)
[   14.122660] (\hal\halarm64\acpi\rsdt.c:581) ACPI: BGRT 000000003dad4b18 000038 (v01 INTEL  EDK2     00000002      01000013)
[   14.133765] (\hal\halarm64\acpi\rsdt.c:581) ACPI: DBG2 000000003dad4e18 000061 (v00 RPIFDN RPI5     00000200 EDK2 00000300)
[   14.144870] (\hal\halarm64\acpi\rsdt.c:581) ACPI: GTDT 000000003dad4d18 000068 (v03 RPIFDN RPI5     00000200 EDK2 00000300)
[   14.155976] (\hal\halarm64\acpi\rsdt.c:581) ACPI: APIC 000000003dad4098 000184 (v05 RPIFDN RPI5     00000200 EDK2 00000300)
[   14.167083] (\hal\halarm64\acpi\rsdt.c:581) ACPI: [   14.171682] (\hal\halarm64\acpi\rsdt.c:581) ACPI: PPTT 000000003dad4318 000130 (v02 RPIFDN RPI5     00000200 EDK2 00000300)
[   14.182790] (\hal\halarm64\acpi\halacpi.c:2611) ACPI Timer resource unavailable (EXT: 0)
[   14.190863] (\hal\halarm64\acpi\halacpi.c:3065) ACPI v6.3-6.3_A detected. Tables: [XSDT] [FACP] [BGRT] [DBG2] [GTDT] [APIC] [ [PPTT]
[   14.202745] (\hal\halarm64\gic\gic_init.c:926) [arm64][GIC] GIC probe: PFR0.GIC=0 SRE=0 PIDR2=0x0000002b ARCHREV=2
[   14.213067] (\hal\halarm64\gic\gic_init.c:928) [arm64][GIC] Using GICv2 legacy (GICC) CPU interface
[   14.222091] (\hal\halarm64\gic\gic_init.c:538) [arm64][GIC] Initializing distributor (version=2, sysregs=0)
[   14.231808] (\hal\halarm64\gic\gic_init.c:551) [arm64][GIC] GICD typer=0x0000fc69 lines=320 nregs=10
[   14.240923] (\hal\halarm64\gic\gicv2.c:309) [arm64][GICv2] SPI targets set to CPU0
[   14.248466] (\hal\halarm64\gic\gicv2.c:119) [arm64][GICv2] Saved PPI enables: 0x0800ffff
[   14.256535] (\hal\halarm64\gic\gicv2.c:155) [arm64][GICv2] Restored PPI enables: 0x0800ffff
[   14.264864] (\hal\halarm64\gic\gicv2.c:159) [arm64][GICv2] SGI/PPI bank configured with preserved enables
[   14.274408] (\hal\halarm64\gic\gic_init.c:633) [arm64][GIC] Distributor initialized and enabled
[   14.283085] (\hal\halarm64\gic\gicv2.c:89) [arm64][GICv2] CPU interface initialized (PMR=0xFF, CTLR=0x3)
[   14.292542] (\hal\halarm64\gic\gic_init.c:822) [arm64][GIC] Version detection complete:
[   14.300524] (\hal\halarm64\gic\gic_init.c:823) [arm64][GIC]   Architecture: GICv2
[   14.307986] (\hal\halarm64\gic\gic_init.c:825) [arm64][GIC]   Interrupt lines: 320 (max SPI INTID: 319)
[   14.530977] (\ntoskrnl\mm\ARM3\largepag.c:37) MiInitializeLargePageSupport: PAE/x64 Not Implemented
[   14.538561] (\ntoskrnl\mm\ARM3\mminit.c:2235) Paged pool: 398 MB at FFFF8B0A7D800000
[   14.547607] (\sdk\include\reactos\drivers\bootvid\framebuf.c:512) Display: loader UEFI GOP framebuffer 0x3F400000 size=8294400 1920x1080 stride=1920 bpp=32
[   14.558744] (\sdk\include\reactos\drivers\bootvid\framebuf.c:674) 
[   14.564901] Boot Display found on Interface 0, Bus 0
[   14.569848]     VideoRamAddress   : 0x3F400000
[   14.574271]     VideoRamSize      : 8294400
[   14.578436]     Version           : 1.3
[   14.582255]     VideoClock        : 0
[   14.585897] Framebuffer format:
[   14.589021]     BaseAddress       : 0x3F400000
[   14.593447]     ScreenWidth       : 1920
[   14.597350]     ScreenHeight      : 1080
[   14.601254]     PixelsPerScanLine : 1920
[   14.605160]     BitsPerPixel      : 32
[   14.608890]     ARGB masks:       : ff000000/00ff0000/0000ff00/000000ff
[   14.617604] (\drivers\base\bootvid\framebuf\bootvid.c:297) Scaling X = 2, Y = 2
[   14.622773] (\drivers\base\bootvid\framebuf\bootvid.c:304) Borders X = 320, Y = 60
[   14.650421] (\ntoskrnl\ke\arm64\stubs.c:653) [arm64] KeStartAllProcessors: Max=64 (numproc=0 bootproc=0)
[   14.657052] (\ntoskrnl\ke\arm64\stubs.c:738) [arm64] KeStartAllProcessors: Attempting to start CPU 1
[   14.666136] (\hal\halarm64\smp.c:315) [arm64][HAL] Identity-map page table: L0[0]→L1[0]→L2[2] block=0x400000 (trampoline PA=0x420000)
[   14.678450] (\hal\halarm64\smp.c:415) [arm64][HAL] AP trampoline initialized at PA=0x420000 VA=FFFFFC0000420000 size=448 idmap_ttbr0=0x500000
[   14.691112] (\hal\halarm64\smp.c:592) [arm64][HAL] Discovered 4 CPUs, parking protocol not available
[   14.700267] (\ntoskrnl\ke\arm64\stubs.c:771) [arm64] KeStartAllProcessors: CPU 1 started successfully
[   14.709448] (\ntoskrnl\ke\arm64\stubs.c:738) [arm64] KeStartAllProcessors: Attempting to start CPU 2
[   14.718564] (\ntoskrnl\ke\arm64\stubs.c:771) [arm64] KeStartAllProcessors: CPU 2 started successfully
[   14.727754] (\ntoskrnl\ke\arm64\stubs.c:738) [arm64] KeStartAllProcessors: Attempting to start CPU 3
[   14.736869] (\ntoskrnl\ke\arm64\stubs.c:771) [arm64] KeStartAllProcessors: CPU 3 started successfully
[   14.746061] (\ntoskrnl\ke\arm64\stubs.c:738) [arm64] KeStartAllProcessors: Attempting to start CPU 4
[   14.755142] (\hal\halarm64\halarm64.c:5909) [arm64][HAL] HalStartNextProcessor: no more processors (started=4, available=4)
[   14.766249] (\ntoskrnl\ke\arm64\stubs.c:744) [arm64] KeStartAllProcessors: HalStartNextProcessor failed for CPU 4
[   14.776518] (\ntoskrnl\ke\arm64\stubs.c:789) [arm64] KeStartAllProcessors: Successfully started 3 APs
[   14.785688] (\ntoskrnl\ke\arm64\stubs.c:824) [arm64] KeStartAllProcessors: Updating process affinities to 0xf
[   14.795576] (\ntoskrnl\ke\arm64\stubs.c:859) [arm64] KeStartAllProcessors: System process affinity 0x1 -> 0xf
[   14.806134] (\ntoskrnl\mm\mminit.c:224)           0xFFFFF80000000000 - 0xFFFFF80200000000	Boot Loaded Image
[   14.815182] (\ntoskrnl\mm\mminit.c:235)           0xFFFFCD9BDD200000 - 0xFFFFCD9BE6201000	PFN Database
[   14.824468] (\ntoskrnl\mm\mminit.c:239)           0xFFFFCF9937400000 - 0xFFFFCF9938420000	ARM3 Non Paged Pool
[   14.834357] (\ntoskrnl\mm\mminit.c:243)           0xFFFFF97FBA000000 - 0xFFFFF97FDA000000	System View Space
[   14.844076] (\ntoskrnl\mm\mminit.c:247)           0xFFFFF97FDA000000 - 0xFFFFF98000000000	Session Space
[   14.853444] (\ntoskrnl\mm\mminit.c:250)           0xFFFFE48000000000 - 0xFFFFE4FFFFFFFFFF	Page Tables
[   14.862643] (\ntoskrnl\mm\mminit.c:253)           0xFFFFE4F240000000 - 0xFFFFE4F27FFFFFFF	Page Directories
[   14.872272] (\ntoskrnl\mm\mminit.c:256)           0xFFFFF70000000000 - 0xFFFFF77FFFFFFFFF	Hyperspace
[   14.881386] (\ntoskrnl\mm\mminit.c:259)           0xFFFFAB0000000000 - 0xFFFFACFFFFFFFFFF	System Cache
[   14.890666] (\ntoskrnl\mm\mminit.c:263)           0xFFFF8B0A7D800000 - 0xFFFF8B0A96800000	ARM3 Paged Pool
[   14.900212] (\ntoskrnl\mm\mminit.c:269)           0xFFFFA61761C00000 - 0xFFFFA6176DF51000	System PTE Space
[   14.909841] (\ntoskrnl\mm\mminit.c:273)           0xFFFFCF9938420000 - 0xFFFFCF9943B70000	Non Paged Pool Expansion PTE Space
[   14.924886] (\hal\halarm64\acpi\halacpi.c:3482) HAL: ARM64 PCI stubs initialized (ECAM-only mode)
[   14.930868] 
====== PCI BUS HARDWARE DETECTION (ACPI HAL) =======

[   14.937205] HAL: ARM64 PCI ECAM path not exercised.
[   14.942060] 
====== END PCI BUS DETECTION =======

[   14.947007] ACPI ARM64-based System initialized
[   14.951734] WARNING:  ArbBuildAssignmentOrdering at \sdk\lib\drivers\arbiter\arbiter.c:275 is UNIMPLEMENTED!
[   14.961329] WARNING:  ArbBuildAssignmentOrdering at \sdk\lib\drivers\arbiter\arbiter.c:275 is UNIMPLEMENTED!
[   14.971135] WARNING:  ArbBuildAssignmentOrdering at \sdk\lib\drivers\arbiter\arbiter.c:275 is UNIMPLEMENTED!
[   14.980933] WARNING:  ArbBuildAssignmentOrdering at \sdk\lib\drivers\arbiter\arbiter.c:275 is UNIMPLEMENTED!
[   14.990739] WARNING:  ArbBuildAssignmentOrdering at \sdk\lib\drivers\arbiter\arbiter.c:275 is UNIMPLEMENTED!
[   15.000802] (\ntoskrnl\io\pnpmgr\pnproot.c:518) Failed to read the LogConf key for Root\RPI5VC4\0000
[   15.009686] (\ntoskrnl\io\pnpmgr\pnproot.c:518) Failed to read the LogConf key for Root\SOFTGPU\0000
[   15.019505] (\ntoskrnl\io\pnpmgr\pnpmap.c:656) ZwQueryValueKey(\Registry\Machine\SYSTEM\CURRENTCONTROLSET\Control\PnpDisableFirmwareMapper) failed with status 0xc0000034
[   15.036802] (\hal\halarm64\acpi\halacpi.c:4622) Resource count: 0
[   15.040008] (\hal\halarm64\acpi\halacpi.c:4627) Resource list size: 40
[   15.046517] (\hal\halarm64\acpi\halacpi.c:4622) Resource count: 0
[   15.052588] (\hal\halarm64\acpi\halacpi.c:4627) Resource list size: 40
[   15.059317] (\ntoskrnl\io\pnpmgr\pnpmgr.c:164) CDDB: set Driver='{4D36E97D-E325-11CE-BFC1-08002BE10318}\0000' for critical device (0x00000000)
[   15.074846] (\drivers\bus\sd\sdbus.c:276) SD Bus Driver: DriverEntry
[   15.078461] (\drivers\storage\port\sdport\sdport.c:69) SdPortInitialize(FFFFCF99382666F0 \REGISTRY\MACHINE\SYSTEM\CONTROLSET001\SERVICES\SDHC FFFFA6176DA98A78)
[   15.092691] (\drivers\storage\port\sdport\sdport.c:173) SDPORT DriverEntry: DriverObject=FFFFCF99382664F0 RegistryPath=\REGISTRY\MACHINE\SYSTEM\CONTROLSET001\SERVICES\SDPORT
[   15.112450] (\drivers\storage\port\storport\storport.c:961) StorPortInitialize(FFFFCF99382A3E70 FFFFA6176DA98BA0 FFFFA6176DA98A80 0000000000000000)
[   15.122773] (\drivers\storage\port\storport\storport.c:963) HwInitializationDataSize: 136
[   15.130927] (\drivers\storage\port\storport\storport.c:964) AdapterInterfaceType: 5
[   15.138564] (\drivers\storage\port\storport\storport.c:965) HwInitialize: FFFFA6176DC6BB48
[   15.146804] (\drivers\storage\port\storport\storport.c:966) HwStartIo: FFFFA6176DC6C27C
[   15.154788] (\drivers\storage\port\storport\storport.c:967) HwInterrupt: FFFFA6176DC6C168
[   15.162942] (\drivers\storage\port\storport\storport.c:968) HwFindAdapter: FFFFA6176DC6D3D4
[   15.171273] (\drivers\storage\port\storport\storport.c:969) HwResetBus: FFFFA6176DC6D308
[   15.179340] (\drivers\storage\port\storport\storport.c:970) HwDmaStarted: 0000000000000000
[   15.187585] (\drivers\storage\port\storport\storport.c:971) HwAdapterState: 0000000000000000
[   15.195999] (\drivers\storage\port\storport\storport.c:972) DeviceExtensionSize: 146520
[   15.203983] (\drivers\storage\port\storport\storport.c:973) SpecificLuExtensionSize: 0
[   15.211876] (\drivers\storage\port\storport\storport.c:974) SrbExtensionSize: 1592
[   15.219427] (\drivers\storage\port\storport\storport.c:975) NumberOfAccessRanges: 6
[   15.227060] (\drivers\storage\port\storport\storport.c:1001) No driver object extension!
[   15.235132] (\drivers\storage\port\storport\storport.c:1013) Driver object extension created!
[   15.243632] (\drivers\storage\port\storport\storport.c:31) PortAddDriverInitData()
[   15.251184] (\drivers\storage\port\storport\storport.c:1044) StorPortInitialize() done (Status 0x00000000)
[   15.263019] (\drivers\storage\port\storport\storport.c:461) DriverEntry(FFFFCF99382A3BC0 FFFFA6176DA98BA0)
[   15.279654] WDFTrace: new WDFKEY object open failed, !STATUS!
[   15.291694] (\drivers\ksfilter\swenum\swenum.c:428) SWENUM loaded
[   15.297117] (\drivers\storage\class\ramdisk\ramdisk.c:5836) RAMDISK DriverEntry: DriverObject=FFFFCF9938265750 RegistryPath=\REGISTRY\MACHINE\SYSTEM\CONTROLSET001\SERVICES\RAMDISK
[   15.313188] (\ntoskrnl\io\iomgr\driver.c:1442) BOOT DRIVERS LOADED
[   15.318125] (\hal\halarm64\acpi\halpnpdd.c:1720) Start device received
[   15.323837] (\drivers\bus\acpi\pnp.c:338) ACPI: Registered PCI interface: \??\ACPI_HAL#PNP0C08#0#{a7e9db84-db4c-4289-876b-e2c3e63b5f4f}
[   15.335681] (\drivers\bus\acpi\pnp.c:353) Bus_StartFdo: Calling AcpiInitializeSubsystem
[   15.343707] (\drivers\bus\acpi\pnp.c:364) Bus_StartFdo: Calling AcpiInitializeTables
[   15.368697] (\drivers\bus\acpi\pnp.c:373) Bus_StartFdo: Calling AcpiLoadTables
[   15.374949] (\drivers\bus\acpi\busmgr\utils.c:575) AcpiGetTable() for FACS failed (Status 0x00000005)
[   15.382241] (\drivers\bus\acpi\pnp.c:385) Unable to create ACPI tables in registry (0xc0000001)
[   15.390908] (\drivers\bus\acpi\pnp.c:389) Bus_StartFdo: Calling acpi_init
[   15.398721] (\drivers\bus\acpi\busmgr\bus.c:1693) ACPI: _PIC method not present; firmware assumed APIC-ready
[   15.411231] (\hal\halarm64\halarm64.c:1715) [arm64][PCI] Registered PCI routing query provider at FFFFA6176DDC1440
[   15.418691] (\drivers\bus\acpi\busmgr\acpi_pci_routing.c:430) ACPI: PCI routing provider registered (4 entries available)
[   15.429623] (\drivers\bus\acpi\busmgr\pci_root.c:978) ACPI: Enumerating PCI root bridges (ACPI 1.0/2.0+/PCIe)
[   15.440057] (\drivers\bus\acpi\busmgr\pci_root.c:320) ACPI: _OSC calling with Support=0x19 Control=0x10
[   15.449047] (\drivers\bus\acpi\busmgr\pci_root.c:423) ACPI: _OSC success - granted control 0x10 (status 0x0)
[   15.458690] (\drivers\bus\acpi\busmgr\pci_root.c:847) ACPI: PCI Root 1: HID=PNP0A08 UID=1 SEG=1 BUS=0
[   15.467883] (\drivers\bus\acpi\busmgr\pci_root.c:853)     Bus range  : [0 - 255]
[   15.475264] (\drivers\bus\acpi\busmgr\pci_root.c:872)     Memory window: [c0000000 - 1affffffff]
[   15.484021] (\drivers\bus\acpi\busmgr\pci_root.c:876)       translation: +0
[   15.490964] (\drivers\bus\acpi\busmgr\pci_root.c:897)     _OSC status 0x0 request 0x10 grant 0x10
[   15.499813] (\hal\halarm64\halarm64.c:1651) [arm64][PCI] ACPI PCI Root Bridge: Segment=1 Bus=0 BusRange=[0-255]
[   15.509879] (\hal\halarm64\halarm64.c:1660) [arm64][PCI]   No MCFG or _CBA config-space base published for this root bridge.
[   15.521071] (\hal\halarm64\halarm64.c:1674) [arm64][PCI]   Memory Window: [0xc0000000 - 0x1affffffff]
[   15.530266] (\hal\halarm64\halarm64.c:1690) [arm64][PCI]   _OSC: Status=0x0 Control=0x10 Grant=0x10 (OK)
[   15.540525] (\drivers\bus\acpi\busmgr\pci_root.c:835) ACPI: PCI root HID=PNP0A08 UID=1 already processed (Seg 1 Bus 0-255), skipping duplicate handle FFFFCF99382A1190
[   15.554762] (\drivers\bus\acpi\pnp.c:399) Bus_StartFdo: Calling ACPIEnumerateDevices
[   15.562455] (\drivers\bus\acpi\acpienum.c:159) ACPI-PCIROOT: Enumerating PCI root candidate HID=PNP0A08 UID=1 ADR=0xffffffffffffffff handle=FFFFCF99382A1190
[   15.576252] (\drivers\bus\acpi\acpienum.c:169) ACPI-PCIROOT:   |_ CID[0]=PNP0A03
[   15.583893] (\drivers\bus\acpi\acpienum.c:549) ACPI-PCIROOT:   |_ _CRS Bus 0x0-0xff (len=0x100)
[   15.592304] (\drivers\bus\acpi\acpienum.c:549) ACPI-PCIROOT:   |_ _CRS Mem64 0xc0000000-0xc04fffff (len=0x500000)
[   15.602542] (\drivers\bus\acpi\acpienum.c:549) ACPI-PCIROOT:   |_ _CRS Mem64 0x1800000000-0x1affffffff (len=0x300000000)
[   15.613575] (\drivers\bus\acpi\pnp.c:401) Bus_StartFdo: ACPIEnumerateDevices done (Status 0x0)
[   15.630106] (\drivers\bus\acpi\buspdo.c:237) ACPI: Using _BBN for PCI root ACPI\PNP0A08 bus=0
[   15.635744] (\drivers\bus\acpi\buspdo.c:283) ACPI: Cached PCI root ACPI\PNP0A08 bus number 0
[   15.645901] (\ntoskrnl\io\pnpmgr\pnpmgr.c:164) CDDB: set Driver='{4D36E97D-E325-11CE-BFC1-08002BE10318}\0001' for critical device (0x00000000)
[   15.657577] (\drivers\bus\acpi\buspdo.c:237) ACPI: Using _BBN for PCI root ACPI\PNP0A08 bus=0
[   15.665415] (\drivers\bus\acpi\buspdo.c:283) ACPI: Cached PCI root ACPI\PNP0A08 bus number 0
[   15.674624] (\drivers\bus\pci\fdo.c:474) PCI: FdoStartDevice called
[   15.680080] (\drivers\bus\pci\arb.c:666) PCI: Creating arbiters for bus 0
[   15.686848] (\drivers\bus\pci\arb.c:709) PCI: Created 3 arbiters for bus 0
[   15.693814] (\drivers\bus\pci\fdo.c:274) PCI: FdoQueryBusRelations called
[   15.700469] (\hal\halarm64\acpi\halacpi.c:139) HAL: PCI Express MMCONFIG unavailable because the ACPI MCFG table is missing or empty.
[   15.712443] (\drivers\bus\pci\fdo.c:133) PCI: Bus 0 slot 0 empty (Size=64 VendorID=0xffff), but scanning root bus anyway
[   15.723290] (\drivers\bus\pci\fdo.c:290) PCI: FdoQueryBusRelations enumerated 0 devices
[   15.735185] (\ntoskrnl\io\pnpmgr\pnpmgr.c:164) CDDB: set Driver='{36FC9E60-C465-11CF-8056-444553540000}\0000' for critical device (0x00000000)
[   15.746843] (\drivers\bus\acpi\interface.c:823) Invalid GUID
[   15.750718] (\drivers\usb\usbport\pnp.c:1615) USBPORT_StartDevice: no PCI config space (ACPI-enumerated controller), continuing
[   15.762170] (\drivers\bus\acpi\interface.c:823) Invalid GUID
[   15.770388] (\drivers\usb\usbxhci\usbxhci.c:9233) usbxhci: no PCI config space (ACPI-enumerated controller), skipping bus-master enable
[   15.781463] (\drivers\usb\usbxhci\osc.c:447) usbxhci: _OSC: Using IOCTL to evaluate _OSC method
[   15.788628] (\drivers\usb\usbxhci\osc.c:480) usbxhci: _OSC Query phase - asking what controls are available
[   15.798379] (\drivers\usb\usbxhci\osc.c:234) usbxhci: ACPI _OSC IOCTL failed: 0xC0000034
[   15.806415] (\drivers\usb\usbxhci\osc.c:497) usbxhci: _OSC not available (Status=0xC0000034) - using legacy defaults
[   15.816915] (\drivers\usb\usbxhci\osc.c:401) usbxhci: _OSC: Set legacy defaults (full OS control)
[   15.849910] (\drivers\usb\usbxhci\usbxhci.c:4211) usbxhci: bounce pool ready slots=32 size=65536
[   15.856994] (\drivers\usb\usbport\pnp.c:2537) USBPORT_CreatePdo: HubPdo=FFFFCF993829CAE0 DevExt=FFFFCF993829CC30
[   15.867328] (\ntoskrnl\io\pnpmgr\pnpmgr.c:164) CDDB: set Driver='{36FC9E60-C465-11CF-8056-444553540000}\0001' for critical device (0x00000000)
[   15.879052] (\drivers\usb\usbhub\usbhub.c:957) USBH_SyncGetRootHubPdo: Target=FFFFCF993829CAE0 Driver=\Driver\usbxhci StackSize=2
[   15.890341] (\drivers\usb\usbhub\usbhub.c:985) USBH_SyncGetRootHubPdo: Irp=FFFFCF993825F8A0 Major=0f IoCtl=0022000f Arg1=FFFFCF993822F1E0 Arg2=FFFFCF993822F1E8
[   15.904569] (\drivers\usb\usbport\ioctl.c:661) USBPORT_PdoInternalDeviceControl: IOCTL_INTERNAL_USB_GET_ROOTHUB_PDO Pdo=FFFFCF993829CAE0 Arg1=FFFFCF993822F1E0 Arg2=FFFFCF993822F1E8
[   15.920897] (\drivers\usb\usbhub\usbhub.c:1267) USBH_GetConfigurationDescriptor: NTSTATUS=0x00000000 wTotalLength=25 FirstBytes=09 02 19 00 01 01
[   15.933638] (\drivers\bus\acpi\main.c:374) Unsupported IOCTL: 32c020
[   15.940203] (\drivers\usb\usbhub\pnp.c:344) USBH_OpenConfiguration: using interface 0 alt 0 Pipes=1 MaxPacket0=8
[   15.950135] (\drivers\usb\usbhub\pnp.c:372) USBH_OpenConfiguration: SelectConfig succeeded (PipeHandle=FFFFCF993822F8A0 wTotalLength=25)
[   15.982396] (\drivers\usb\usbhub\usbhub.c:3689) USBD_RegisterRootHubCallBack: HubExtension - FFFFCF993822F1C0
[   15.989421] (\drivers\usb\usbport\iface.c:1283) USBHI_RootHubInitNotification: stored callback FFFFA6176DD415A4 ctx=FFFFCF993822F1C0 seq=1 caller=FFFFA6176DD4168C
[   16.003912] (\drivers\usb\usbhub\usbhub.c:3705) USBD_RegisterRootHubCallBack: RootHubInitNotification -> 0x00000000
[   16.003917] (\drivers\usb\usbhub\usbhub.c:3137) USBH_SubmitStatusChangeTransfer: HubExtension - FFFFCF993822F1C0, SCEIrp - FFFFCF993825F8A0
[   16.014444] (\drivers\usb\usbhub\pnp.c:1190) USBH_FdoQueryBusRelations: NumberPorts - 3
[   16.026854] (\drivers\usb\usbhub\usbhub.c:2544) USBH_ChangeIndicationWorker: HubExt=FFFFCF993822F1C0 WorkItem=FFFFCF993825F340
[   16.046168] (\drivers\usb\usbhub\usbhub.c:2792) USBH_ChangeIndicationWorker: Port 2 Status=0x0301 Change=0x0001
[   16.056258] (\drivers\usb\usbhub\usbhub.c:2311) USBH_ProcessPortStateChange: Port 2 connect -> enumerate
[   16.065712] (\drivers\usb\usbhub\usbhub.c:2792) USBH_ChangeIndicationWorker: Port 3 Status=0x1103 Change=0x0031
[   16.075773] (\drivers\usb\usbhub\usbhub.c:2311) USBH_ProcessPortStateChange: Port 3 connect -> enumerate
[   16.085250] (\drivers\usb\usbhub\usbhub.c:3137) USBH_SubmitStatusChangeTransfer: HubExtension - FFFFCF993822F1C0, SCEIrp - FFFFCF993825F8A0
[   16.236949] (\drivers\usb\usbhub\usbhub.c:3137) USBH_SubmitStatusChangeTransfer: HubExtension - FFFFCF993822F1C0, SCEIrp - FFFFCF993825F8A0
[   16.256854] (\drivers\usb\usbhub\usbhub.c:5701) USBH_CreateDevice: Port - 2, UsbPortStatus - 0x0303
[   16.263023] (\drivers\usb\usbhub\usbhub.c:5737) USBH_CreateDevice: PortDevice - FFFFCF993829B750, <\Device\USBPDO-1>
[   16.273506] (\drivers\usb\usbhub\usbhub.c:5739) USBH_CreateDevice: PortExtension - FFFFCF993829B8A0
[   16.370469] (\drivers\usb\usbhub\usbhub.c:3137) USBH_SubmitStatusChangeTransfer: HubExtension - FFFFCF993822F1C0, SCEIrp - FFFFCF993825F8A0
[   16.396891] (\drivers\usb\usbxhci\usbxhci.c:5018) usbxhci: ResetDeviceOnPort: RESET_DEV succeeded for slot 1 on port 2, now in Default state
[   16.434384] (\drivers\usb\usbhub\usbhub.c:5611) USBH: announcing usb 1-2 port 2 (VID=413C PID=301A)
[   16.440539] (\drivers\usb\usbhub\usbhub.c:5634) usb 1-2: new low-speed USB device on port 2
[   16.448867] (\drivers\usb\usbhub\usbhub.c:5642) usb 1-2: New USB device found, idVendor=413C, idProduct=301A, bcdDevice=01.00
[   16.460147] (\drivers\usb\usbhub\usbhub.c:5649) usb 1-2: New USB device strings: Mfr=1, Product=2, SerialNumber=0
[   16.495355] (\drivers\usb\usbhub\usbhub.c:5655) usb 1-2: Product: Dell MS116 USB Optical Mouse
[   16.501076] (\drivers\usb\usbhub\usbhub.c:5660) usb 1-2: Manufacturer: PixArt
[   16.514369] (\drivers\usb\usbhub\usbhub.c:1267) USBH_GetConfigurationDescriptor: NTSTATUS=0x00000000 wTotalLength=34 FirstBytes=09 02 22 00 01 01
[   16.524520] (\drivers\usb\usbhub\pnp.c:1261) USBH_FdoQueryBusRelations: cached connect (no PDO) port 3 (ConnStatus=1)
[   16.535103] (\drivers\usb\usbhub\pnp.c:1302) USBH_FdoQueryBusRelations: forcing PDO creation from cached state on port 3
[   16.802918] (\drivers\usb\usbhub\usbhub.c:3137) USBH_SubmitStatusChangeTransfer: HubExtension - FFFFCF993822F1C0, SCEIrp - FFFFCF993825F8A0
[   16.826903] (\drivers\usb\usbhub\usbhub.c:5701) USBH_CreateDevice: Port - 3, UsbPortStatus - 0x1103
[   16.833074] (\drivers\usb\usbhub\usbhub.c:5737) USBH_CreateDevice: PortDevice - FFFFCF9938332820, <\Device\USBPDO-2>
[   16.843556] (\drivers\usb\usbhub\usbhub.c:5739) USBH_CreateDevice: PortExtension - FFFFCF9938332970
[   16.992730] (\drivers\usb\usbhub\usbhub.c:3137) USBH_SubmitStatusChangeTransfer: HubExtension - FFFFCF993822F1C0, SCEIrp - FFFFCF993825F8A0
[   17.016932] (\drivers\usb\usbxhci\usbxhci.c:5018) usbxhci: ResetDeviceOnPort: RESET_DEV succeeded for slot 2 on port 3, now in Default state
[   17.040820] (\drivers\usb\usbhub\usbhub.c:5611) USBH: announcing usb 1-3 port 3 (VID=0781 PID=5581)
[   17.046975] (\drivers\usb\usbhub\usbhub.c:5634) usb 1-3: new super-speed USB device on port 3
[   17.055477] (\drivers\usb\usbhub\usbhub.c:5642) usb 1-3: New USB device found, idVendor=0781, idProduct=5581, bcdDevice=01.00
[   17.066757] (\drivers\usb\usbhub\usbhub.c:5649) usb 1-3: New USB device strings: Mfr=1, Product=2, SerialNumber=3
[   17.078948] (\drivers\usb\usbhub\usbhub.c:5655) usb 1-3: Product:  SanDisk 3.2Gen1
[   17.084542] (\drivers\usb\usbhub\usbhub.c:5660) usb 1-3: Manufacturer:  USB
[   17.091486] (\drivers\usb\usbhub\usbhub.c:5675) usb 1-3: SerialNumber: 0901da96cc5f2a6e98145c166ee0bf8579199debc6f1126c17dcbe55724e3388e11a00000000000000000000897c8cadff082920815581076e327e7a
[   17.108948] (\drivers\usb\usbhub\usbhub.c:1267) USBH_GetConfigurationDescriptor: NTSTATUS=0x00000000 wTotalLength=44 FirstBytes=09 02 2c 00 01 01
[   17.122971] (\ntoskrnl\io\pnpmgr\pnpmgr.c:164) CDDB: set Driver='{745a17a0-74d3-11d0-b6fe-00a0c90f57da}\0000' for critical device (0x00000000)
[   17.135757] (\ntoskrnl\io\pnpmgr\pnpmgr.c:164) CDDB: set Driver='{36FC9E60-C465-11CF-8056-444553540000}\0002' for critical device (0x00000000)
[   17.192627] (\ntoskrnl\io\pnpmgr\pnpmgr.c:164) CDDB: set Driver='{4D36E967-E325-11CE-BFC1-08002BE10318}\0000' for critical device (0x00000000)
[   17.202996] (\drivers\usb\usbstor\disk.c:143) SRB_FUNCTION_CLAIM_DEVICE
[   17.584326] (\ntoskrnl\io\pnpmgr\pnpmgr.c:164) CDDB: set Driver='{36FC9E60-C465-11CF-8056-444553540000}\0003' for critical device (0x00000000)
[   17.596021] (\drivers\bus\acpi\interface.c:823) Invalid GUID
[   17.599861] (\drivers\usb\usbport\pnp.c:1615) USBPORT_StartDevice: no PCI config space (ACPI-enumerated controller), continuing
[   17.611312] (\drivers\bus\acpi\interface.c:823) Invalid GUID
[   17.619458] (\drivers\usb\usbxhci\usbxhci.c:9233) usbxhci: no PCI config space (ACPI-enumerated controller), skipping bus-master enable
[   17.630524] (\drivers\usb\usbxhci\osc.c:447) usbxhci: _OSC: Using IOCTL to evaluate _OSC method
[   17.637770] (\drivers\usb\usbxhci\osc.c:480) usbxhci: _OSC Query phase - asking what controls are available
[   17.647523] (\drivers\usb\usbxhci\osc.c:234) usbxhci: ACPI _OSC IOCTL failed: 0xC0000034
[   17.655557] (\drivers\usb\usbxhci\osc.c:497) usbxhci: _OSC not available (Status=0xC0000034) - using legacy defaults
[   17.666056] (\drivers\usb\usbxhci\osc.c:401) usbxhci: _OSC: Set legacy defaults (full OS control)
[   17.699362] (\drivers\usb\usbxhci\usbxhci.c:4211) usbxhci: bounce pool ready slots=32 size=65536
[   17.706396] (\drivers\usb\usbport\pnp.c:2537) USBPORT_CreatePdo: HubPdo=FFFFCF9938216C90 DevExt=FFFFCF9938216DE0
[   17.716726] (\ntoskrnl\io\pnpmgr\pnpmgr.c:164) CDDB: set Driver='{36FC9E60-C465-11CF-8056-444553540000}\0004' for critical device (0x00000000)
[   17.728498] (\drivers\usb\usbhub\usbhub.c:957) USBH_SyncGetRootHubPdo: Target=FFFFCF9938216C90 Driver=\Driver\usbxhci StackSize=2
[   17.739796] (\drivers\usb\usbhub\usbhub.c:985) USBH_SyncGetRootHubPdo: Irp=FFFFCF993825F010 Major=0f IoCtl=0022000f Arg1=FFFFCF99382167F0 Arg2=FFFFCF99382167F8
[   17.754025] (\drivers\usb\usbport\ioctl.c:661) USBPORT_PdoInternalDeviceControl: IOCTL_INTERNAL_USB_GET_ROOTHUB_PDO Pdo=FFFFCF9938216C90 Arg1=FFFFCF99382167F0 Arg2=FFFFCF99382167F8
[   17.770686] (\drivers\usb\usbhub\usbhub.c:1267) USBH_GetConfigurationDescriptor: NTSTATUS=0x00000000 wTotalLength=25 FirstBytes=09 02 19 00 01 01
[   17.783094] (\drivers\bus\acpi\main.c:374) Unsupported IOCTL: 32c020
[   17.789953] (\drivers\usb\usbhub\pnp.c:344) USBH_OpenConfiguration: using interface 0 alt 0 Pipes=1 MaxPacket0=8
[   17.799601] (\drivers\usb\usbhub\pnp.c:372) USBH_OpenConfiguration: SelectConfig succeeded (PipeHandle=FFFFCF9938330C90 wTotalLength=25)
[   17.827068] (\drivers\usb\usbhub\usbhub.c:3689) USBD_RegisterRootHubCallBack: HubExtension - FFFFCF99382167D0
[   17.834094] (\drivers\usb\usbport\iface.c:1283) USBHI_RootHubInitNotification: stored callback FFFFA6176DD415A4 ctx=FFFFCF99382167D0 seq=1 caller=FFFFA6176DD4168C
[   17.848584] (\drivers\usb\usbhub\usbhub.c:3705) USBD_RegisterRootHubCallBack: RootHubInitNotification -> 0x00000000
[   17.848586] (\drivers\usb\usbhub\usbhub.c:3137) USBH_SubmitStatusChangeTransfer: HubExtension - FFFFCF99382167D0, SCEIrp - FFFFCF993825F010
[   17.859045] (\drivers\usb\usbhub\pnp.c:1190) USBH_FdoQueryBusRelations: NumberPorts - 3
[   17.871519] (\drivers\usb\usbhub\usbhub.c:3137) USBH_SubmitStatusChangeTransfer: HubExtension - FFFFCF99382167D0, SCEIrp - FFFFCF993825F010
[   18.158120] (\drivers\usb\usbhub\usbhub.c:3137) USBH_SubmitStatusChangeTransfer: HubExtension - FFFFCF99382167D0, SCEIrp - FFFFCF993825F010
[   18.182023] (\drivers\usb\usbhub\usbhub.c:5701) USBH_CreateDevice: Port - 3, UsbPortStatus - 0x1103
[   18.188232] (\drivers\usb\usbhub\usbhub.c:5737) USBH_CreateDevice: PortDevice - FFFFCF9938393070, <\Device\USBPDO-4>
[   18.198678] (\drivers\usb\usbhub\usbhub.c:5739) USBH_CreateDevice: PortExtension - FFFFCF99383931C0
[   18.367957] (\drivers\usb\usbhub\usbhub.c:3137) USBH_SubmitStatusChangeTransfer: HubExtension - FFFFCF99382167D0, SCEIrp - FFFFCF993825F010
[   18.392041] (\drivers\usb\usbxhci\usbxhci.c:5018) usbxhci: ResetDeviceOnPort: RESET_DEV succeeded for slot 1 on port 3, now in Default state
[   18.415868] (\drivers\usb\usbhub\usbhub.c:5611) USBH: announcing usb 2-3 port 3 (VID=0781 PID=5591)
[   18.422023] (\drivers\usb\usbhub\usbhub.c:5634) usb 2-3: new super-speed USB device on port 3
[   18.430525] (\drivers\usb\usbhub\usbhub.c:5642) usb 2-3: New USB device found, idVendor=0781, idProduct=5591, bcdDevice=01.00
[   18.441805] (\drivers\usb\usbhub\usbhub.c:5649) usb 2-3: New USB device strings: Mfr=1, Product=2, SerialNumber=3
[   18.454008] (\drivers\usb\usbhub\usbhub.c:5655) usb 2-3: Product:  SanDisk 3.2Gen1
[   18.459592] (\drivers\usb\usbhub\usbhub.c:5660) usb 2-3: Manufacturer:  USB
[   18.466538] (\drivers\usb\usbhub\usbhub.c:5675) usb 2-3: SerialNumber: 01016e01ffd6f47ad7a9a904dc54438de8ee4ed362c463e23b37a4d9b83f12b6b3e3000000000000000000004ca60268000d5400915581077b32dc12
[   18.483884] (\drivers\usb\usbhub\usbhub.c:1267) USBH_GetConfigurationDescriptor: NTSTATUS=0x00000000 wTotalLength=44 FirstBytes=09 02 2c 00 01 01
[   18.497704] (\ntoskrnl\io\pnpmgr\pnpmgr.c:164) CDDB: set Driver='{36FC9E60-C465-11CF-8056-444553540000}\0005' for critical device (0x00000000)
[   18.556145] (\ntoskrnl\io\pnpmgr\pnpmgr.c:164) CDDB: set Driver='{4D36E967-E325-11CE-BFC1-08002BE10318}\0001' for critical device (0x00000000)
[   18.566492] (\drivers\usb\usbstor\disk.c:143) SRB_FUNCTION_CLAIM_DEVICE
[   18.662147] (\ntoskrnl\io\pnpmgr\pnpmgr.c:164) CDDB: set Driver='{a0a588a4-c46f-4b37-b7ea-c82fe89870c6}\0000' for critical device (0x00000000)
[   18.672318] (\drivers\bus\sd\sdbus.c:57) SdBusAddDevice: PhysicalDeviceObject FFFFCF993829DC70
[   18.680634] (\drivers\bus\sd\sdbus.c:133) SdBusAddDevice: FDO FFFFCF9938294BA0 attached to FFFFCF993829DC70
[   18.690952] (\drivers\bus\sd\fdo.c:630) SDHCI: Memory resource at 0x1000fff000 length 0x260
[   18.698671] (\drivers\bus\sd\fdo.c:646) SDHCI: Interrupt vector 305 level 6
[   18.706312] (\drivers\bus\sd\fdo.c:283) SdBusInitializeController: RegisterBase FFFFA6176C855000
[   18.714377] (\drivers\bus\sd\fdo.c:303) SDHCI: Version 1.02, Caps 0x15e2c832, Caps2 0x8000a577, BaseClock 200000 kHz
[   18.732841] (\drivers\bus\sd\fdo.c:537) SDHCI: SDMA buffer at VA=FFFFA6176C815000 PA=0x00d5c000 (262144 bytes)
[   18.741212] (\ntoskrnl\io\pnpmgr\pnpmgr.c:164) CDDB: set Driver='{a0a588a4-c46f-4b37-b7ea-c82fe89870c6}\0001' for critical device (0x00000000)
[   18.752977] (\drivers\bus\sd\sdbus.c:57) SdBusAddDevice: PhysicalDeviceObject FFFFCF993829D870
[   18.761308] (\drivers\bus\sd\sdbus.c:133) SdBusAddDevice: FDO FFFFCF9938293BA0 attached to FFFFCF993829D870
[   18.771615] (\drivers\bus\sd\fdo.c:630) SDHCI: Memory resource at 0x1001100000 length 0x260
[   18.779346] (\drivers\bus\sd\fdo.c:646) SDHCI: Interrupt vector 306 level 7
[   18.786983] (\drivers\bus\sd\fdo.c:283) SdBusInitializeController: RegisterBase FFFFA6176C80B000
[   18.795053] (\drivers\bus\sd\fdo.c:303) SDHCI: Version 1.02, Caps 0x55e6c832, Caps2 0x8000a527, BaseClock 200000 kHz
[   18.816337] (\drivers\bus\sd\fdo.c:537) SDHCI: SDMA buffer at VA=FFFFA6176C7CB000 PA=0x00da5000 (262144 bytes)
[   18.835558] (\drivers\bus\sd\enum.c:945) SdBusEnumerateCard: CMD8 not supported (SD v1.x, MMC, or SDIO)
[   18.842346] (\drivers\bus\sd\enum.c:966) SdBusEnumerateCard: CMD5 detected SDIO funcs=3 memory=0 OCR=0x30ffff00
[   18.852413] (\drivers\bus\sd\enum.c:1005) SdBusEnumerateCard: SDIO card ready, OCR=0xb0ffff00 funcs=3
[   18.861602] (\drivers\bus\sd\enum.c:1291) SdBusEnumerateCard: RCA = 0x0001
[   18.870820] (\drivers\bus\sd\sdio.c:525) SdBusSdioEnumerateFunctions: CCCR rev=0x43 spec=0x03 cap=0x02 bus_if=0x40 uhs=0x07 CIS=0x0010AC NumFuncs=3
[   18.884953] (\drivers\bus\sd\sdio.c:532) SdBusSdioEnumerateFunctions: Common CIS VID=0x02D0 DID=0x4345 class=0x0C
[   18.892603] (\drivers\bus\sd\sdio.c:556) SdBusSdioEnumerateFunctions: SDIO 4-bit bus enabled
[   18.901311] (\drivers\bus\sd\sdio.c:568) SdBusSdioEnumerateFunctions: SDIO high-speed enabled
[   18.914350] (\drivers\bus\sd\sdio.c:632) SdBusSdioEnumerateFunctions: func 1 std=0x00 ext=0x00 class=0x0C CIS=0x001000 VID=0x02D0 DID=0x4345
[   18.924085] (\drivers\bus\sd\sdio.c:468) SdBusCreateSdioFunctionPdo: func=1 VID=02D0 DID=4345 class=12 PDO=FFFFCF9938291070
[   18.940276] (\drivers\bus\sd\sdio.c:632) SdBusSdioEnumerateFunctions: func 2 std=0x00 ext=0x00 class=0x0C CIS=0x001038 VID=0x02D0 DID=0x4345
[   18.950007] (\drivers\bus\sd\sdio.c:468) SdBusCreateSdioFunctionPdo: func=2 VID=02D0 DID=4345 class=12 PDO=FFFFCF9938291AF0
[   18.966799] (\drivers\bus\sd\sdio.c:632) SdBusSdioEnumerateFunctions: func 3 std=0x02 ext=0x00 class=0x02 CIS=0x001070 VID=0x02D0 DID=0x4345
[   18.976518] (\drivers\bus\sd\sdio.c:468) SdBusCreateSdioFunctionPdo: func=3 VID=02D0 DID=4345 class=2 PDO=FFFFCF99381CD070
[   18.987530] (\drivers\bus\sd\enum.c:1569) SdBusEnumerateCard: Enumeration complete, CardType=5, HighCapacity=0, TotalSectors=0
[   18.998896] (\drivers\bus\sd\enum.c:1604) SdBusProgramClock: Setting transfer clock to 50000 kHz
[   19.572292] (\ntoskrnl\mm\ARM3\sysldr.c:170) Loading: \SystemRoot\system32\drivers\rpi5vc4.sys at FFFFA6176C7AE000 with 14 pages
[   19.693579] (\ntoskrnl\mm\ARM3\sysldr.c:170) Loading: \SystemRoot\system32\drivers\dxgkrnl.sys at FFFFA6176C77C000 with 32 pages
[   20.066158] (\drivers\directx\dxgkrnl\adapter.c:3376) DXGKRNL: ERROR: DxgkAdapterStart: NO translated resources! (PDO=FFFFCF99383A0900 DOD=0)
[   20.107773] RPI5VC4: HVS IOMMU CTRL=00000000 (enable=0 bypass=0) PT=00000000 MISC=80003ffc DBG=20804774
[   20.114281] RPI5VC4: HVS IOMMU ADDR_CAP=00000fff (disabled, cap=1048320 MB) BYPASS=[00000000..00000fff] ILLEGAL=00000000
[   20.127481] (\drivers\directx\rpi5vc4\rpi5vc4.c:447) RPI5VC4: VideoCore firmware revision 0x69372732
[   20.138895] (\drivers\directx\rpi5vc4\rpi5vc4.c:460) RPI5VC4: V3D clock at 960 MHz
[   20.150915] (\drivers\directx\rpi5vc4\rpi5vc4_v3d.c:390) RPI5VC4: timer resolution granted 10000
[   20.156818] (\drivers\directx\rpi5vc4\rpi5vc4_v3d.c:394) RPI5VC4: init ERR_STAT after clear=00001000
[   20.165927] (\drivers\directx\rpi5vc4\rpi5vc4_v3d.c:404) RPI5VC4: V3D 7.1 online — hub 0x42554856/0x00081117 core 0x07443356, slab GPU VA 0x01000000 (65536 KB)
[   20.180335] (\drivers\directx\rpi5vc4\rpi5vc4_v3d.c:583) RPI5VC4: V3D interrupt connected (INTID 282)
[   20.192337] RPI5VC4: LPTRS@0x110=000002a0 head=672 ctl0=600cc007 ptr1=3f400000 valid=1 match=1
[   20.198116] RPI5VC4: LPTRS@0x03c=ffffffff head=4095 (skip)
[   20.203583] RPI5VC4: takeover OK reg=0x110 head=672 fb=00:3f400000 cursor=0 start=0 count=10
[   20.212490] RPI5VC4: LPTRS@0x110=000002a0 head=672 ctl0=490cc007 ptr1=3f400000 valid=1 match=1
[   20.220584] RPI5VC4: LPTRS@0x03c=ffffffff head=4095 (skip)
[   20.226053] RPI5VC4: takeover OK reg=0x110 head=672 fb=00:3f400000 cursor=0 start=9 count=10
[   20.234467] RPI5VC4: LPTRS@0x110=000002a0 head=672 ctl0=490cc007 ptr1=3f400000 valid=1 match=1
[   20.243057] RPI5VC4: LPTRS@0x03c=ffffffff head=4095 (skip)
[   20.248522] RPI5VC4: takeover OK reg=0x110 head=672 fb=00:3f400000 cursor=0 start=9 count=10
[   20.275012] (\ntoskrnl\mm\ARM3\sysldr.c:170) Loading: \SystemRoot\system32\drivers\softgpu.sys at FFFFA61766B75000 with 8 pages
[   20.426433] (\drivers\directx\dxgkrnl\adapter.c:3376) DXGKRNL: ERROR: DxgkAdapterStart: NO translated resources! (PDO=FFFFCF99383A06E0 DOD=0)
[   20.436348] (\drivers\directx\softgpu\softgpu.c:370) SOFTGPU: no acquirable boot framebuffer -- declining (none exists, or a real GPU miniport owns the display)
[   20.450554] (\drivers\directx\dxgkrnl\adapter.c:3613) DXGKRNL: ERROR: DxgkAdapterStart: DxgkDdiStartDevice failed 0xC0000182 (IRQs fired during start=0, vec=0 msgbased=0)
[   20.465744] (\ntoskrnl\io\pnpmgr\pnproot.c:1373) IRP_MJ_PNP / Unknown minor function 0x1
[   20.473812] (\ntoskrnl\io\pnpmgr\devaction.c:1936) Removal vetoed by Root\SOFTGPU\0000
[   20.481701] (\ntoskrnl\io\pnpmgr\devaction.c:2057) Removal vetoed by failing the query remove request
[   20.490897] (\ntoskrnl\io\pnpmgr\pnproot.c:1373) IRP_MJ_PNP / Unknown minor function 0x3
[   20.585410] (\ntoskrnl\mm\ARM3\sysldr.c:170) Loading: \SystemRoot\system32\drivers\hidusb.sys at FFFFA61765B6C000 with 9 pages
[   20.689396] (\ntoskrnl\mm\ARM3\sysldr.c:170) Loading: \SystemRoot\system32\drivers\hidclass.sys at FFFFA61765B5E000 with e pages
[   20.727166] (\ntoskrnl\mm\ARM3\sysldr.c:170) Loading: \SystemRoot\system32\drivers\hidparse.sys at FFFFA61765B52000 with c pages
[   20.955625] (\drivers\hid\hidusb\hidusb.c:1957) Status 0
[   20.968954] (\ntoskrnl\io\pnpmgr\pnpmgr.c:164) CDDB: set Driver='{4D36E96F-E325-11CE-BFC1-08002BE10318}\0000' for critical device (0x00000000)
[   21.059312] (\ntoskrnl\mm\ARM3\sysldr.c:170) Loading: \SystemRoot\system32\drivers\mouhid.sys at FFFFA61765B42000 with 8 pages
[   21.275630] (\ntoskrnl\mm\ARM3\sysldr.c:170) Loading: \SystemRoot\system32\drivers\mouclass.sys at FFFFA61765B38000 with a pages
[   21.540777] (\ntoskrnl\mm\ARM3\sysldr.c:170) Loading: \SystemRoot\system32\drivers\fs_rec.sys at FFFFA61765B2E000 with a pages
[   21.676184] (\ntoskrnl\mm\ARM3\sysldr.c:170) Loading: \SystemRoot\system32\drivers\null.sys at FFFFA61765B26000 with 8 pages
[   21.942071] (\ntoskrnl\mm\ARM3\sysldr.c:170) Loading: \SystemRoot\system32\drivers\beep.sys at FFFFA61765B1F000 with 7 pages
[   22.086529] (\ntoskrnl\mm\ARM3\sysldr.c:170) Loading: \SystemRoot\system32\drivers\i8042prt.sys at FFFFA61765B0E000 with 11 pages
[   22.334590] (\ntoskrnl\wmi\smbios.c:172) Could not find the SMBIOS entry point
[   22.338931] (\ntoskrnl\wmi\smbios.c:233) WmipGetRawSMBiosTableData failed: 0xc0000225
[   22.346738] (\drivers\input\i8042prt\hwhacks.c:208) IoWMIOpenBlock failed: 0xc0000225
[   22.364691] (\ntoskrnl\mm\ARM3\sysldr.c:170) Loading: \SystemRoot\system32\drivers\kbdclass.sys at FFFFA61765B03000 with b pages
[   22.737190] (\ntoskrnl\mm\ARM3\sysldr.c:170) Loading: \SystemRoot\system32\drivers\dxgmms1.sys at FFFFA61765AF1000 with 12 pages
[   22.990217] (\drivers\directx\dxgmms1\dxgmms1.c:62) DXGMMS1: DriverEntry: DirectX GPU Memory Manager and Scheduler loading
[   22.998367] (\drivers\directx\dxgmms1\dxgmms1.c:69) DXGMMS1: DriverEntry: dxgmms1 loaded successfully
[   23.132730] (\ntoskrnl\mm\ARM3\sysldr.c:170) Loading: \SystemRoot\system32\drivers\blue.sys at FFFFA61765AE7000 with a pages
[   23.387316] (\ntoskrnl\mm\ARM3\sysldr.c:170) Loading: \SystemRoot\system32\drivers\viogpudo.sys at FFFFA61765AC9000 with 1e pages
[   23.651787] (\ntoskrnl\mm\ARM3\sysldr.c:170) Loading: \SystemRoot\system32\drivers\msfs.sys at FFFFA61765AC2000 with 7 pages
[   23.798982] (\ntoskrnl\mm\ARM3\sysldr.c:170) Loading: \SystemRoot\system32\drivers\npfs.sys at FFFFA61765AAD000 with 15 pages
[   24.048109] (\ntoskrnl\mm\ARM3\sysldr.c:170) Loading: \SystemRoot\system32\drivers\nwifi.sys at FFFFA61765A9C000 with 11 pages
[   24.199630] (\drivers\network\nwifi\nwifi.c:197) NWIFI: DriverEntry
[   24.203059] (\drivers\network\nwifi\control.c:633) NWIFI: control device \Device\Nwifi created
[   24.211601] (\drivers\network\nwifi\nwifi.c:239) NWIFI: DriverEntry succeeded
[   24.240045] (\ntoskrnl\mm\ARM3\sysldr.c:170) Loading: \SystemRoot\system32\drivers\afd.sys at FFFFA61765A82000 with 1a pages
[   24.485028] (\ntoskrnl\mm\ARM3\sysldr.c:170) Loading: \SystemRoot\system32\drivers\netio.sys at FFFFA61765A74000 with e pages
[   24.630185] (\ntoskrnl\io\pnpmgr\pnproot.c:1373) IRP_MJ_PNP / Unknown minor function 0x1
[   24.635395] (\ntoskrnl\io\pnpmgr\devaction.c:1936) Removal vetoed by Root\SOFTGPU\0000
[   24.643287] (\ntoskrnl\io\pnpmgr\devaction.c:2057) Removal vetoed by failing the query remove request
[   24.652481] (\ntoskrnl\io\pnpmgr\pnproot.c:1373) IRP_MJ_PNP / Unknown minor function 0x3
KDB: Executing KDBinit file...
KDB: KDBinit executed
[   24.665334] (\ntoskrnl\io\iomgr\driver.c:309) Deleting driver object '\Driver\KdDriver'
[   24.829485] WARNING:  RtlCreateTagHeap at \sdk\lib\rtl\heap.c:4043 is UNIMPLEMENTED!
[   25.191194] (\base\system\smss\pagefile.c:969) SMSS:PFILE: Volume `\??\C:\' (121) cannot store a paging file
[   25.335971] (\base\system\smss\pagefile.c:969) SMSS:PFILE: Volume `\??\D:\' (121) cannot store a paging file
[   25.458075] (\base\system\smss\pagefile.c:930) SMSS:PFILE: Open volume `\??\E:\' failed with status C000014F
[   25.579178] (\base\system\smss\pagefile.c:930) SMSS:PFILE: Open volume `\??\F:\' failed with status C000014F
[   25.586119] (\base\system\smss\pagefile.c:1048) SMSS:PFILE: No paging-file-capable volumes found
[   25.594885] (\ntoskrnl\config\cmsysini.c:1214) CmpGetRegistryPath: ConfigPath = '\SystemRoot\System32\Config\'
[   25.604896] (\ntoskrnl\config\cmsysini.c:1214) CmpGetRegistryPath: ConfigPath = '\SystemRoot\System32\Config\'
[   25.605043] (\ntoskrnl\config\cmsysini.c:1214) CmpGetRegistryPath: ConfigPath = '\SystemRoot\System32\Config\'
[   25.604955] (\ntoskrnl\config\cmsysini.c:1214) CmpGetRegistryPath: ConfigPath = '\SystemRoot\System32\Config\'
[   25.604924] (\ntoskrnl\config\cmsysini.c:1214) CmpGetRegistryPath: ConfigPath = '\SystemRoot\System32\Config\'
[   25.614845] (\ntoskrnl\config\cmsysini.c:1214) CmpGetRegistryPath: ConfigPath = '\SystemRoot\System32\Config\'
[   25.644812] (\ntoskrnl\config\cmsysini.c:1214) CmpGetRegistryPath: ConfigPath = '\SystemRoot\System32\Config\'
[   25.963959] (\ntoskrnl\mm\ARM3\session.c:846) Session 0 is ready to go: 0xFFFFF97FFF010000 0xFFFFA61765A21000, 2221 0x0000000000000000
[   26.107819] (\ntoskrnl\mm\ARM3\sysldr.c:170) Loading: \SystemRoot\System32\win32k.sys at FFFFA61765897000 with 17a pages
[   26.283269] (\ntoskrnl\mm\ARM3\sysldr.c:170) Loading: \SystemRoot\System32\ftfd.dll at FFFFA617657F5000 with a2 pages
[   26.917524] (\win32ss\gdi\ntgdi\d3dkmt.c:183) DxStartupDxgkInt: Entry
[   26.921120] (\win32ss\reactx\ntddraw\ddraw.c:57) Warning: trying loading xp/2003/windows7/reactos dxg.sys
[   27.063039] (\ntoskrnl\mm\ARM3\sysldr.c:170) Loading: \SystemRoot\System32\drivers\dxg.sys at FFFFA617657D7000 with b pages
[   27.209827] (\ntoskrnl\mm\ARM3\sysldr.c:170) Loading: \SystemRoot\System32\drivers\dxgthk.sys at FFFFA61765A1C000 with 5 pages
[   27.438558] (\win32ss\reactx\ntddraw\ddraw.c:112) DirectX interface is activated
[   28.054704] (\win32ss\user\ntuser\winsta.c:243) err: Invalid window station handle
[   28.059451] (\win32ss\user\ntuser\clipboard.c:31) err: Cannot open winsta
[   28.226773] (\win32ss\user\ntuser\class.c:2396) err: SYSTEMCUR(ARROW) == NULL, should not happen!!
[   28.226781] (\win32ss\user\ntuser\keyboard.c:221) err: NtDeviceIoControlFile() failed, ignored
[   28.232851] (\win32ss\user\ntuser\class.c:2396) err: SYSTEMCUR(ARROW) == NULL, should not happen!!
[   28.250373] (\win32ss\user\ntuser\class.c:2396) err: SYSTEMCUR(ARROW) == NULL, should not happen!!
[   28.259309] (\win32ss\user\ntuser\class.c:2396) err: SYSTEMCUR(ARROW) == NULL, should not happen!!
[   28.268247] (\win32ss\user\ntuser\class.c:2396) err: SYSTEMCUR(ARROW) == NULL, should not happen!!
[   28.277182] (\win32ss\user\ntuser\class.c:2396) err: SYSTEMCUR(ARROW) == NULL, should not happen!!
[   28.289703] (\win32ss\user\ntuser\desktop.c:3395) err: The process 0xFFFFCF9938010B30 'winlogon.exe' didn't have an assigned startup desktop before, assigning it now!
[   28.301717] (\win32ss\user\ntuser\desktop.c:3333) err: Attempted to change thread desktop although the thread has windows!
[   28.312854] (\win32ss\user\winsrv\usersrv\init.c:171) We are logged off
[   28.368831] (\ntoskrnl\mm\ARM3\sysldr.c:170) Loading: \SystemRoot\System32\kbdus.dll at FFFFA61765799000 with 5 pages
[   29.057658] (\base\system\services\services.c:64) CheckSetup()
[   29.060751] (\base\system\services\services.c:108) Running on LiveCD
[   29.066953] (\base\system\services\services.c:130) ReactOS Setup currently in progress!
[   29.353323] WARNING:  HvHiveWillShrink at \sdk\lib\cmlib\hivewrt.c:584 is UNIMPLEMENTED!
[   29.796346] (\win32ss\gdi\eng\mouse.c:811) Failed to lock the DC.
[   29.821662] fixme:(\dll\win32\rpcrt4\rpc_server.c:1736) (0x1000): stub
[   29.840693] (\base\system\services\services.c:185) ScmLogEvent: RegisterEventSourceW failed 1722
[   29.848654] WARNING:  getMacAddress at \base\services\dcomlaunch\network.c:32 is UNIMPLEMENTED!
[   29.855271] (\base\services\dcomlaunch\network.c:136) Failed finding a proper MAC address, will generate seed
[   29.868045] (\base\system\services\services.c:185) ScmLogEvent: RegisterEventSourceW failed 1722
[   29.907482] (\ntoskrnl\mm\ARM3\sysldr.c:170) Loading: \SystemRoot\System32\cdd.dll at FFFFA6176568B000 with 9 pages
[   29.976508] (\ntoskrnl\mm\ARM3\sysldr.c:170) Loading: \SystemRoot\System32\framebuf.dll at FFFFA6176568B000 with 9 pages
[   30.360263] (\ntoskrnl\mm\ARM3\sysldr.c:170) Loading: \SystemRoot\System32\cdd.dll at FFFFA6176568B000 with 9 pages
[   30.369889] (\win32ss\reactx\ntddraw\dxeng.c:286) ReactX Calling : DxEngGetHdevData, Type: 12
[   30.376314] (\win32ss\reactx\ntddraw\dxeng.c:289) hDev: FFFF8B0A7DADA900
[   30.382998] (\win32ss\reactx\ntddraw\dxeng.c:343) requested DxEGShDevData_display
[   30.390456] (\win32ss\reactx\ntddraw\dxeng.c:376) retVal: 00000001
[   30.396618] (\win32ss\reactx\ntddraw\dxeng.c:286) ReactX Calling : DxEngGetHdevData, Type: 7
[   30.405032] (\win32ss\reactx\ntddraw\dxeng.c:289) hDev: FFFF8B0A7DADA900
[   30.411714] (\win32ss\reactx\ntddraw\dxeng.c:323) requested DxEGShDevData_eddg
[   30.418914] (\win32ss\reactx\ntddraw\dxeng.c:376) retVal: ffff8b0a7dadb010
[   30.425770] (\win32ss\reactx\ntddraw\dxeng.c:286) ReactX Calling : DxEngGetHdevData, Type: 6
[   30.434184] (\win32ss\reactx\ntddraw\dxeng.c:289) hDev: FFFF8B0A7DADA900
[   30.440867] (\win32ss\reactx\ntddraw\dxeng.c:319) requested DxEGShDevData_dhpdev
[   30.448239] (\win32ss\reactx\ntddraw\dxeng.c:376) retVal: ffff8b0a7dad83b0
[   30.455096] (\win32ss\reactx\ntddraw\dxeng.c:534) ReactX Calling : DxEngLockHdev
[   30.462468] (\win32ss\reactx\ntddraw\dxeng.c:536) hDev: FFFF8B0A7DADA900
[   30.469151] (\win32ss\reactx\ntddraw\dxeng.c:286) ReactX Calling : DxEngGetHdevData, Type: 5
[   30.469218] RPI5VC4: present #1 moves=0 dirty=1 flip=0 idx=0 scan=3f400000
[   30.477565] (\win32ss\reactx\ntddraw\dxeng.c:289) hDev: FFFF8B0A7DADA900
[   30.491103] (\win32ss\reactx\ntddraw\dxeng.c:315) requested DxEGShDevData_DrvFuncs
[   30.498649] (\win32ss\reactx\ntddraw\dxeng.c:376) retVal: ffff8b0a7dadac68
[   30.505505] (\win32ss\reactx\ntddraw\dxeng.c:571) ReactX Calling : DxEngUnlockHdev
[   30.509954] RPI5VC4: flip ring: 3 x 8100 KB at 00:441db000
[   30.523683] RPI5VC4: LPTRS@0x110=000002a0 head=672 ctl0=490cc007 ptr1=3f400000 valid=1 match=1
[   30.529410] RPI5VC4: LPTRS@0x03c=ffffffff head=4095 (skip)
[   30.534874] RPI5VC4: flip OK head=672 -> 00:441db000
[   30.543695] err:(\win32ss\user\user32\windows\cursoricon.c:274) Loading System Cursors
[   30.799606] RPI5VC4: present #2 moves=0 dirty=1 flip=3 idx=0 scan=441db000
[   30.808376] RPI5VC4: LPTRS@0x110=000002a0 head=672 ctl0=490cc007 ptr1=441db000 valid=1 match=1
[   30.814105] RPI5VC4: LPTRS@0x03c=ffffffff head=4095 (skip)
[   30.819569] RPI5VC4: flip OK head=672 -> 00:449c4000
[   30.829991] err:(\win32ss\user\user32\misc\dllmain.c:668) hIconSmWindows 000000000002006E hIconWindows 000000000002006C 
[   30.838048] (\win32ss\user\ntuser\callback.c:1149) err: hIconSmWindows 000000000002006E hIconWindows 000000000002006C 
[   30.849262] (\win32ss\user\ntuser\desktop.c:3333) err: Attempted to change thread desktop although the thread has windows!
[   30.851335] err:(\dll\win32\lsasrv\lsarpc.c:1452) LsapOpenDbObject(Accounts/S-1-5-6) failed (Status 0xc0000034)
[   30.854225] fixme:(\dll\win32\rpcrt4\rpc_server.c:1736) (0x1000): stub
[   30.879468] RPI5VC4: present #3 moves=0 dirty=1 flip=3 idx=1 scan=449c4000
[   30.898094] RPI5VC4: LPTRS@0x110=000002a0 head=672 ctl0=490cc007 ptr1=449c4000 valid=1 match=1
[   30.903821] RPI5VC4: LPTRS@0x03c=ffffffff head=4095 (skip)
[   30.909285] RPI5VC4: flip OK head=672 -> 00:451ad000
[   31.165595] RPI5VC4: present #4 moves=0 dirty=1 flip=3 idx=2 scan=451ad000
[   31.174386] RPI5VC4: LPTRS@0x110=000002a0 head=672 ctl0=490cc007 ptr1=451ad000 valid=1 match=1
[   31.180114] RPI5VC4: LPTRS@0x03c=ffffffff head=4095 (skip)
[   31.185577] RPI5VC4: flip OK head=672 -> 00:441db000
[   31.394190] RPI5VC4: present #64 moves=0 dirty=1 flip=3 idx=0 scan=441db000
[   31.399019] RPI5VC4: LPTRS@0x110=000002a0 head=672 ctl0=490cc007 ptr1=441db000 valid=1 match=1
[   31.406859] RPI5VC4: LPTRS@0x03c=ffffffff head=4095 (skip)
[   31.412331] RPI5VC4: takeover OK reg=0x110 head=672 fb=00:441db000 cursor=1 start=9 count=19
[   31.555664] err:(\win32ss\user\user32\windows\window.c:496) CreateWindowExW RegisterSystemControls
[   31.661172] RPI5VC4: present #128 moves=0 dirty=1 flip=3 idx=0 scan=441db000
[   31.670243] RPI5VC4: LPTRS@0x110=000002a0 head=672 ctl0=490cc007 ptr1=441db000 valid=1 match=1
[   31.675972] RPI5VC4: flip OK head=672 -> 00:449c4000
[   31.745964] (\win32ss\user\ntuser\desktop.c:1370) err: ptiLastInput is CLEARED!!
[   31.746146] (\ntoskrnl\config\cmcontrl.c:269) CmpSaveBootControlSet(1)
[   31.751386] RPI5VC4: LPTRS@0x110=000002a0 head=672 ctl0=490cc007 ptr1=449c4000 valid=1 match=1
[   31.765718] RPI5VC4: takeover OK reg=0x110 head=672 fb=00:449c4000 cursor=0 start=9 count=10
[   31.774049] RPI5VC4: LPTRS@0x110=000002a0 head=672 ctl0=490cc007 ptr1=449c4000 valid=1 match=1
[   31.782599] RPI5VC4: takeover OK reg=0x110 head=672 fb=00:449c4000 cursor=1 start=9 count=19
[   31.791078] (\win32ss\user\ntuser\desktop.c:3333) err: Attempted to change thread desktop although the thread has windows!
[   31.809168] RPI5VC4: LPTRS@0x110=000002a0 head=672 ctl0=490cc007 ptr1=449c4000 valid=1 match=1
[   31.814899] RPI5VC4: flip OK head=672 -> 00:451ad000
[   31.827502] RPI5VC4: present #192 moves=0 dirty=1 flip=3 idx=2 scan=451ad000
[   32.346309] V3DSMOKE: rpi5vc4 V3dReady=1 ver=71 slab=64MB gpuva=0x01000000
[   32.350318] (\drivers\directx\dxgkrnl\d3dkmt.c:3488) D3DKMT CREATEALLOC #1 enter
[   32.356698] RPI5VC4: present #256 moves=0 dirty=1 flip=3 idx=0 scan=441db000
[   32.357691] (\drivers\directx\dxgkrnl\d3dkmt.c:3491) D3DKMT CREATEALLOC #1 exit 0x00000000
[   32.372997] (\drivers\directx\dxgkrnl\d3dkmt.c:3524) D3DKMT LOCK #1 enter hAlloc=0x4d4d414d
[   32.381712] (\drivers\directx\dxgkrnl\vidmm.c:3077) VidMm usermap #1 h=0x4D4D414D va=0000000040520000 resident=1 seg=1 pa=401db000 cache=2
[   32.393688] (\drivers\directx\dxgkrnl\d3dkmt.c:3570) D3DKMT LOCK #1 exit va=0000000040520000
[   32.402168] (\drivers\directx\dxgkrnl\vidsch.c:385) VidSch kick #1 fence=1 node=0 size=64
[   32.410259] (\drivers\directx\rpi5vc4\rpi5vc4_wddm.c:1944) RPI5VC4: submit queued fence=1 node=0 bcl=00000000..00000000
[   32.421020] (\drivers\directx\rpi5vc4\rpi5vc4_wddm.c:304) RPI5VC4: V3D job fence=1 EMPTY ranges bcl=00000000..00000000 rcl=01000000..01000000 qts=00000000 — completing without kick
[   32.426839] (\dll\win32\syssetup\wizard.c:1482) Applying visual theme '(Classic)'
[   32.437246] (\drivers\directx\rpi5vc4\rpi5vc4_wddm.c:776) RPI5VC4: report #1 fence=1 node=0
[   32.453035] (\drivers\directx\dxgkrnl\vidsch.c:213) VidSch comp #1 done=1 state=0 pending=0
[   32.462493] V3DSMOKE: alloc-relative submit status=0x00000000
[   32.462647] err:(\base\services\wkssvc\wkssvc.c:82) ServiceInit()
[   32.467112] (\drivers\directx\dxgkrnl\d3dkmt.c:3488) D3DKMT CREATEALLOC #2 enter
[   32.480546] (\drivers\directx\dxgkrnl\d3dkmt.c:3491) D3DKMT CREATEALLOC #2 exit 0x00000000
[   32.585320] (\base\system\services\database.c:1836) Service V3dProbe exited without connecting the control pipe
[   32.592528] (\base\system\services\database.c:2107) Connecting control pipe failed! (Error 1053)
[   32.601292] (\base\system\services\database.c:753) ScmRemoveServiceImage() called
[   32.826712] err:(\base\services\wkssvc\rpcserver.c:61) RpcServerListen() failed (Status 6b1)
[   32.853706] fixme:(\win32ss\printing\providers\localspl\monitors.c:265) InitializePrintMonitor2 loaded.
[   32.858402] fixme:(\base\services\browser\browser.c:144) ServiceMain(1 0000000040129C70)
[   32.860218] fixme:(\win32ss\printing\providers\localspl\monitors.c:304) InitializePrintMonitorList Handle 00000000401366F0
[   32.868936] err:(\base\services\browser\rpcserver.c:42) RpcServerListen() failed (Status 6b1)
[   33.433549] fixme:(\win32ss\printing\providers\localspl\forms.c:234) InitializeFormList
[   33.439318] fixme:(\win32ss\printing\providers\localspl\printerdrivers.c:788) LocalGetPrinterDriverDirectory((null), Windows ARM64, 1, 00000000419FF168, 520, 00000000419FF164)
[   33.528095] fixme:(\win32ss\printing\providers\localspl\printerdrivers.c:832) => L"C:\\ReactOS\\System32\\spool\\drivers\\arm64"
[   33.536779] fixme:(\win32ss\printing\providers\localspl\printerdrivers.c:114) DriverPath : C:\ReactOS\System32\spool\drivers\arm64\3\UniDrv.dll
[   33.538850] err:(\base\services\srvsvc\rpcserver.c:64) RpcServerListen() failed (Status 6b1)
[   33.558265] (\base\services\wuauserv\wuauserv.c:44) WU UpdateServiceStatus(4) called
[   33.573733] (\win32ss\user\ntuser\winpos.c:796) err: FIXME: Parent is Desktop, Min off screen!
[   33.580153] err:(\dll\win32\combase\combase.c:1796) class {56fdf344-fd6d-11d0-958a-006097c9a090} not registered
[   33.589531] err:(\dll\win32\combase\combase.c:1874) no class object {56fdf344-fd6d-11d0-958a-006097c9a090} could be created for context 0x1
[   34.199048] RPI5VC4: present #320 moves=0 dirty=1 flip=3 idx=0 scan=441db000
[   34.203430] RPI5VC4: present #384 moves=0 dirty=1 flip=3 idx=0 scan=441db000
[   34.218717] RPI5VC4: present #448 moves=0 dirty=1 flip=3 idx=1 scan=449c4000
[   34.225323] RPI5VC4: present #512 moves=0 dirty=1 flip=3 idx=1 scan=449c4000
[   34.249061] RPI5VC4: present #576 moves=0 dirty=1 flip=3 idx=2 scan=451ad000
[   34.538862] (\base\services\umpnpmgr\install.c:931) Boot device install: 38 candidate(s), 36 need install
[   34.545548] (\base\services\umpnpmgr\install.c:392) Installing: batch[36 devices]
[   34.558994] (\base\services\umpnpmgr\event.c:103) Removal pending: Root\SOFTGPU\0000
[   34.563864] (\base\services\umpnpmgr\event.c:99) Removal vetoed: Root\SOFTGPU\0000
[   34.571630] (\base\services\umpnpmgr\event.c:103) Removal pending: Root\SOFTGPU\0000
[   34.579132] (\base\services\umpnpmgr\event.c:99) Removal vetoed: Root\SOFTGPU\0000
[   34.649697] RPI5VC4: present #640 moves=0 dirty=1 flip=3 idx=0 scan=441db000
[   34.656419] (\base\services\umpnpmgr\install.c:526) Installing: ACPI\ACPI0004\0
[   34.661170] (\base\services\umpnpmgr\install.c:526) Installing: ACPI\ACPI0004\1
[   34.668453] (\base\services\umpnpmgr\install.c:526) Installing: ACPI\ACPI0007\0
[   34.675740] (\base\services\umpnpmgr\install.c:526) Installing: ACPI\ACPI0007\1
[   34.683028] (\base\services\umpnpmgr\install.c:526) Installing: ACPI\ACPI0007\2
[   34.690315] (\base\services\umpnpmgr\install.c:526) Installing: ACPI\ACPI0007\3
[   34.697604] (\base\services\umpnpmgr\install.c:526) Installing: ACPI\AMZN0001\1
[   34.704890] (\base\services\umpnpmgr\install.c:526) Installing: ACPI\ARMH0011\0
[   34.712181] (\base\services\umpnpmgr\install.c:526) Installing: ACPI\BRCM5D12\0
[   34.719466] (\base\services\umpnpmgr\install.c:526) Installing: ACPI\BRCM5D12\1
[   34.726755] (\base\services\umpnpmgr\install.c:526) Installing: ACPI\FixedButton\2&ccb86d17&FFB0
[   34.735519] (\base\services\umpnpmgr\install.c:526) Installing: ACPI\PNP0A08\1
[   34.742722] (\base\services\umpnpmgr\install.c:526) Installing: ACPI\PNP0D10\0
[   34.749922] (\base\services\umpnpmgr\install.c:526) Installing: ACPI\PNP0D10\1
[   34.757124] (\base\services\umpnpmgr\install.c:526) Installing: ACPI\PRP0001\0
[   34.764323] (\base\services\umpnpmgr\install.c:526) Installing: ACPI_HAL\PNP0C08\0
[   34.771877] (\base\services\umpnpmgr\install.c:526) Installing: DISPLAY\Default_Monitor\4&00000000&0&00
[   34.781242] (\base\services\umpnpmgr\install.c:526) Installing: DISPLAY\Default_Monitor\4&00000001&0&01
[   34.790614] (\base\services\umpnpmgr\install.c:526) Installing: HID\Vid_413c&Pid_301a\5&68ef529e&2&Col0001
[   34.800243] (\base\services\umpnpmgr\install.c:526) Installing: HTREE\ROOT\0
[   34.807272] (\base\services\umpnpmgr\install.c:526) Installing: Root\ACPI_HAL\0000
[   34.814821] (\base\services\umpnpmgr\install.c:526) Installing: SD\VID_0003&PID_FF00\00000000_00000000_B0FEFF00
[   34.824892] (\base\services\umpnpmgr\install.c:526) Installing: SDIO\VEN_02D0&DEV_4345&FUNC_1\00000000_00000000_02D0_4345_FUNC_1
[   34.836426] (\base\services\umpnpmgr\install.c:526) Installing: SDIO\VEN_02D0&DEV_4345&FUNC_2\00000000_00000000_02D0_4345_FUNC_2
[   34.847965] (\base\services\umpnpmgr\install.c:526) Installing: SDIO\VEN_02D0&DEV_4345&FUNC_3\00000000_00000000_02D0_4345_FUNC_3
[   34.859506] (\base\services\umpnpmgr\install.c:526) Installing: STORAGE\Partition\6&3c4bbb55&S00000000_O100000_L2ff00000
[   34.870352] (\base\services\umpnpmgr\install.c:526) Installing: STORAGE\Partition\6&87aea797&S9df3f58f-f8ad-4f63-9de5-0e0a91c4e2a0S_O100000_L10400000
[   34.883713] (\base\services\umpnpmgr\install.c:526) Installing: STORAGE\Partition\6&87aea797&S9df3f58f-f8ad-4f63-9de5-0e0a91c4e2a0S_O10500000_L1000000
[   34.897162] (\base\services\umpnpmgr\install.c:526) Installing: STORAGE\Partition\6&87aea797&S9df3f58f-f8ad-4f63-9de5-0e0a91c4e2a0S_O11500000_L7c0000000
[   34.910780] (\base\services\umpnpmgr\install.c:526) Installing: USB\ROOT_HUB\3&cc8c31f5
[   34.918761] (\base\services\umpnpmgr\install.c:526) Installing: USB\ROOT_HUB\3&d59700b4
[   34.926751] (\base\services\umpnpmgr\install.c:526) Installing: USB\Vid_0781&Pid_5581\0901da96cc5f2a6e98145c166ee0bf8579199debc6f1126c17dcbe55724e3388e11a00000000000000000000897c8cadff082920815581076e327e7a
[   34.926760] (\base\services\umpnpmgr\rpcserver.c:3673) PNP_SetDeviceProblem(000000004012B260 ACPI\ACPI0004\0 28 0x00000001)
[   34.945057] (\base\services\umpnpmgr\install.c:526) Installing: USB\Vid_0781&Pid_5591\01016e01ffd6f47ad7a9a904dc54438de8ee4ed362c463e23b37a4d9b83f12b6b3e3000000000000000000004ca60268000d5400915581077b32dc12
[   34.956202] (\base\services\umpnpmgr\rpcserver.c:277) SetDeviceStatus(ACPI\ACPI0004\0 0x400 0x1c)
[   34.974465] (\base\services\umpnpmgr\install.c:526) Installing: USB\Vid_413c&Pid_301a\4&83bb0d7e&2
[   34.983324] (\ntoskrnl\io\pnpmgr\plugplay.c:983) Set status data is NOT SUPPORTED
[   34.992258] (\base\services\umpnpmgr\install.c:526) Installing: USBSTOR\Disk&Ven__USB____&Prod__SanDisk_3.2Gen1&Rev_1.00\5&955e2bc9&01016e01ffd6f47ad7a9a904dc54438de8ee4ed362c463e23b37a4d9b83f12b6b3e3000000000000000000004ca60268000d5400915581077b32dc12&0
[   35.002777] (\base\services\umpnpmgr\rpcserver.c:3673) PNP_SetDeviceProblem(000000004012B260 ACPI\ACPI0004\1 28 0x00000001)
[   35.022191] (\base\services\umpnpmgr\install.c:526) Installing: USBSTOR\Disk&Ven__USB____&Prod__SanDisk_3.2Gen1&Rev_1.00\5&bb7f1351&0901da96cc5f2a6e98145c166ee0bf8579199debc6f1126c17dcbe55724e3388e11a00000000000000000000897c8cadff082920815581076e327e7a&0
[   35.033308] (\base\services\umpnpmgr\rpcserver.c:277) SetDeviceStatus(ACPI\ACPI0004\1 0x400 0x1c)
[   35.064623] (\ntoskrnl\io\pnpmgr\plugplay.c:983) Set status data is NOT SUPPORTED
[   35.654693] (\base\services\umpnpmgr\rpcserver.c:3673) PNP_SetDeviceProblem(000000004012B260 ACPI\BRCM5D12\0 28 0x00000001)
[   35.662979] (\base\services\umpnpmgr\rpcserver.c:277) SetDeviceStatus(ACPI\BRCM5D12\0 0x400 0x1c)
[   35.671810] (\ntoskrnl\io\pnpmgr\plugplay.c:983) Set status data is NOT SUPPORTED
[   35.680409] (\base\services\umpnpmgr\rpcserver.c:3673) PNP_SetDeviceProblem(000000004012B260 ACPI\BRCM5D12\1 28 0x00000001)
[   35.690383] (\base\services\umpnpmgr\rpcserver.c:277) SetDeviceStatus(ACPI\BRCM5D12\1 0x400 0x1c)
[   35.699226] (\ntoskrnl\io\pnpmgr\plugplay.c:983) Set status data is NOT SUPPORTED
[   35.986568] (\ntoskrnl\io\pnpmgr\devaction.c:2657) NOTE: attempt to start an already started/uninitialized device ACPI\PNP0A08\1
[   36.132591] (\ntoskrnl\io\pnpmgr\devaction.c:2657) NOTE: attempt to start an already started/uninitialized device ACPI\PNP0D10\0
[   36.277366] (\ntoskrnl\io\pnpmgr\devaction.c:2657) NOTE: attempt to start an already started/uninitialized device ACPI\PNP0D10\1
[   36.449583] (\ntoskrnl\mm\ARM3\sysldr.c:170) Loading: \SystemRoot\System32\drivers\rp1gem.sys at FFFFA61763C57000 with c pages
[   36.473454] NDIS6-INIT: NdisAllocateBufferPool -> 0x00000000, handle=0000000000000000
[   36.478403] NDIS6-INIT: NdisAllocatePacketPool -> 0x00000000, handle=FFFFCF9937510000
[   36.486849] NDIS6: InitializeEx → driver (adapter=FFFFCF99375151C0 pdo=FFFFCF993829D070 fdo=FFFFCF9937515070 next=FFFFCF993829D070)
[   36.504148] NDIS6: NdisMRegisterInterruptEx vec=261 irql=12 affinity=0x1 mode=Level share=1
[   36.509619] NDIS6: IoConnectInterrupt -> 0x00000000, KINTERRUPT=FFFFCF9938441690
[   36.517123] NDIS6: adapter FFFFCF99375151C0 MAC 2c:cf:67:dd:90:9a connect=2
[   36.524070] NDIS6: InitializeEx returned 0x00000000 (ctx=FFFFCF993750B000)
[   36.530788] (\drivers\network\nwifi\protocol.c:248) NWIFI: BindAdapterEx '\Device\{d6626b9c-7c67-43fd-9a31-bb338c78920c}'
[   36.541717] (\drivers\network\nwifi\protocol.c:253) NWIFI: skipping non-dot11 medium 0
[   36.686583] (\ntoskrnl\io\pnpmgr\devaction.c:2657) NOTE: attempt to start an already started/uninitialized device ACPI_HAL\PNP0C08\0
[   36.850531] (\ntoskrnl\io\pnpmgr\devaction.c:2657) NOTE: attempt to start an already started/uninitialized device HID\Vid_413c&Pid_301a\5&68ef529e&2&Col0001
[   37.000840] (\ntoskrnl\io\pnpmgr\devaction.c:2657) NOTE: attempt to start an already started/uninitialized device Root\ACPI_HAL\0000
[   37.141266] (\base\services\umpnpmgr\rpcserver.c:3673) PNP_SetDeviceProblem(000000004012B260 SD\VID_0003&PID_FF00\00000000_00000000_B0FEFF00 28 0x00000001)
[   37.152328] (\base\services\umpnpmgr\rpcserver.c:277) SetDeviceStatus(SD\VID_0003&PID_FF00\00000000_00000000_B0FEFF00 0x400 0x1c)
[   37.163935] (\ntoskrnl\io\pnpmgr\plugplay.c:983) Set status data is NOT SUPPORTED
[   37.315967] (\ntoskrnl\mm\ARM3\sysldr.c:170) Loading: \SystemRoot\System32\drivers\cyw43455.sys at FFFFA61763C49000 with e pages
[   37.335932] RPI5VC4: present #704 moves=0 dirty=1 flip=3 idx=0 scan=441db000
[   37.341456] NDIS6-INIT: NdisAllocateBufferPool -> 0x00000000, handle=0000000000000000
[   37.347914] NDIS6-INIT: NdisAllocatePacketPool -> 0x00000000, handle=FFFFCF993859E000
[   37.355744] NDIS6: InitializeEx → driver (adapter=FFFFCF993859D1C0 pdo=FFFFCF9938291070 fdo=FFFFCF993859D070 next=FFFFCF9938291070)
[   37.591919] NDIS6: adapter FFFFCF993859D1C0 MAC b8:27:eb:74:f2:6c connect=2
[   37.596062] NDIS6: InitializeEx returned 0x00000000 (ctx=FFFFCF99385A3000)
[   37.602883] (\drivers\network\nwifi\protocol.c:248) NWIFI: BindAdapterEx '\Device\{8a023500-b911-4299-b4c7-2574b42574b4}'
[   37.614204] NDIS6: seeded TCPIP registry for \Device\{B1D2C3E4-5F6A-4B8C-9D0E-02524F535731}
[   37.622137] NDIS6: InitializeEx → driver (adapter=FFFFCF99388051C0 pdo=FFFFCF9938805070 fdo=FFFFCF9938805070 next=0000000000000000)
[   37.634115] (\drivers\network\nwifi\miniport.c:117) NWIFI: MiniportInitializeEx interface 0
[   37.642439] NDIS6: adapter FFFFCF99388051C0 MAC b8:27:eb:74:f2:6c connect=2
[   37.649377] NDIS6: InitializeEx returned 0x00000000 (ctx=FFFFCF99386329F0)
[   37.656230] NDIS6: Restart → driver
[   37.659873] (\drivers\network\nwifi\miniport.c:210) NWIFI: MiniportRestartEx interface 0
[   37.667945] NDIS6: LINK_STATE adapter=FFFFCF99388051C0 connect=2 rx=18446744073709551615 tx=18446744073709551615
[   37.678092] NDIS6: RestartHandler returned 0x00000000
[   37.683129] (\drivers\network\nwifi\protocol.c:248) NWIFI: BindAdapterEx '\Device\{B1D2C3E4-5F6A-4B8C-9D0E-02524F535731}'
[   37.694056] (\drivers\network\nwifi\protocol.c:253) NWIFI: skipping non-dot11 medium 0
[   37.701957] (\drivers\network\nwifi\protocol.c:383) NWIFI: bound interface 0 MAC b8:27:eb:74:f2:6c
[   37.844926] (\base\services\umpnpmgr\rpcserver.c:3673) PNP_SetDeviceProblem(000000004012B260 SDIO\VEN_02D0&DEV_4345&FUNC_2\00000000_00000000_02D0_4345_FUNC_2 28 0x00000001)
[   37.857472] (\base\services\umpnpmgr\rpcserver.c:277) SetDeviceStatus(SDIO\VEN_02D0&DEV_4345&FUNC_2\00000000_00000000_02D0_4345_FUNC_2 0x400 0x1c)
[   37.870553] (\ntoskrnl\io\pnpmgr\plugplay.c:983) Set status data is NOT SUPPORTED
[   38.013718] (\base\services\umpnpmgr\rpcserver.c:3673) PNP_SetDeviceProblem(000000004012B260 SDIO\VEN_02D0&DEV_4345&FUNC_3\00000000_00000000_02D0_4345_FUNC_3 28 0x00000001)
[   38.026264] (\base\services\umpnpmgr\rpcserver.c:277) SetDeviceStatus(SDIO\VEN_02D0&DEV_4345&FUNC_3\00000000_00000000_02D0_4345_FUNC_3 0x400 0x1c)
[   38.039344] (\ntoskrnl\io\pnpmgr\plugplay.c:983) Set status data is NOT SUPPORTED
[   38.325420] (\ntoskrnl\io\pnpmgr\devaction.c:2657) NOTE: attempt to start an already started/uninitialized device USB\ROOT_HUB\3&cc8c31f5
[   38.472074] (\ntoskrnl\io\pnpmgr\devaction.c:2657) NOTE: attempt to start an already started/uninitialized device USB\ROOT_HUB\3&d59700b4
[   38.618024] (\ntoskrnl\io\pnpmgr\devaction.c:2657) NOTE: attempt to start an already started/uninitialized device USB\Vid_0781&Pid_5581\0901da96cc5f2a6e98145c166ee0bf8579199debc6f1126c17dcbe55724e3388e11a00000000000000000000897c8cadff082920815581076e327e7a
[   38.774689] (\ntoskrnl\io\pnpmgr\devaction.c:2657) NOTE: attempt to start an already started/uninitialized device USB\Vid_0781&Pid_5591\01016e01ffd6f47ad7a9a904dc54438de8ee4ed362c463e23b37a4d9b83f12b6b3e3000000000000000000004ca60268000d5400915581077b32dc12
[   38.932293] (\ntoskrnl\io\pnpmgr\devaction.c:2657) NOTE: attempt to start an already started/uninitialized device USB\Vid_413c&Pid_301a\4&83bb0d7e&2
[   39.093510] (\dll\win32\storprop\disk.c:63) DiskClassInstaller(23 00000000401335F0 0000000040136780)
[   39.099970] (\dll\win32\storprop\disk.c:63) DiskClassInstaller(24 00000000401335F0 0000000040136780)
[   39.109050] (\dll\win32\storprop\disk.c:63) DiskClassInstaller(28 00000000401335F0 0000000040136780)
[   39.118139] (\dll\win32\storprop\disk.c:63) DiskClassInstaller(29 00000000401335F0 0000000040136780)
[   39.127244] (\dll\win32\storprop\disk.c:63) DiskClassInstaller(21 00000000401335F0 0000000040136780)
[   39.136775] (\dll\win32\storprop\disk.c:63) DiskClassInstaller(34 00000000401335F0 0000000040136780)
[   39.145864] (\dll\win32\storprop\disk.c:63) DiskClassInstaller(32 00000000401335F0 0000000040136780)
[   39.155412] (\dll\win32\storprop\disk.c:63) DiskClassInstaller(2 00000000401335F0 0000000040136780)
[   39.167014] (\ntoskrnl\io\pnpmgr\devaction.c:2657) NOTE: attempt to start an already started/uninitialized device USBSTOR\Disk&Ven__USB____&Prod__SanDisk_3.2Gen1&Rev_1.00\5&955e2bc9&01016e01ffd6f47ad7a9a904dc54438de8ee4ed362c463e23b37a4d9b83f12b6b3e3000000000000000000004ca60268000d5400915581077b32dc12&0
[   39.191822] (\dll\win32\storprop\disk.c:63) DiskClassInstaller(30 00000000401335F0 0000000040136780)
[   39.200148] (\dll\win32\storprop\disk.c:63) DiskClassInstaller(12 00000000401335F0 0000000040136780)
[   39.212606] (\dll\win32\storprop\disk.c:63) DiskClassInstaller(23 00000000401335F0 0000000040136780)
[   39.219002] (\dll\win32\storprop\disk.c:63) DiskClassInstaller(24 00000000401335F0 0000000040136780)
[   39.228127] (\dll\win32\storprop\disk.c:63) DiskClassInstaller(28 00000000401335F0 0000000040136780)
[   39.237216] (\dll\win32\storprop\disk.c:63) DiskClassInstaller(29 00000000401335F0 0000000040136780)
[   39.246325] (\dll\win32\storprop\disk.c:63) DiskClassInstaller(21 00000000401335F0 0000000040136780)
[   39.255846] (\dll\win32\storprop\disk.c:63) DiskClassInstaller(34 00000000401335F0 0000000040136780)
[   39.264940] (\dll\win32\storprop\disk.c:63) DiskClassInstaller(32 00000000401335F0 0000000040136780)
[   39.274401] (\dll\win32\storprop\disk.c:63) DiskClassInstaller(2 00000000401335F0 0000000040136780)
[   39.285958] (\ntoskrnl\io\pnpmgr\devaction.c:2657) NOTE: attempt to start an already started/uninitialized device USBSTOR\Disk&Ven__USB____&Prod__SanDisk_3.2Gen1&Rev_1.00\5&bb7f1351&0901da96cc5f2a6e98145c166ee0bf8579199debc6f1126c17dcbe55724e3388e11a00000000000000000000897c8cadff082920815581076e327e7a&0
[   39.310752] (\dll\win32\storprop\disk.c:63) DiskClassInstaller(30 00000000401335F0 0000000040136780)
[   39.319094] (\dll\win32\storprop\disk.c:63) DiskClassInstaller(12 00000000401335F0 0000000040136780)
[   39.351772] (\win32ss\user\ntuser\desktop.c:1370) err: ptiLastInput is CLEARED!!
[   39.424244] (\ntoskrnl\mm\ARM3\sysldr.c:170) Loading: \SystemRoot\System32\drivers\tcpip.sys at FFFFA61763C00000 with 40 pages
[   39.449360] NDIS6: Restart → driver
[   39.450137] NDIS6: RestartHandler returned 0x00000000
[   39.455279] NDIS6: Restart → driver
[   39.458813] NDIS6: RestartHandler returned 0x00000000
[   39.473347] (\base\services\dhcpcsvc\dhcp\api.c:58) RpcServerListen() failed (Status 6b1)
[   39.486766] fixme:(\dll\win32\rpcrt4\rpc_server.c:1736) (0x1000): stub
[   39.511273] (\dll\win32\syssetup\install.c:1177) LIVECD: RegistrationPhase2 begin
[   39.680755] (\win32ss\user\winsrv\usersrv\init.c:152) GetThreadConsoleDesktop(480) failed with Status 0xc0000008
[   39.795165] fixme:(\dll\win32\shdocvw\shdocvw_main.c:222) (TRUE, (null)): stub!
[   40.699584] fixme:(\dll\win32\shell32\shell32.cpp:512) TRUE (null): stub
[   40.724789] NDIS6: LINK_STATE adapter=FFFFCF99375151C0 connect=1 rx=1000000000 tx=1000000000
[   40.915192] (\dll\win32\syssetup\install.c:1186) LIVECD: TypeLibraries begin
[   41.058642] (\dll\win32\syssetup\install.c:1188) LIVECD: registration done
[   41.063620] (\dll\win32\syssetup\install.c:1127) LIVECD: deferred registration begin
[   41.193276] RPI5VC4: present #768 moves=0 dirty=1 flip=3 idx=0 scan=441db000
[   41.197994] RPI5VC4: present #832 moves=0 dirty=1 flip=3 idx=0 scan=441db000
[   41.222988] RPI5VC4: present #896 moves=0 dirty=1 flip=3 idx=1 scan=449c4000
[   41.227697] RPI5VC4: present #960 moves=0 dirty=1 flip=3 idx=1 scan=449c4000
[   41.251552] RPI5VC4: present #1024 moves=0 dirty=1 flip=3 idx=2 scan=451ad000
[   41.256413] RPI5VC4: present #1088 moves=0 dirty=1 flip=3 idx=2 scan=451ad000
[   41.279454] RPI5VC4: present #1152 moves=0 dirty=1 flip=3 idx=0 scan=441db000
[   41.284277] RPI5VC4: present #1216 moves=0 dirty=1 flip=3 idx=0 scan=441db000
[   41.305521] RPI5VC4: present #1280 moves=0 dirty=1 flip=3 idx=1 scan=449c4000
[   41.310523] RPI5VC4: present #1344 moves=0 dirty=1 flip=3 idx=1 scan=449c4000
[   41.331709] RPI5VC4: present #1408 moves=0 dirty=1 flip=3 idx=2 scan=451ad000
[   41.336581] RPI5VC4: present #1472 moves=0 dirty=1 flip=3 idx=2 scan=451ad000
[   41.358732] RPI5VC4: present #1536 moves=0 dirty=1 flip=3 idx=0 scan=441db000
[   41.363502] RPI5VC4: present #1600 moves=0 dirty=1 flip=3 idx=0 scan=441db000
[   41.388942] RPI5VC4: present #1664 moves=0 dirty=1 flip=3 idx=2 scan=451ad000
[   41.393720] RPI5VC4: present #1728 moves=0 dirty=1 flip=3 idx=2 scan=451ad000
[   41.416113] RPI5VC4: present #1792 moves=0 dirty=1 flip=3 idx=0 scan=441db000
[   41.420897] RPI5VC4: present #1856 moves=0 dirty=1 flip=3 idx=0 scan=441db000
[   41.443496] RPI5VC4: present #1920 moves=0 dirty=1 flip=3 idx=1 scan=449c4000
[   41.448265] RPI5VC4: present #1984 moves=0 dirty=1 flip=3 idx=1 scan=449c4000
[   41.468162] RPI5VC4: present #2048 moves=0 dirty=1 flip=3 idx=2 scan=451ad000
[   41.472927] RPI5VC4: present #2112 moves=0 dirty=1 flip=3 idx=2 scan=451ad000
[   41.492909] RPI5VC4: present #2176 moves=0 dirty=1 flip=3 idx=0 scan=441db000
[   41.497701] RPI5VC4: present #2240 moves=0 dirty=1 flip=3 idx=0 scan=441db000
[   41.518628] RPI5VC4: present #2304 moves=0 dirty=1 flip=3 idx=1 scan=449c4000
[   41.523459] RPI5VC4: present #2368 moves=0 dirty=1 flip=3 idx=1 scan=449c4000
[   41.543401] RPI5VC4: present #2432 moves=0 dirty=1 flip=3 idx=2 scan=451ad000
[   41.550609] RPI5VC4: present #2496 moves=0 dirty=1 flip=3 idx=2 scan=451ad000
[   41.566307] RPI5VC4: present #2560 moves=0 dirty=1 flip=3 idx=0 scan=441db000
[   41.584156] RPI5VC4: present #2624 moves=0 dirty=1 flip=3 idx=1 scan=449c4000
[   41.588934] RPI5VC4: present #2688 moves=0 dirty=1 flip=3 idx=1 scan=449c4000
[   41.609161] RPI5VC4: present #2752 moves=0 dirty=1 flip=3 idx=2 scan=451ad000
[   41.613938] RPI5VC4: present #2816 moves=0 dirty=1 flip=3 idx=2 scan=451ad000
[   41.634108] RPI5VC4: present #2880 moves=0 dirty=1 flip=3 idx=0 scan=441db000
[   41.638879] RPI5VC4: present #2944 moves=0 dirty=1 flip=3 idx=0 scan=441db000
[   41.659090] RPI5VC4: present #3008 moves=0 dirty=1 flip=3 idx=1 scan=449c4000
[   41.663875] RPI5VC4: present #3072 moves=0 dirty=1 flip=3 idx=1 scan=449c4000
[   41.684000] RPI5VC4: present #3136 moves=0 dirty=1 flip=3 idx=2 scan=451ad000
[   41.688803] RPI5VC4: present #3200 moves=0 dirty=1 flip=3 idx=2 scan=451ad000
[   41.708892] RPI5VC4: present #3264 moves=0 dirty=1 flip=3 idx=0 scan=441db000
[   41.713689] RPI5VC4: present #3328 moves=0 dirty=1 flip=3 idx=0 scan=441db000
[   41.735838] RPI5VC4: present #3392 moves=0 dirty=1 flip=3 idx=1 scan=449c4000
[   41.746650] RPI5VC4: present #3456 moves=0 dirty=1 flip=3 idx=2 scan=451ad000
[   41.764541] RPI5VC4: present #3520 moves=0 dirty=1 flip=3 idx=0 scan=441db000
[   41.769336] RPI5VC4: present #3584 moves=0 dirty=1 flip=3 idx=0 scan=441db000
[   41.789629] RPI5VC4: present #3648 moves=0 dirty=1 flip=3 idx=1 scan=449c4000
[   41.794421] RPI5VC4: present #3712 moves=0 dirty=1 flip=3 idx=1 scan=449c4000
[   41.814451] RPI5VC4: present #3776 moves=0 dirty=1 flip=3 idx=2 scan=451ad000
[   41.819211] RPI5VC4: present #3840 moves=0 dirty=1 flip=3 idx=2 scan=451ad000
[   41.839585] RPI5VC4: present #3904 moves=0 dirty=1 flip=3 idx=0 scan=441db000
[   41.863161] RPI5VC4: present #3968 moves=0 dirty=1 flip=3 idx=1 scan=449c4000
[   41.881188] RPI5VC4: present #4032 moves=0 dirty=1 flip=3 idx=2 scan=451ad000
[   41.885947] RPI5VC4: present #4096 moves=0 dirty=1 flip=3 idx=2 scan=451ad000
[   41.906305] RPI5VC4: present #4160 moves=0 dirty=1 flip=3 idx=0 scan=441db000
[   41.911071] RPI5VC4: present #4224 moves=0 dirty=1 flip=3 idx=0 scan=441db000
[   41.931483] RPI5VC4: present #4288 moves=0 dirty=1 flip=3 idx=1 scan=449c4000
[   41.936255] RPI5VC4: present #4352 moves=0 dirty=1 flip=3 idx=1 scan=449c4000
[   41.959900] (\dll\ntdll\ldr\ldrinit.c:2244) WARN: Accepting different LOAD_CONFIG size!
[   42.178928] fixme:(\dll\win32\shdocvw\winlist.cpp:81) ()
[   42.223176] fixme:(\dll\win32\comctl32\toolbar.c:403) [00000000000200C4] TBSTYLE_REGISTERDROP not implemented
[   42.332742] (\win32ss\user\ntuser\desktop.c:1551) err: UMWP calling IDWP
[   42.332818] WARNING:  NtNotifyChangeMultipleKeys at \ntoskrnl\config\ntapi.c:1470 is UNIMPLEMENTED!
[   42.336563] (\win32ss\user\ntuser\desktop.c:1551) err: UMWP calling IDWP
[   42.345803] err:(\dll\win32\mmdevapi\devenum.c:1309) RegNotifyChangeKeyValue failed: 1
[   42.422169] fixme:(\dll\win32\wintrust\register.c:1227) stub
[   42.587383] fixme:(\dll\win32\shell32\shlexec.cpp:2350) flags ignored: 0x00000100
[   42.662170] fixme:(\dll\win32\setupapi\install.c:1494) default path of the installation not changed
[   42.788568] (\base\services\dhcpcsvc\dhcp\adapter.c:170) There is no active configuration!
[   42.793962] DHCPCSVC: Adapter Name: [{d6626b9c-7c67-43fd-9a31-bb338c78920c}] (dynamic)
[   42.804665] TCPIP-UDP: UDPReceive #1 dst=0x67dfa8c0:68 src=0x01dfa8c0:67 len=300
[   42.809223] TCPIP-UDP: matched AddrFile=FFFFCF9938A64CC0 — delivering
[   42.815816] AFD-RX: PacketSocketRecvComplete #1 FCB=FFFFCF9938A63B70 Status=0x00000000 Info=300
[   42.936957] err:(\dll\win32\setupapi\queue.c:1215) Unsupported style(s) 0x104
[   43.367809] fixme:(\dll\win32\advpack\reg.c:197) SYS_MOD_PATH needs more work
[   43.834904] TCPIP-UDP: UDPReceive #2 dst=0x67dfa8c0:68 src=0x01dfa8c0:67 len=300
[   43.839420] TCPIP-UDP: matched AddrFile=FFFFCF9938A64CC0 — delivering
[   43.846017] AFD-RX: PacketSocketRecvComplete #2 FCB=FFFFCF9938A63B70 Status=0x00000000 Info=300
[   43.972367] RPI5VC4: present #4416 moves=0 dirty=1 flip=3 idx=1 scan=449c4000
[   43.977248] RPI5VC4: present #4480 moves=0 dirty=1 flip=3 idx=1 scan=449c4000
[   44.044345] (\win32ss\user\ntuser\winpos.c:1449) err: Window is HWND_BOTTOM hwnd 0000000000000001
[   44.689460] (\dll\ntdll\ldr\ldrinit.c:2244) WARN: Accepting different LOAD_CONFIG size!
[   44.764663] (\dll\ntdll\rtl\libsupp.c:1173) ApiSetResolveToHost redirected api-ms-win-crt-private-l1-1-0.dll to C:\ReactOS\System32\ucrtbase.dll
[   44.790889] (\dll\ntdll\rtl\libsupp.c:1173) ApiSetResolveToHost redirected api-ms-win-crt-stdio-l1-1-0.dll to C:\ReactOS\System32\ucrtbase.dll
[   44.801269] (\dll\ntdll\rtl\libsupp.c:1173) ApiSetResolveToHost redirected api-ms-win-crt-string-l1-1-0.dll to C:\ReactOS\System32\ucrtbase.dll
[   44.813765] (\dll\ntdll\rtl\libsupp.c:1173) ApiSetResolveToHost redirected api-ms-win-crt-runtime-l1-1-0.dll to C:\ReactOS\System32\ucrtbase.dll
[   44.827187] (\dll\ntdll\rtl\libsupp.c:1173) ApiSetResolveToHost redirected api-ms-win-crt-locale-l1-1-0.dll to C:\ReactOS\System32\ucrtbase.dll
[   44.839422] (\dll\ntdll\rtl\libsupp.c:1173) ApiSetResolveToHost redirected api-ms-win-crt-math-l1-1-0.dll to C:\ReactOS\System32\ucrtbase.dll
[   44.852130] (\dll\ntdll\rtl\libsupp.c:1173) ApiSetResolveToHost redirected api-ms-win-crt-heap-l1-1-0.dll to C:\ReactOS\System32\ucrtbase.dll
[   44.865375] (\dll\ntdll\rtl\libsupp.c:1173) ApiSetResolveToHost redirected api-ms-win-crt-convert-l1-1-0.dll to C:\ReactOS\System32\ucrtbase.dll
[   44.877778] (\dll\ntdll\rtl\libsupp.c:1173) ApiSetResolveToHost redirected api-ms-win-crt-environment-l1-1-0.dll to C:\ReactOS\System32\ucrtbase.dll
[   44.943053] (\dll\ntdll\rtl\libsupp.c:1173) ApiSetResolveToHost redirected api-ms-win-core-localization-l1-2-1 to C:\ReactOS\System32\kernel32.dll
[   44.985720] err:(\dll\opengl\opengl32\icdload.c:122) Overriding the default OGL ICD with MesaV3D
[   45.005415] Could not load wine-gecko. HTML rendering will be disabled.
[   45.009256] fixme:(\dll\win32\mshtml\main.c:363) stub 1 (null): returning S_OK
[   45.115043] (\dll\ntdll\rtl\libsupp.c:1173) ApiSetResolveToHost redirected api-ms-win-core-synch-l1-2-0.dll to C:\ReactOS\System32\kernel32.dll
[   45.125619] (\dll\ntdll\rtl\libsupp.c:1173) ApiSetResolveToHost redirected api-ms-win-crt-utility-l1-1-0.dll to C:\ReactOS\System32\ucrtbase.dll
[   45.138076] (\dll\ntdll\rtl\libsupp.c:1173) ApiSetResolveToHost redirected api-ms-win-crt-filesystem-l1-1-0.dll to C:\ReactOS\System32\ucrtbase.dll
[   45.246972] MESA: error: WGL: trying gallium driver [0] 'v3d'
[   45.250022] (\drivers\directx\dxgkrnl\d3dkmt.c:3028) DxgkCreatePagingQueue: RETURN hPagingQueue=0x51474151
[   45.294477] MESA: error: v3dv-reactos: rpi5vc4 adapter open pq=0x51474151, V3D 7.1 ready=1 slab=64MB
[   45.319919] v3dwgl: v3d screen created, wrapper installed
[   45.336270] MESA: error: WGL: gallium driver 'v3d' screen created
[   45.424140] RPI5VC4: present #4544 moves=0 dirty=1 flip=3 idx=0 scan=441db000
[   45.488024] MESA: error: STW: screen 'V3D 7.1.10.2' ready, pixelformats=360
[   45.492117] OPENGL32: ICD MesaV3D formats=360 for hdc 000000000901017C
[   45.500204] OPENGL32: C:\ReactOS\bin\gears.exe renders with the HARDWARE ICD
[   45.516013] (\drivers\directx\dxgkrnl\d3dkmt.c:3488) D3DKMT CREATEALLOC #3 enter
[   45.520543] (\drivers\directx\dxgkrnl\d3dkmt.c:3491) D3DKMT CREATEALLOC #3 exit 0x00000000
[   45.528788] (\drivers\directx\dxgkrnl\d3dkmt.c:3878) D3DKMT MAP: ioctl reached hAlloc=0x4d4d414f pages=2 ctx=0000000000000000
[   45.540050] (\drivers\directx\dxgkrnl\d3dkmt.c:3921) D3DKMT MAP exit hAlloc=0x4d4d414f va=401e0000
[   45.549025] (\drivers\directx\dxgkrnl\d3dkmt.c:3524) D3DKMT LOCK #2 enter hAlloc=0x4d4d414f
[   45.557694] (\drivers\directx\dxgkrnl\vidmm.c:3077) VidMm usermap #2 h=0x4D4D414F va=0000000042CF0000 resident=1 seg=1 pa=401e0000 cache=2
[   45.569723] (\drivers\directx\dxgkrnl\d3dkmt.c:3570) D3DKMT LOCK #2 exit va=0000000042CF0000
[   45.573071] fixme:(\dll\win32\olepro32\olepro32stubs.c:47) stub
[   45.604351] fixme:(\dll\win32\pstorec\pstorec.c:377) 
[   45.651161] (\drivers\directx\dxgkrnl\d3dkmt.c:3488) D3DKMT CREATEALLOC #4 enter
[   45.655686] (\drivers\directx\dxgkrnl\d3dkmt.c:3491) D3DKMT CREATEALLOC #4 exit 0x00000000
[   45.663931] (\drivers\directx\dxgkrnl\d3dkmt.c:3878) D3DKMT MAP: ioctl reached hAlloc=0x4d4d4148 pages=96 ctx=0000000000000000
[   45.675284] (\drivers\directx\dxgkrnl\d3dkmt.c:3921) D3DKMT MAP exit hAlloc=0x4d4d4148 va=401e2000
[   45.684386] (\drivers\directx\dxgkrnl\d3dkmt.c:3488) D3DKMT CREATEALLOC #5 enter
[   45.691599] (\drivers\directx\dxgkrnl\d3dkmt.c:3491) D3DKMT CREATEALLOC #5 exit 0x00000000
[   45.699846] (\drivers\directx\dxgkrnl\d3dkmt.c:3878) D3DKMT MAP: ioctl reached hAlloc=0x4d4d4149 pages=48 ctx=0000000000000000
[   45.711203] (\drivers\directx\dxgkrnl\d3dkmt.c:3921) D3DKMT MAP exit hAlloc=0x4d4d4149 va=40242000
[   45.811794] GL_RENDERER   = V3D 7.1.10.2
[   45.813050] GL_VERSION    = 3.1 Mesa 26.2.0-devel (git-3bbd7a1d03)
[   45.822190] GL_VENDOR     = Broadcom
[   45.826766] GL_EXTENSIONS = GL_ARB_multisample GL_EXT_abgr GL_EXT_bgra GL_EXT_blend_color GL_EXT_blend_minmax GL_EXT_blend_subtract GL_EXT_copy_texture GL_EXT_subtexture GL_EXT_texture_object GL_EXT_vertex_array GL_EXT_compiled_vertex_array GL_EXT_texture GL_EXT_texture3D GL_IBM_rasterpos_clip GL_ARB_point_parameters GL_EXT_draw_range_elements GL_EXT_packed_pixels GL_EXT_point_parameters GL_EXT_rescale_normal GL_EXT_separate_specular_color GL_EXT_texture_edge_clamp GL_SGIS_generate_mipmap GL_SGIS_texture[   45.868348]  GL_SGIS_texture_edge_clamp GL_SGIS_texture_lod GL_ARB_framebuffer_sRGB GL_ARB_multitexture GL_EXT_framebuffer_sRGB GL_IBM_multimode_draw_arrays GL_IBM_texture_mirrored_repeat GL_ARB_texture_cube_map GL_ARB_texture_env_add GL_ARB_transpose_matrix GL_EXT_blend_func_separate GL_EXT_fog_coord GL_EXT_multi_draw_arrays GL_EXT_secondary_color GL_EXT_texture_env_add GL_EXT_texture_filter_anisotropic GL_EXT_texture_lod_bias GL_INGR_blend_func_separate GL_NV_blend_square GL_NV_light_max_exponent GL_NV[   45.913426] ction GL_NV_texture_env_combine4 GL_S3_s3tc GL_SUN_multi_draw_arrays GL_ARB_texture_border_clamp GL_ARB_texture_compression GL_EXT_framebuffer_object GL_EXT_texture_compression_s3tc GL_EXT_texture_env_combine GL_EXT_texture_env_dot3 GL_MESA_window_pos GL_NV_packed_depth_stencil GL_NV_texture_rectangle GL_ARB_depth_texture GL_ARB_occlusion_query GL_ARB_shadow GL_ARB_texture_env_combine GL_ARB_texture_env_crossbar GL_ARB_texture_env_dot3 GL_ARB_texture_mirrored_repeat GL_ARB_window_pos GL_ATI_f[   45.957186] r GL_EXT_stencil_two_side GL_EXT_texture_cube_map GL_NV_depth_clamp GL_NV_fog_distance GL_NV_half_float GL_APPLE_packed_pixels GL_ARB_draw_buffers GL_ARB_fragment_program GL_ARB_fragment_shader GL_ARB_shader_objects GL_ARB_vertex_program GL_ARB_vertex_shader GL_ATI_draw_buffers GL_ATI_texture_env_combine3 GL_ATI_texture_float GL_EXT_shadow_funcs GL_EXT_stencil_wrap GL_MESA_pack_invert GL_NV_primitive_restart GL_ARB_depth_clamp GL_ARB_fragment_program_shadow GL_ARB_half_float_pixel GL_ARB_occl[   46.001600] GL_ARB_[   46.048786] (\drivers\directx\dxgkrnl\d3dkmt.c:3488) D3DKMT CREATEALLOC #6 enter
[   46.053312] (\drivers\directx\dxgkrnl\d3dkmt.c:3491) D3DKMT CREATEALLOC #6 exit 0x00000000
[   46.061554] (\drivers\directx\dxgkrnl\d3dkmt.c:3878) D3DKMT MAP: ioctl reached hAlloc=0x4d4d414a pages=257 ctx=0000000000000000
[   46.072995] (\drivers\directx\dxgkrnl\d3dkmt.c:3921) D3DKMT MAP exit hAlloc=0x4d4d414a va=40272000
[   46.081986] (\drivers\directx\dxgkrnl\d3dkmt.c:3524) D3DKMT LOCK #3 enter hAlloc=0x4d4d414a
[   46.090865] (\drivers\directx\dxgkrnl\vidmm.c:3077) VidMm usermap #3 h=0x4D4D414A va=0000000042FE0000 resident=1 seg=1 pa=40272000 cache=2
[   46.102669] (\drivers\directx\dxgkrnl\d3dkmt.c:3570) D3DKMT LOCK #3 exit va=0000000042FE0000
[   46.109625] fixme:(\dll\win32\urlmon\urlmon_main.c:243) (TRUE, (null)): stub
[   46.134500] (\drivers\directx\dxgkrnl\d3dkmt.c:3488) D3DKMT CREATEALLOC #7 enter
[   46.139020] (\drivers\directx\dxgkrnl\d3dkmt.c:3491) D3DKMT CREATEALLOC #7 exit 0x00000000
[   46.147269] (\drivers\directx\dxgkrnl\d3dkmt.c:3878) D3DKMT MAP: ioctl reached hAlloc=0x4d4d414b pages=1 ctx=0000000000000000
[   46.158753] (\drivers\directx\dxgkrnl\d3dkmt.c:3921) D3DKMT MAP exit hAlloc=0x4d4d414b va=40373000
[   46.166136] (\base\services\w32time\register.c:54) RegisterService()
[   46.167573] (\drivers\directx\dxgkrnl\d3dkmt.c:3524) D3DKMT LOCK #4 enter hAlloc=0x4d4d414b
[   46.177530] fixme:(\dll\win32\wininet\internet.c:350) (1 (null)): stub
[   46.182509] (\drivers\directx\dxgkrnl\vidmm.c:3077) VidMm usermap #4 h=0x4D4D414B va=00000000430F0000 resident=1 seg=1 pa=40373000 cache=2
[   46.201060] (\drivers\directx\dxgkrnl\d3dkmt.c:3570) D3DKMT LOCK #4 exit va=00000000430F0000
[   46.209491] (\sdk\lib\rtl\heap.c:2995) Realloc in place failed, but it was the only option
[   46.217716] (\sdk\lib\rtl\heap.c:2995) Realloc in place failed, but it was the only option
[   46.228862] (\drivers\directx\dxgkrnl\d3dkmt.c:3488) D3DKMT CREATEALLOC #8 enter
[   46.233382] (\drivers\directx\dxgkrnl\d3dkmt.c:3491) D3DKMT CREATEALLOC #8 exit 0x00000000
[   46.241667] (\drivers\directx\dxgkrnl\d3dkmt.c:3878) D3DKMT MAP: ioctl reached hAlloc=0x4d4d4144 pages=129 ctx=0000000000000000
[   46.253068] (\drivers\directx\dxgkrnl\d3dkmt.c:3921) D3DKMT MAP exit hAlloc=0x4d4d4144 va=40374000
[   46.262018] (\drivers\directx\dxgkrnl\d3dkmt.c:3524) D3DKMT LOCK #5 enter hAlloc=0x4d4d4144
[   46.270887] (\drivers\directx\dxgkrnl\vidmm.c:3077) VidMm usermap #5 h=0x4D4D4144 va=0000000043100000 resident=1 seg=1 pa=40374000 cache=2
[   46.282745] (\drivers\directx\dxgkrnl\d3dkmt.c:3570) D3DKMT LOCK #5 exit va=0000000043100000
[   46.326615] (\sdk\lib\rtl\heap.c:2995) Realloc in place failed, but it was the only option
[   46.332240] (\sdk\lib\rtl\heap.c:2995) Realloc in place failed, but it was the only option
[   46.350156] (\dll\ntdll\rtl\libsupp.c:1173) ApiSetResolveToHost redirected api-ms-win-core-synch-l1-2-0 to C:\ReactOS\System32\kernel32.dll
[   46.360065] (\dll\ntdll\rtl\libsupp.c:1173) ApiSetResolveToHost redirected api-ms-win-core-localization-l1-2-1 to C:\ReactOS\System32\kernel32.dll
[   46.383162] (\drivers\directx\dxgkrnl\d3dkmt.c:3878) D3DKMT MAP: ioctl reached hAlloc=0x4d4d4145 pages=1 ctx=0000000000000000
[   46.391391] (\dll\win32\syssetup\install.c:1135) LIVECD: deferred registration done
[   46.391581] (\drivers\directx\dxgkrnl\d3dkmt.c:3921) D3DKMT MAP exit hAlloc=0x4d4d4145 va=403f5000
[   46.408167] (\drivers\directx\dxgkrnl\d3dkmt.c:3524) D3DKMT LOCK #6 enter hAlloc=0x4d4d4145
[   46.411077] (\win32ss\user\ntuser\msgqueue.c:2248) err: Thread Cleanup Post Messages FFFF8B0A7DA9B740
[   46.416870] (\drivers\directx\dxgkrnl\vidmm.c:3077) VidMm usermap #6 h=0x4D4D4145 va=00000000431A0000 resident=1 seg=1 pa=403f5000 cache=2
[   46.438123] (\drivers\directx\dxgkrnl\d3dkmt.c:3570) D3DKMT LOCK #6 exit va=00000000431A0000
[   46.447118] (\sdk\lib\rtl\heap.c:2995) Realloc in place failed, but it was the only option
[   46.454778] (\sdk\lib\rtl\heap.c:2995) Realloc in place failed, but it was the only option
[   46.472933] (\drivers\directx\dxgkrnl\d3dkmt.c:3878) D3DKMT MAP: ioctl reached hAlloc=0x4d4d4146 pages=2 ctx=0000000000000000
[   46.481353] (\drivers\directx\dxgkrnl\d3dkmt.c:3921) D3DKMT MAP exit hAlloc=0x4d4d4146 va=403f6000
[   46.490298] (\drivers\directx\dxgkrnl\d3dkmt.c:3524) D3DKMT LOCK #7 enter hAlloc=0x4d4d4146
[   46.499002] (\drivers\directx\dxgkrnl\vidmm.c:3077) VidMm usermap #7 h=0x4D4D4146 va=00000000433B0000 resident=1 seg=1 pa=403f6000 cache=2
[   46.511026] (\drivers\directx\dxgkrnl\d3dkmt.c:3570) D3DKMT LOCK #7 exit va=00000000433B0000
[   46.519578] (\drivers\directx\dxgkrnl\d3dkmt.c:3921) D3DKMT MAP exit hAlloc=0x4d4d4147 va=403f8000
[   46.528404] (\drivers\directx\dxgkrnl\d3dkmt.c:3921) D3DKMT MAP exit hAlloc=0x4d4d4140 va=40400000
[   46.537336] (\drivers\directx\dxgkrnl\d3dkmt.c:3921) D3DKMT MAP exit hAlloc=0x4d4d4141 va=40402000
[   46.546258] (\drivers\directx\dxgkrnl\d3dkmt.c:3524) D3DKMT LOCK #8 enter hAlloc=0x4d4d4141
[   46.554956] (\drivers\directx\dxgkrnl\vidmm.c:3077) VidMm usermap #8 h=0x4D4D4141 va=00000000433C0000 resident=1 seg=1 pa=40402000 cache=2
[   46.566988] (\drivers\directx\dxgkrnl\d3dkmt.c:3570) D3DKMT LOCK #8 exit va=00000000433C0000
[   46.575498] (\drivers\directx\dxgkrnl\vidsch.c:385) VidSch kick #2 fence=2 node=0 size=64
[   46.583561] (\drivers\directx\rpi5vc4\rpi5vc4_wddm.c:1944) RPI5VC4: submit queued fence=2 node=0 bcl=01198000..011981c0
[   46.594323] (\drivers\directx\rpi5vc4\rpi5vc4_wddm.c:323) RPI5VC4: CL kick fence=2 bcl=01198000..011981c0 rcl=01227000..012270a8 qma=0121d000 qms=8000 qts=01225000
[   46.609154] (\drivers\directx\dxgkrnl\d3dkmt.c:3921) D3DKMT MAP exit hAlloc=0x4d4d4142 va=40403000
[   46.618126] (\drivers\directx\dxgkrnl\vidsch.c:293) VidSch nokick #1 state=1
[   46.625355] (\drivers\directx\dxgkrnl\vidmm.c:3077) VidMm usermap #9 h=0x4D4D4148 va=00000000433D0000 resident=1 seg=1 pa=401e2000 cache=2
[   46.646613] (\drivers\directx\dxgkrnl\vidsch.c:293) VidSch nokick #2 state=1
[   46.651430] (\drivers\directx\dxgkrnl\vidmm.c:3077) VidMm usermap #10 h=0x4D4D4142 va=0000000043430000 resident=1 seg=1 pa=40403000 cache=2
[   46.666765] (\drivers\directx\dxgkrnl\vidsch.c:293) VidSch nokick #3 state=1
[   46.673609] (\drivers\directx\dxgkrnl\vidsch.c:293) VidSch nokick #4 state=1
[   46.681336] (\drivers\directx\dxgkrnl\vidsch.c:293) VidSch nokick #5 state=1
[   46.688128] (\drivers\directx\dxgkrnl\vidsch.c:293) VidSch nokick #6 state=1
[   46.695105] (\drivers\directx\dxgkrnl\vidsch.c:293) VidSch nokick #7 state=1
[   46.702906] (\drivers\directx\dxgkrnl\vidsch.c:293) VidSch nokick #8 state=1
[   46.709700] (\drivers\directx\dxgkrnl\vidsch.c:293) VidSch nokick #9 state=1
[   46.717433] (\drivers\directx\dxgkrnl\vidsch.c:293) VidSch nokick #10 state=1
[   46.724311] (\drivers\directx\dxgkrnl\vidsch.c:293) VidSch nokick #11 state=1
[   46.732146] (\drivers\directx\dxgkrnl\vidsch.c:293) VidSch nokick #12 state=1
[   46.739018] (\drivers\directx\dxgkrnl\vidsch.c:293) VidSch nokick #13 state=1
[   46.746097] (\drivers\directx\dxgkrnl\vidsch.c:293) VidSch nokick #14 state=1
[   46.753982] (\drivers\directx\dxgkrnl\vidsch.c:293) VidSch nokick #15 state=1
[   46.760843] (\drivers\directx\dxgkrnl\vidsch.c:293) VidSch nokick #16 state=1
[   46.845996] MESA: error: v3d: 512 draws: shaders=26923us total=139590us
[   46.894125] (\drivers\directx\rpi5vc4\rpi5vc4_wddm.c:461) RPI5VC4: V3D job fence=2 timed out — completing (TDR)
[   46.901511] (\drivers\directx\rpi5vc4\rpi5vc4_wddm.c:471) RPI5VC4: TDR CT0CS=00000010 CT0CA=011981c0 CT0EA=011981c0 CT1CS=00000000 CT1CA=00000000 INT_STS=00000000
[   46.915995] (\drivers\directx\rpi5vc4\rpi5vc4_wddm.c:483) RPI5VC4: TDR isr=0 MMU_CTL=04090801 VIO_ADDR=00000000 bin=1/0 rend=0 bcl=01198000..011981c0
[   46.929357] (\drivers\directx\rpi5vc4\rpi5vc4_wddm.c:508) RPI5VC4: TDR L2TCACTL=00000000 PCS=00000001 BFC=00000000 RFC=00000000 CT0SYNC=00000000 CT1SYNC=00000000
[   46.943759] (\drivers\directx\rpi5vc4\rpi5vc4_wddm.c:525) RPI5VC4: TDR QMA bytes 38 42 47 44 40 62 b1 21 01 53 00 56 00 00 00 00
[   46.955299] (\drivers\directx\rpi5vc4\rpi5vc4_wddm.c:535) RPI5VC4: TDR CT1CFG=00000000 TILECT=00000000 PTCT=00000000 RA0=00000000/00000000 BPCA=01220000 BPCS=00005000
[   46.970135] (\drivers\directx\rpi5vc4\rpi5vc4_wddm.c:564) RPI5VC4: TDR RCL head 79 00 2c 01 2c 01 00 b1 01 79 02 00 7c 40 00 00
[   46.981587] (\drivers\directx\rpi5vc4\rpi5vc4_wddm.c:590) RPI5VC4: TDR BCL+0c0 00 00 00 3f 00 00 00 00 01 00 00 00 02 00 00 00
[   46.992955] (\drivers\directx\rpi5vc4\rpi5vc4_wddm.c:590) RPI5VC4: TDR BCL+0d0 03 00 00 00 00 00 00 00 01 00 00 00 02 00 00 00
[   47.004319] (\drivers\directx\rpi5vc4\rpi5vc4_wddm.c:590) RPI5VC4: TDR BCL+0e0 7c 4e 13 40 3e e5 8d 40 09 6a 41 bd 7e a8 23 bd
[   47.015684] (\drivers\directx\rpi5vc4\rpi5vc4_wddm.c:590) RPI5VC4: TDR BCL+0f0 4c bc 6a c0 3e f8 e2 3f 60 68 2f bf 03 6c 14 bf
[   47.027050] (\drivers\directx\rpi5vc4\rpi5vc4_wddm.c:590) RPI5VC4: TDR BCL+100 03 00 00 00 00 00 20 40 19 91 bd bf f5 35 76 bf
[   47.038416] (\drivers\directx\rpi5vc4\rpi5vc4_wddm.c:590) RPI5VC4: TDR BCL+110 0b 55 50 bf 99 d8 4f c1 ac 64 3f c1 60 06 0e 42
[   47.049782] (\drivers\directx\rpi5vc4\rpi5vc4_wddm.c:590) RPI5VC4: TDR BCL+120 17 19 1d 42 00 00 16 46 00 00 16 c6 00 00 00 00
[   47.061148] (\drivers\directx\rpi5vc4\rpi5vc4_wddm.c:598) RPI5VC4: TDR BCL head 00 00 00 00 00 00 00 00 00 00 00 00 00 00 80 3f
[   47.072601] (\drivers\directx\rpi5vc4\rpi5vc4_wddm.c:604) RPI5VC4: TDR BCL tail 00 00 80 3f 00 00 00 00 02 00 00 00 0b d7 23 3e
[   47.084054] (\drivers\directx\rpi5vc4\rpi5vc4_wddm.c:613) RPI5VC4: TDR ERR_STAT=00001000 dpcIsr=0 isr=0 msk=ffff0038 hubmsk=000000fd
[   47.095939] (\drivers\directx\rpi5vc4\rpi5vc4_wddm.c:650) RPI5VC4: TDR SMS TEE_CS=00000250 REE_CS=00000200
[   47.106526] (\drivers\directx\rpi5vc4\rpi5vc4_v3d.c:294) RPI5VC4: reset ERR_STAT after clear=00001000
[   47.114766] (\drivers\directx\rpi5vc4\rpi5vc4_wddm.c:654) RPI5VC4: TDR resetting V3D core: ok
[   47.123279] (\drivers\directx\rpi5vc4\rpi5vc4_wddm.c:776) RPI5VC4: report #2 fence=2 node=0
[   47.131605] (\drivers\directx\dxgkrnl\vidsch.c:385) VidSch kick #3 fence=3 node=0 size=64
[   47.139755] (\drivers\directx\rpi5vc4\rpi5vc4_wddm.c:1944) RPI5VC4: submit queued fence=3 node=0 bcl=0121a000..0121a1c0
[   47.150520] (\drivers\directx\rpi5vc4\rpi5vc4_wddm.c:323) RPI5VC4: CL kick fence=3 bcl=0121a000..0121a1c0 rcl=01227000..012270a8 qma=0121d000 qms=8000 qts=01225000
[   47.165090] (\drivers\directx\dxgkrnl\vidsch.c:213) VidSch comp #2 done=2 state=1 pending=84
[   47.183385] MESA: error: v3d: 512 draws: shaders=29033us total=157763us
[   47.318440] MESA: error: v3d: 512 draws: shaders=31302us total=360484us
[   47.395657] RPI5VC4: present #4608 moves=0 dirty=1 flip=3 idx=2 scan=451ad000
[   47.462537] MESA: error: v3d: 512 draws: shaders=33507us total=380429us
[   47.481311] (\drivers\directx\rpi5vc4\rpi5vc4_wddm.c:461) RPI5VC4: V3D job fence=3 timed out — completing (TDR)
[   47.488695] (\drivers\directx\rpi5vc4\rpi5vc4_wddm.c:471) RPI5VC4: TDR CT0CS=00000010 CT0CA=0121a001 CT0EA=0121a1c0 CT1CS=00000000 CT1CA=00000000 INT_STS=00000000
[   47.503184] (\drivers\directx\rpi5vc4\rpi5vc4_wddm.c:483) RPI5VC4: TDR isr=0 MMU_CTL=04090801 VIO_ADDR=00000000 bin=1/0 rend=0 bcl=0121a000..0121a1c0
[   47.516545] (\drivers\directx\rpi5vc4\rpi5vc4_wddm.c:508) RPI5VC4: TDR L2TCACTL=00000000 PCS=00000000 BFC=00000000 RFC=00000000 CT0SYNC=00000000 CT1SYNC=00000000
[   47.530947] (\drivers\directx\rpi5vc4\rpi5vc4_wddm.c:525) RPI5VC4: TDR QMA bytes 38 42 47 44 40 62 b1 21 01 53 00 56 00 00 00 00
[   47.542487] (\drivers\directx\rpi5vc4\rpi5vc4_wddm.c:535) RPI5VC4: TDR CT1CFG=00000000 TILECT=00000000 PTCT=00000000 RA0=00000000/00000000 BPCA=00000000 BPCS=00000000
[   47.557323] (\drivers\directx\rpi5vc4\rpi5vc4_wddm.c:564) RPI5VC4: TDR RCL head 79 00 2c 01 2c 01 00 b1 01 79 02 00 7c 40 00 00
[   47.568775] (\drivers\directx\rpi5vc4\rpi5vc4_wddm.c:590) RPI5VC4: TDR BCL+0c0 00 00 00 3f 00 00 00 00 01 00 00 00 02 00 00 00
[   47.580141] (\drivers\directx\rpi5vc4\rpi5vc4_wddm.c:590) RPI5VC4: TDR BCL+0d0 03 00 00 00 00 00 00 00 01 00 00 00 02 00 00 00
[   47.591508] (\drivers\directx\rpi5vc4\rpi5vc4_wddm.c:590) RPI5VC4: TDR BCL+0e0 c6 b7 d3 be fe 0c 93 40 33 28 e9 be 67 49 c5 be
[   47.602873] (\drivers\directx\rpi5vc4\rpi5vc4_wddm.c:590) RPI5VC4: TDR BCL+0f0 48 ee 89 c0 ca 60 a6 bf 5a 9e 03 bf 36 bd de be
[   47.614239] (\drivers\directx\rpi5vc4\rpi5vc4_wddm.c:590) RPI5VC4: TDR BCL+100 03 00 00 00 00 00 20 40 19 91 bd bf f5 35 76 bf
[   47.625605] (\drivers\directx\rpi5vc4\rpi5vc4_wddm.c:590) RPI5VC4: TDR BCL+110 0b 55 50 bf 99 d8 4f c1 ac 64 3f c1 60 06 0e 42
[   47.636971] (\drivers\directx\rpi5vc4\rpi5vc4_wddm.c:590) RPI5VC4: TDR BCL+120 17 19 1d 42 00 00 16 46 00 00 16 c6 00 00 00 00
[   47.648337] (\drivers\directx\rpi5vc4\rpi5vc4_wddm.c:598) RPI5VC4: TDR BCL head 00 00 00 00 00 00 00 00 00 00 00 00 00 00 80 3f
[   47.659790] (\drivers\directx\rpi5vc4\rpi5vc4_wddm.c:604) RPI5VC4: TDR BCL tail 00 00 80 3f 00 00 00 00 02 00 00 00 0b d7 23 3e
[   47.671242] (\drivers\directx\rpi5vc4\rpi5vc4_wddm.c:613) RPI5VC4: TDR ERR_STAT=00001000 dpcIsr=0 isr=0 msk=ffff0038 hubmsk=000000fd
[   47.683128] (\drivers\directx\rpi5vc4\rpi5vc4_wddm.c:650) RPI5VC4: TDR SMS TEE_CS=00000250 REE_CS=00000200
[   47.693715] (\drivers\directx\rpi5vc4\rpi5vc4_v3d.c:294) RPI5VC4: reset ERR_STAT after clear=00001000
[   47.701955] (\drivers\directx\rpi5vc4\rpi5vc4_wddm.c:654) RPI5VC4: TDR resetting V3D core: ok
[   47.710467] (\drivers\directx\rpi5vc4\rpi5vc4_wddm.c:776) RPI5VC4: report #3 fence=3 node=0
[   47.718793] (\drivers\directx\dxgkrnl\vidsch.c:385) VidSch kick #4 fence=4 node=0 size=64
[   47.726944] (\drivers\directx\rpi5vc4\rpi5vc4_wddm.c:1944) RPI5VC4: submit queued fence=4 node=0 bcl=01198000..011981c0
[   47.737708] (\drivers\directx\rpi5vc4\rpi5vc4_wddm.c:323) RPI5VC4: CL kick fence=4 bcl=01198000..011981c0 rcl=01227000..012270a8 qma=0121d000 qms=8000 qts=01225000
[   47.752279] (\drivers\directx\dxgkrnl\vidsch.c:213) VidSch comp #3 done=3 state=1 pending=174
[   47.879264] MESA: error: v3d: 512 draws: shaders=35741us total=399953us
[   48.009765] MESA: error: v3d: 512 draws: shaders=38000us total=417469us
[   48.065590] (\drivers\directx\rpi5vc4\rpi5vc4_wddm.c:461) RPI5VC4: V3D job fence=4 timed out — completing (TDR)
[   48.072972] (\drivers\directx\rpi5vc4\rpi5vc4_wddm.c:471) RPI5VC4: TDR CT0CS=00000010 CT0CA=01198081 CT0EA=011981c0 CT1CS=00000000 CT1CA=00000000 INT_STS=00000000
[   48.087460] (\drivers\directx\rpi5vc4\rpi5vc4_wddm.c:483) RPI5VC4: TDR isr=0 MMU_CTL=04090801 VIO_ADDR=00000000 bin=1/0 rend=0 bcl=01198000..011981c0
[   48.100822] (\drivers\directx\rpi5vc4\rpi5vc4_wddm.c:508) RPI5VC4: TDR L2TCACTL=00000000 PCS=00000001 BFC=00000000 RFC=00000000 CT0SYNC=00000000 CT1SYNC=00000000
[   48.115224] (\drivers\directx\rpi5vc4\rpi5vc4_wddm.c:525) RPI5VC4: TDR QMA bytes 38 42 47 44 40 62 b1 21 01 53 00 56 00 00 00 00
[   48.126764] (\drivers\directx\rpi5vc4\rpi5vc4_wddm.c:535) RPI5VC4: TDR CT1CFG=00000000 TILECT=00000000 PTCT=00000000 RA0=00000000/00000000 BPCA=01220000 BPCS=00005000
[   48.141600] (\drivers\directx\rpi5vc4\rpi5vc4_wddm.c:564) RPI5VC4: TDR RCL head 79 00 2c 01 2c 01 00 b1 01 79 02 00 7c 40 00 00
[   48.153052] (\drivers\directx\rpi5vc4\rpi5vc4_wddm.c:590) RPI5VC4: TDR BCL+0c0 58 47 44 40 02 a6 21 01 2c 00 70 09 01 00 10 10
[   48.164418] (\drivers\directx\rpi5vc4\rpi5vc4_wddm.c:590) RPI5VC4: TDR BCL+0d0 00 20 84 78 00 00 00 70 2f 00 00 62 40 0f 00 00
[   48.175784] (\drivers\directx\rpi5vc4\rpi5vc4_wddm.c:590) RPI5VC4: TDR BCL+0e0 63 58 47 44 40 a1 a7 21 01 2c 00 70 09 01 00 10
[   48.187150] (\drivers\directx\rpi5vc4\rpi5vc4_wddm.c:590) RPI5VC4: TDR BCL+0f0 10 00 20 84 b4 00 00 00 c0 33 00 00 47 44 40 21
[   48.198516] (\drivers\directx\rpi5vc4\rpi5vc4_wddm.c:590) RPI5VC4: TDR BCL+100 03 00 00 00 00 00 20 40 19 91 bd bf f5 35 76 bf
[   48.209882] (\drivers\directx\rpi5vc4\rpi5vc4_wddm.c:590) RPI5VC4: TDR BCL+110 0b 55 50 bf 99 d8 4f c1 ac 64 3f c1 60 06 0e 42
[   48.221247] (\drivers\directx\rpi5vc4\rpi5vc4_wddm.c:590) RPI5VC4: TDR BCL+120 17 19 1d 42 00 00 16 46 00 00 16 c6 00 00 00 00
[   48.232614] (\drivers\directx\rpi5vc4\rpi5vc4_wddm.c:598) RPI5VC4: TDR BCL head 77 00 78 04 1b 00 00 2b 01 2b 01 13 5c 00 00 00
[   48.244066] (\drivers\directx\rpi5vc4\rpi5vc4_wddm.c:604) RPI5VC4: TDR BCL tail 00 00 80 3f 00 00 00 00 02 00 00 00 0b d7 23 3e
[   48.255519] (\drivers\directx\rpi5vc4\rpi5vc4_wddm.c:613) RPI5VC4: TDR ERR_STAT=00001000 dpcIsr=0 isr=0 msk=ffff0038 hubmsk=000000fd
[   48.267405] (\drivers\directx\rpi5vc4\rpi5vc4_wddm.c:650) RPI5VC4: TDR SMS TEE_CS=00000250 REE_CS=00000200
[   48.277992] (\drivers\directx\rpi5vc4\rpi5vc4_v3d.c:294) RPI5VC4: reset ERR_STAT after clear=00001000
[   48.286232] (\drivers\directx\rpi5vc4\rpi5vc4_wddm.c:654) RPI5VC4: TDR resetting V3D core: ok
[   48.294744] (\drivers\directx\rpi5vc4\rpi5vc4_wddm.c:776) RPI5VC4: report #4 fence=4 node=0
[   48.303071] (\drivers\directx\dxgkrnl\vidsch.c:385) VidSch kick #5 fence=5 node=0 size=64
[   48.311221] (\drivers\directx\rpi5vc4\rpi5vc4_wddm.c:1944) RPI5VC4: submit queued fence=5 node=0 bcl=0121a000..0121a1c0
[   48.321985] (\drivers\directx\rpi5vc4\rpi5vc4_wddm.c:323) RPI5VC4: CL kick fence=5 bcl=0121a000..0121a1c0 rcl=01227000..012270a8 qma=0121d000 qms=8000 qts=01225000
[   48.336555] (\drivers\directx\dxgkrnl\vidsch.c:213) VidSch comp #4 done=4 state=1 pending=270
[   48.424376] MESA: error: v3d: 512 draws: shaders=40310us total=435004us
[   48.558677] MESA: error: v3d: 512 draws: shaders=42497us total=449768us
[   48.649524] (\drivers\directx\rpi5vc4\rpi5vc4_wddm.c:461) RPI5VC4: V3D job fence=5 timed out — completing (TDR)
[   48.656909] (\drivers\directx\rpi5vc4\rpi5vc4_wddm.c:471) RPI5VC4: TDR CT0CS=00000010 CT0CA=0121a001 CT0EA=0121a1c0 CT1CS=00000000 CT1CA=00000000 INT_STS=00000000
[   48.671394] (\drivers\directx\rpi5vc4\rpi5vc4_wddm.c:483) RPI5VC4: TDR isr=0 MMU_CTL=04090801 VIO_ADDR=00000000 bin=1/0 rend=0 bcl=0121a000..0121a1c0
[   48.684756] (\drivers\directx\rpi5vc4\rpi5vc4_wddm.c:508) RPI5VC4: TDR L2TCACTL=00000000 PCS=00000000 BFC=00000000 RFC=00000000 CT0SYNC=00000000 CT1SYNC=00000000
[   48.699160] (\drivers\directx\rpi5vc4\rpi5vc4_wddm.c:525) RPI5VC4: TDR QMA bytes 38 42 47 44 40 62 b1 21 01 53 00 56 00 00 00 00
[   48.710697] (\drivers\directx\rpi5vc4\rpi5vc4_wddm.c:535) RPI5VC4: TDR CT1CFG=00000000 TILECT=00000000 PTCT=00000000 RA0=00000000/00000000 BPCA=00000000 BPCS=00000000
[   48.725533] (\drivers\directx\rpi5vc4\rpi5vc4_wddm.c:564) RPI5VC4: TDR RCL head 79 00 2c 01 2c 01 00 b1 01 79 02 00 7c 40 00 00
[   48.736986] (\drivers\directx\rpi5vc4\rpi5vc4_wddm.c:590) RPI5VC4: TDR BCL+0c0 00 00 00 3f 00 00 00 00 01 00 00 00 02 00 00 00
[   48.748352] (\drivers\directx\rpi5vc4\rpi5vc4_wddm.c:590) RPI5VC4: TDR BCL+0d0 03 00 00 00 00 00 00 00 01 00 00 00 02 00 00 00
[   48.759717] (\drivers\directx\rpi5vc4\rpi5vc4_wddm.c:590) RPI5VC4: TDR BCL+0e0 7c 79 8a c0 f1 85 2f bf e4 c6 11 bf 0d b3 f6 be
[   48.771083] (\drivers\directx\rpi5vc4\rpi5vc4_wddm.c:590) RPI5VC4: TDR BCL+0f0 86 5b 1f be af 3c 97 c0 1b 9a c4 3e 04 5b a6 3e
[   48.782449] (\drivers\directx\rpi5vc4\rpi5vc4_wddm.c:590) RPI5VC4: TDR BCL+100 03 00 00 00 00 00 20 40 19 91 bd bf f5 35 76 bf
[   48.793815] (\drivers\directx\rpi5vc4\rpi5vc4_wddm.c:590) RPI5VC4: TDR BCL+110 0b 55 50 bf 99 d8 4f c1 ac 64 3f c1 60 06 0e 42
[   48.805182] (\drivers\directx\rpi5vc4\rpi5vc4_wddm.c:590) RPI5VC4: TDR BCL+120 17 19 1d 42 00 00 16 46 00 00 16 c6 00 00 00 00
[   48.816548] (\drivers\directx\rpi5vc4\rpi5vc4_wddm.c:598) RPI5VC4: TDR BCL head 00 00 00 00 00 00 00 00 00 00 00 00 00 00 80 3f
[   48.828000] (\drivers\directx\rpi5vc4\rpi5vc4_wddm.c:604) RPI5VC4: TDR BCL tail 00 00 80 3f 00 00 00 00 02 00 00 00 0b d7 23 3e
[   48.839452] (\drivers\directx\rpi5vc4\rpi5vc4_wddm.c:613) RPI5VC4: TDR ERR_STAT=00001000 dpcIsr=0 isr=0 msk=ffff0038 hubmsk=000000fd
[   48.851339] (\drivers\directx\rpi5vc4\rpi5vc4_wddm.c:650) RPI5VC4: TDR SMS TEE_CS=00000250 REE_CS=00000200
[   48.861925] (\drivers\directx\rpi5vc4\rpi5vc4_v3d.c:294) RPI5VC4: reset ERR_STAT after clear=00001000
[   48.870165] (\drivers\directx\rpi5vc4\rpi5vc4_wddm.c:654) RPI5VC4: TDR resetting V3D core: ok
[   48.878678] (\drivers\directx\rpi5vc4\rpi5vc4_wddm.c:776) RPI5VC4: report #5 fence=5 node=0
[   48.887004] (\drivers\directx\dxgkrnl\vidsch.c:385) VidSch kick #6 fence=6 node=0 size=64
[   48.895154] (\drivers\directx\rpi5vc4\rpi5vc4_wddm.c:1944) RPI5VC4: submit queued fence=6 node=0 bcl=01198000..011981c0
[   48.905918] (\drivers\directx\rpi5vc4\rpi5vc4_wddm.c:323) RPI5VC4: CL kick fence=6 bcl=01198000..011981c0 rcl=01227000..012270a8 qma=0121d000 qms=8000 qts=01225000
[   48.920489] (\drivers\directx\dxgkrnl\vidsch.c:213) VidSch comp #5 done=5 state=1 pending=379
[   48.952056] MESA: error: v3d: 512 draws: shaders=44775us total=468257us
[   49.016320] RPI5VC4: present #4672 moves=0 dirty=1 flip=3 idx=2 scan=451ad000
[   49.105109] MESA: error: v3d: 512 draws: shaders=46967us total=740828us
[   49.233000] (\drivers\directx\rpi5vc4\rpi5vc4_wddm.c:461) RPI5VC4: V3D job fence=6 timed out — completing (TDR)
[   49.240336] MESA: error: v3d: 512 draws: shaders=49132us total=760573us
[   49.240391] (\drivers\directx\rpi5vc4\rpi5vc4_wddm.c:471) RPI5VC4: TDR CT0CS=00000010 CT0CA=0119818a CT0EA=011981c0 CT1CS=00000000 CT1CA=00000000 INT_STS=00000000
[   49.261471] (\drivers\directx\rpi5vc4\rpi5vc4_wddm.c:483) RPI5VC4: TDR isr=0 MMU_CTL=04090801 VIO_ADDR=00000000 bin=1/0 rend=0 bcl=01198000..011981c0
[   49.274832] (\drivers\directx\rpi5vc4\rpi5vc4_wddm.c:508) RPI5VC4: TDR L2TCACTL=00000000 PCS=00000001 BFC=00000000 RFC=00000000 CT0SYNC=00000000 CT1SYNC=00000000
[   49.289234] (\drivers\directx\rpi5vc4\rpi5vc4_wddm.c:525) RPI5VC4: TDR QMA bytes 38 42 47 44 40 e1 ad 21 01 53 00 56 00 00 00 00
[   49.300774] (\drivers\directx\rpi5vc4\rpi5vc4_wddm.c:535) RPI5VC4: TDR CT1CFG=00000000 TILECT=00000000 PTCT=00000000 RA0=00000000/00000000 BPCA=01220000 BPCS=00005000
[   49.315610] (\drivers\directx\rpi5vc4\rpi5vc4_wddm.c:564) RPI5VC4: TDR RCL head 79 00 2c 01 2c 01 00 b1 01 79 02 00 7c 40 00 00
[   49.327063] (\drivers\directx\rpi5vc4\rpi5vc4_wddm.c:590) RPI5VC4: TDR BCL+0c0 00 00 00 3f 00 00 00 00 01 00 00 00 02 00 00 00
[   49.338428] (\drivers\directx\rpi5vc4\rpi5vc4_wddm.c:590) RPI5VC4: TDR BCL+0d0 03 00 00 00 00 00 00 00 01 00 00 00 02 00 00 00
[   49.349794] (\drivers\directx\rpi5vc4\rpi5vc4_wddm.c:590) RPI5VC4: TDR BCL+0e0 ff 89 5e c0 ea 25 5f c0 3e ed 51 be 5c a1 31 be
[   49.361160] (\drivers\directx\rpi5vc4\rpi5vc4_wddm.c:590) RPI5VC4: TDR BCL+0f0 d6 27 25 40 44 db 50 c0 f4 ce 27 3f e3 fd 0d 3f
[   49.372526] (\drivers\directx\rpi5vc4\rpi5vc4_wddm.c:590) RPI5VC4: TDR BCL+100 03 00 00 00 00 00 20 40 19 91 bd bf f5 35 76 bf
[   49.383892] (\drivers\directx\rpi5vc4\rpi5vc4_wddm.c:590) RPI5VC4: TDR BCL+110 0b 55 50 bf 99 d8 4f c1 ac 64 3f c1 60 06 0e 42
[   49.390269] MESA: error: v3d: 512 draws: shaders=51174us total=780847us
[   49.395259] (\drivers\directx\rpi5vc4\rpi5vc4_wddm.c:590) RPI5VC4: TDR BCL+120 17 19 1d 42 00 00 16 46 00 00 16 c6 00 00 00 00
[   49.413219] (\drivers\directx\rpi5vc4\rpi5vc4_wddm.c:598) RPI5VC4: TDR BCL head 77 00 78 04 1b 00 00 2b 01 2b 01 13 5c 00 00 00
[   49.424670] (\drivers\directx\rpi5vc4\rpi5vc4_wddm.c:604) RPI5VC4: TDR BCL tail 00 00 80 3f 00 00 00 00 02 00 00 00 0b d7 23 3e
[   49.436123] (\drivers\directx\rpi5vc4\rpi5vc4_wddm.c:613) RPI5VC4: TDR ERR_STAT=00001000 dpcIsr=0 isr=0 msk=ffff0038 hubmsk=000000fd
[   49.448009] (\drivers\directx\rpi5vc4\rpi5vc4_wddm.c:650) RPI5VC4: TDR SMS TEE_CS=00000250 REE_CS=00000200
[   49.458597] (\drivers\directx\rpi5vc4\rpi5vc4_v3d.c:294) RPI5VC4: reset ERR_STAT after clear=00001000
[   49.466836] (\drivers\directx\rpi5vc4\rpi5vc4_wddm.c:654) RPI5VC4: TDR resetting V3D core: ok
[   49.475351] (\drivers\directx\rpi5vc4\rpi5vc4_wddm.c:776) RPI5VC4: report #6 fence=6 node=0
[   49.483674] (\drivers\directx\dxgkrnl\vidsch.c:385) VidSch kick #7 fence=7 node=0 size=64
[   49.491825] (\drivers\directx\rpi5vc4\rpi5vc4_wddm.c:1944) RPI5VC4: submit queued fence=7 node=0 bcl=0121a000..0121a1c0
[   49.502590] (\drivers\directx\rpi5vc4\rpi5vc4_wddm.c:323) RPI5VC4: CL kick fence=7 bcl=0121a000..0121a1c0 rcl=01227000..012270a8 qma=0121d000 qms=8000 qts=01225000
[   49.517159] (\drivers\directx\dxgkrnl\vidsch.c:213) VidSch comp #6 done=6 state=1 pending=531
[   49.584860] MESA: error: v3d: 512 draws: shaders=53263us total=799039us
[   49.719074] MESA: error: v3d: 512 draws: shaders=55454us total=813995us
[   49.829951] (\drivers\directx\rpi5vc4\rpi5vc4_wddm.c:461) RPI5VC4: V3D job fence=7 timed out — completing (TDR)
[   49.837335] (\drivers\directx\rpi5vc4\rpi5vc4_wddm.c:471) RPI5VC4: TDR CT0CS=00000010 CT0CA=0121a045 CT0EA=0121a1c0 CT1CS=00000000 CT1CA=00000000 INT_STS=00000000
[   49.851820] (\drivers\directx\rpi5vc4\rpi5vc4_wddm.c:483) RPI5VC4: TDR isr=0 MMU_CTL=04090801 VIO_ADDR=00000000 bin=1/0 rend=0 bcl=0121a000..0121a1c0
[   49.865182] (\drivers\directx\rpi5vc4\rpi5vc4_wddm.c:508) RPI5VC4: TDR L2TCACTL=00000000 PCS=00000001 BFC=00000000 RFC=00000000 CT0SYNC=00000000 CT1SYNC=00000000
[   49.879584] (\drivers\directx\rpi5vc4\rpi5vc4_wddm.c:525) RPI5VC4: TDR QMA bytes 38 42 47 44 40 e1 ad 21 01 53 00 56 00 00 00 00
[   49.891124] (\drivers\directx\rpi5vc4\rpi5vc4_wddm.c:535) RPI5VC4: TDR CT1CFG=00000000 TILECT=00000000 PTCT=00000000 RA0=00000000/00000000 BPCA=01220000 BPCS=00005000
[   49.905961] (\drivers\directx\rpi5vc4\rpi5vc4_wddm.c:564) RPI5VC4: TDR RCL head 79 00 2c 01 2c 01 00 b1 01 79 02 00 7c 40 00 00
[   49.917413] (\drivers\directx\rpi5vc4\rpi5vc4_wddm.c:590) RPI5VC4: TDR BCL+0c0 00 00 00 3f 00 00 00 00 01 00 00 00 02 00 00 00
[   49.928779] (\drivers\directx\rpi5vc4\rpi5vc4_wddm.c:590) RPI5VC4: TDR BCL+0d0 03 00 00 00 00 00 00 00 01 00 00 00 02 00 00 00
[   49.940145] (\drivers\directx\rpi5vc4\rpi5vc4_wddm.c:590) RPI5VC4: TDR BCL+0e0 b3 d8 48 bf e4 d1 98 c0 57 04 98 3e 36 a1 80 3e
[   49.951510] (\drivers\directx\rpi5vc4\rpi5vc4_wddm.c:590) RPI5VC4: TDR BCL+0f0 4b 45 88 40 8f 51 2a bc ad 8b 1e 3f 6b 27 06 3f
[   49.962876] (\drivers\directx\rpi5vc4\rpi5vc4_wddm.c:590) RPI5VC4: TDR BCL+100 03 00 00 00 00 00 20 40 19 91 bd bf f5 35 76 bf
[   49.974243] (\drivers\directx\rpi5vc4\rpi5vc4_wddm.c:590) RPI5VC4: TDR BCL+110 0b 55 50 bf 99 d8 4f c1 ac 64 3f c1 60 06 0e 42
[   49.985608] (\drivers\directx\rpi5vc4\rpi5vc4_wddm.c:590) RPI5VC4: TDR BCL+120 17 19 1d 42 00 00 16 46 00 00 16 c6 00 00 00 00
[   49.996974] (\drivers\directx\rpi5vc4\rpi5vc4_wddm.c:598) RPI5VC4: TDR BCL head 00 00 00 00 00 00 00 00 00 00 00 00 00 00 80 3f
[   50.008427] (\drivers\directx\rpi5vc4\rpi5vc4_wddm.c:604) RPI5VC4: TDR BCL tail 00 00 80 3f 00 00 00 00 02 00 00 00 0b d7 23 3e
[   50.019880] (\drivers\directx\rpi5vc4\rpi5vc4_wddm.c:613) RPI5VC4: TDR ERR_STAT=00001000 dpcIsr=0 isr=0 msk=ffff0038 hubmsk=000000fd
[   50.031766] (\drivers\directx\rpi5vc4\rpi5vc4_wddm.c:650) RPI5VC4: TDR SMS TEE_CS=00000250 REE_CS=00000200
[   50.042352] (\drivers\directx\rpi5vc4\rpi5vc4_v3d.c:294) RPI5VC4: reset ERR_STAT after clear=00001000
[   50.050592] (\drivers\directx\rpi5vc4\rpi5vc4_wddm.c:654) RPI5VC4: TDR resetting V3D core: ok
[   50.059105] (\drivers\directx\rpi5vc4\rpi5vc4_wddm.c:776) RPI5VC4: report #7 fence=7 node=0
[   50.067431] (\drivers\directx\dxgkrnl\vidsch.c:385) VidSch kick #8 fence=8 node=0 size=64
[   50.075582] (\drivers\directx\rpi5vc4\rpi5vc4_wddm.c:1944) RPI5VC4: submit queued fence=8 node=0 bcl=01198000..011981c0
[   50.086346] (\drivers\directx\rpi5vc4\rpi5vc4_wddm.c:323) RPI5VC4: CL kick fence=8 bcl=01198000..011981c0 rcl=01227000..012270a8 qma=0121d000 qms=8000 qts=01225000
[   50.100916] (\drivers\directx\dxgkrnl\vidsch.c:213) VidSch comp #7 done=7 state=1 pending=627
[   50.135423] MESA: error: v3d: 512 draws: shaders=57610us total=833711us
[   50.291145] MESA: error: v3d: 512 draws: shaders=59856us total=848702us
[   50.330444] RPI5VC4: present #4736 moves=0 dirty=1 flip=3 idx=0 scan=441db000
[   50.415014] (\drivers\directx\rpi5vc4\rpi5vc4_wddm.c:461) RPI5VC4: V3D job fence=8 timed out — completing (TDR)
[   50.423354] (\drivers\directx\rpi5vc4\rpi5vc4_v3d.c:294) RPI5VC4: reset ERR_STAT after clear=00001000
[   50.431592] (\drivers\directx\rpi5vc4\rpi5vc4_wddm.c:654) RPI5VC4: TDR resetting V3D core: ok
[   50.440101] (\drivers\directx\rpi5vc4\rpi5vc4_wddm.c:776) RPI5VC4: report #8 fence=8 node=0
[   50.448428] (\drivers\directx\dxgkrnl\vidsch.c:385) VidSch kick #9 fence=9 node=0 size=64
[   50.456578] (\drivers\directx\rpi5vc4\rpi5vc4_wddm.c:1944) RPI5VC4: submit queued fence=9 node=0 bcl=0121a000..0121a1c0
[   50.467342] (\drivers\directx\rpi5vc4\rpi5vc4_wddm.c:323) RPI5VC4: CL kick fence=9 bcl=0121a000..0121a1c0 rcl=01227000..012270a8 qma=0121d000 qms=8000 qts=01225000
[   50.481912] (\drivers\directx\dxgkrnl\vidsch.c:213) VidSch comp #8 done=8 state=1 pending=718
[   50.499612] MESA: error: v3d: 512 draws: shaders=62056us total=863601us
[   50.631921] MESA: error: v3d: 512 draws: shaders=64268us total=948468us
[   50.650311] (\win32ss\drivers\wddm\wddm_bridge.c:417) WddmBridgeSendIoctl: IOCTL 0x002305C0 failed with 0x80000011
[   50.658805] (\win32ss\drivers\wddm\wddm_bridge.c:417) WddmBridgeSendIoctl: IOCTL 0x002305C0 failed with 0x80000011
[   50.668831] (\win32ss\drivers\wddm\wddm_bridge.c:417) WddmBridgeSendIoctl: IOCTL 0x002305C0 failed with 0x80000011
[   50.678818] (\win32ss\drivers\wddm\wddm_bridge.c:417) WddmBridgeSendIoctl: IOCTL 0x002305C0 failed with 0x80000011
[   50.688822] (\win32ss\drivers\wddm\wddm_bridge.c:417) WddmBridgeSendIoctl: IOCTL 0x002305C0 failed with 0x80000011
[   50.699831] (\win32ss\drivers\wddm\wddm_bridge.c:417) WddmBridgeSendIoctl: IOCTL 0x002305C0 failed with 0x80000011
[   50.709839] (\win32ss\drivers\wddm\wddm_bridge.c:417) WddmBridgeSendIoctl: IOCTL 0x002305C0 failed with 0x80000011
[   50.719847] (\win32ss\drivers\wddm\wddm_bridge.c:417) WddmBridgeSendIoctl: IOCTL 0x002305C0 failed with 0x80000011
[   50.801921] (\drivers\directx\rpi5vc4\rpi5vc4_wddm.c:461) RPI5VC4: V3D job fence=9 timed out — completing (TDR)
[   50.810254] (\drivers\directx\rpi5vc4\rpi5vc4_v3d.c:294) RPI5VC4: reset ERR_STAT after clear=00001000
[   50.818491] (\drivers\directx\rpi5vc4\rpi5vc4_wddm.c:654) RPI5VC4: TDR resetting V3D core: ok
[   50.827006] (\drivers\directx\rpi5vc4\rpi5vc4_wddm.c:776) RPI5VC4: report #9 fence=9 node=0
[   50.835329] (\drivers\directx\dxgkrnl\vidsch.c:385) VidSch kick #10 fence=10 node=0 size=64
[   50.843653] (\drivers\directx\rpi5vc4\rpi5vc4_wddm.c:1944) RPI5VC4: submit queued fence=10 node=0 bcl=01198000..011981c0
[   50.854504] (\drivers\directx\rpi5vc4\rpi5vc4_wddm.c:323) RPI5VC4: CL kick fence=10 bcl=01198000..011981c0 rcl=01227000..012270a8 qma=0121d000 qms=8000 qts=01225000
[   50.869161] (\drivers\directx\dxgkrnl\vidsch.c:213) VidSch comp #9 done=9 state=1 pending=764
[   51.175877] (\drivers\directx\rpi5vc4\rpi5vc4_wddm.c:461) RPI5VC4: V3D job fence=10 timed out — completing (TDR)
[   51.186193] (\drivers\directx\rpi5vc4\rpi5vc4_v3d.c:294) RPI5VC4: reset ERR_STAT after clear=00001000
[   51.192532] (\drivers\directx\rpi5vc4\rpi5vc4_wddm.c:654) RPI5VC4: TDR resetting V3D core: ok
[   51.201048] (\drivers\directx\rpi5vc4\rpi5vc4_wddm.c:776) RPI5VC4: report #10 fence=10 node=0
[   51.209543] (\drivers\directx\dxgkrnl\vidsch.c:385) VidSch kick #11 fence=11 node=0 size=64
[   51.217868] (\drivers\directx\rpi5vc4\rpi5vc4_wddm.c:1944) RPI5VC4: submit queued fence=11 node=0 bcl=0121a000..0121a1c0
[   51.228720] (\drivers\directx\rpi5vc4\rpi5vc4_wddm.c:323) RPI5VC4: CL kick fence=11 bcl=0121a000..0121a1c0 rcl=01227000..012270a8 qma=0121d000 qms=8000 qts=01225000
[   51.243377] (\drivers\directx\dxgkrnl\vidsch.c:213) VidSch comp #10 done=10 state=1 pending=763
[   51.550301] (\drivers\directx\rpi5vc4\rpi5vc4_wddm.c:461) RPI5VC4: V3D job fence=11 timed out — completing (TDR)
[   51.561222] (\drivers\directx\rpi5vc4\rpi5vc4_v3d.c:294) RPI5VC4: reset ERR_STAT after clear=00001000
[   51.567550] (\drivers\directx\rpi5vc4\rpi5vc4_wddm.c:654) RPI5VC4: TDR resetting V3D core: ok
[   51.576058] (\drivers\directx\rpi5vc4\rpi5vc4_wddm.c:776) RPI5VC4: report #11 fence=11 node=0
[   51.584558] (\drivers\directx\dxgkrnl\vidsch.c:385) VidSch kick #12 fence=12 node=0 size=64
[   51.592886] (\drivers\directx\rpi5vc4\rpi5vc4_wddm.c:1944) RPI5VC4: submit queued fence=12 node=0 bcl=01198000..011981c0
[   51.603734] (\drivers\directx\rpi5vc4\rpi5vc4_wddm.c:323) RPI5VC4: CL kick fence=12 bcl=01198000..011981c0 rcl=01227000..012270a8 qma=0121d000 qms=8000 qts=01225000
[   51.618395] (\drivers\directx\dxgkrnl\vidsch.c:213) VidSch comp #11 done=11 state=1 pending=762
[   51.628073] (\drivers\directx\rpi5vc4\rpi5vc4_wddm.c:365) RPI5VC4: kick fence=12 ERR_STAT=00001000
[   51.636090] (\drivers\directx\rpi5vc4\rpi5vc4_wddm.c:776) RPI5VC4: report #12 fence=12 node=0
[   51.644510] (\drivers\directx\dxgkrnl\vidsch.c:385) VidSch kick #13 fence=13 node=0 size=64
[   51.652838] (\drivers\directx\rpi5vc4\rpi5vc4_wddm.c:1944) RPI5VC4: submit queued fence=13 node=0 bcl=0121a000..0121a1c0
[   51.663692] (\drivers\directx\rpi5vc4\rpi5vc4_wddm.c:323) RPI5VC4: CL kick fence=13 bcl=0121a000..0121a1c0 rcl=01227000..012270a8 qma=0121d000 qms=8000 qts=01225000
[   51.678350] (\drivers\directx\dxgkrnl\vidsch.c:213) VidSch comp #12 done=12 state=1 pending=761
[   51.985314] (\drivers\directx\rpi5vc4\rpi5vc4_wddm.c:461) RPI5VC4: V3D job fence=13 timed out — completing (TDR)
[   51.994629] (\drivers\directx\rpi5vc4\rpi5vc4_v3d.c:294) RPI5VC4: reset ERR_STAT after clear=00001000
[   52.001971] (\drivers\directx\rpi5vc4\rpi5vc4_wddm.c:654) RPI5VC4: TDR resetting V3D core: ok
[   52.010486] (\drivers\directx\rpi5vc4\rpi5vc4_wddm.c:776) RPI5VC4: report #13 fence=13 node=0
[   52.018980] (\drivers\directx\dxgkrnl\vidsch.c:385) VidSch kick #14 fence=14 node=0 size=64
[   52.027306] (\drivers\directx\rpi5vc4\rpi5vc4_wddm.c:1944) RPI5VC4: submit queued fence=14 node=0 bcl=01198000..011981c0
[   52.038158] (\drivers\directx\rpi5vc4\rpi5vc4_wddm.c:323) RPI5VC4: CL kick fence=14 bcl=01198000..011981c0 rcl=01227000..012270a8 qma=0121d000 qms=8000 qts=01225000
[   52.052817] (\drivers\directx\dxgkrnl\vidsch.c:213) VidSch comp #13 done=13 state=1 pending=760
[   52.062497] (\drivers\directx\rpi5vc4\rpi5vc4_wddm.c:365) RPI5VC4: kick fence=14 ERR_STAT=00001000
[   52.070586] (\drivers\directx\rpi5vc4\rpi5vc4_wddm.c:776) RPI5VC4: report #14 fence=14 node=0
[   52.078934] (\drivers\directx\dxgkrnl\vidsch.c:385) VidSch kick #15 fence=15 node=0 size=64
[   52.087259] (\drivers\directx\rpi5vc4\rpi5vc4_wddm.c:1944) RPI5VC4: submit queued fence=15 node=0 bcl=0121a000..0121a1c0
[   52.098111] (\drivers\directx\rpi5vc4\rpi5vc4_wddm.c:323) RPI5VC4: CL kick fence=15 bcl=0121a000..0121a1c0 rcl=01227000..012270a8 qma=0121d000 qms=8000 qts=01225000
[   52.112769] (\drivers\directx\dxgkrnl\vidsch.c:213) VidSch comp #14 done=14 state=1 pending=759
[   52.162501] (\win32ss\drivers\wddm\wddm_bridge.c:408) WddmBridgeSendIoctl: IOCTL 0x002305C0 failed with 0x80000011 (x1024)
[   52.419744] (\drivers\directx\rpi5vc4\rpi5vc4_wddm.c:461) RPI5VC4: V3D job fence=15 timed out — completing (TDR)
[   52.428162] (\drivers\directx\rpi5vc4\rpi5vc4_v3d.c:294) RPI5VC4: reset ERR_STAT after clear=00001000
[   52.436401] (\drivers\directx\rpi5vc4\rpi5vc4_wddm.c:654) RPI5VC4: TDR resetting V3D core: ok
[   52.444915] (\drivers\directx\rpi5vc4\rpi5vc4_wddm.c:776) RPI5VC4: report #15 fence=15 node=0
[   52.453410] (\drivers\directx\dxgkrnl\vidsch.c:385) VidSch kick #16 fence=16 node=0 size=64
[   52.461736] (\drivers\directx\rpi5vc4\rpi5vc4_wddm.c:1944) RPI5VC4: submit queued fence=16 node=0 bcl=01198000..011981c0
[   52.472588] (\drivers\directx\rpi5vc4\rpi5vc4_wddm.c:323) RPI5VC4: CL kick fence=16 bcl=01198000..011981c0 rcl=01227000..012270a8 qma=0121d000 qms=8000 qts=01225000
[   52.487246] (\drivers\directx\dxgkrnl\vidsch.c:213) VidSch comp #15 done=15 state=1 pending=758
[   52.496927] (\drivers\directx\rpi5vc4\rpi5vc4_wddm.c:365) RPI5VC4: kick fence=16 ERR_STAT=00001000
[   52.505016] (\drivers\directx\rpi5vc4\rpi5vc4_wddm.c:776) RPI5VC4: report #16 fence=16 node=0
[   52.513363] (\drivers\directx\dxgkrnl\vidsch.c:385) VidSch kick #17 fence=17 node=0 size=64
[   52.521689] (\drivers\directx\rpi5vc4\rpi5vc4_wddm.c:1944) RPI5VC4: submit queued fence=17 node=0 bcl=0121a000..0121a1c0
[   52.532540] (\drivers\directx\rpi5vc4\rpi5vc4_wddm.c:323) RPI5VC4: CL kick fence=17 bcl=0121a000..0121a1c0 rcl=01227000..012270a8 qma=0121d000 qms=8000 qts=01225000
[   52.547198] (\drivers\directx\dxgkrnl\vidsch.c:213) VidSch comp #16 done=16 state=1 pending=757
[   52.854122] (\drivers\directx\rpi5vc4\rpi5vc4_wddm.c:461) RPI5VC4: V3D job fence=17 timed out — completing (TDR)
[   52.862545] (\drivers\directx\rpi5vc4\rpi5vc4_v3d.c:294) RPI5VC4: reset ERR_STAT after clear=00001000
[   52.870781] (\drivers\directx\rpi5vc4\rpi5vc4_wddm.c:654) RPI5VC4: TDR resetting V3D core: ok
[   52.879296] (\drivers\directx\rpi5vc4\rpi5vc4_wddm.c:776) RPI5VC4: report #17 fence=17 node=0
[   52.887791] (\drivers\directx\dxgkrnl\vidsch.c:385) VidSch kick #18 fence=18 node=0 size=64
[   52.896117] (\drivers\directx\rpi5vc4\rpi5vc4_wddm.c:1944) RPI5VC4: submit queued fence=18 node=0 bcl=01198000..011981c0
[   52.906968] (\drivers\directx\rpi5vc4\rpi5vc4_wddm.c:323) RPI5VC4: CL kick fence=18 bcl=01198000..011981c0 rcl=01227000..012270a8 qma=0121d000 qms=8000 qts=01225000
[   52.921627] (\drivers\directx\dxgkrnl\vidsch.c:213) VidSch comp #17 done=17 state=1 pending=756
[   52.931308] (\drivers\directx\rpi5vc4\rpi5vc4_wddm.c:365) RPI5VC4: kick fence=18 ERR_STAT=00001000
[   52.939396] (\drivers\directx\rpi5vc4\rpi5vc4_wddm.c:776) RPI5VC4: report #18 fence=18 node=0
[   52.947744] (\drivers\directx\dxgkrnl\vidsch.c:385) VidSch kick #19 fence=19 node=0 size=64
[   52.956070] (\drivers\directx\rpi5vc4\rpi5vc4_wddm.c:1944) RPI5VC4: submit queued fence=19 node=0 bcl=0121a000..0121a1c0
[   52.966921] (\drivers\directx\rpi5vc4\rpi5vc4_wddm.c:323) RPI5VC4: CL kick fence=19 bcl=0121a000..0121a1c0 rcl=01227000..012270a8 qma=0121d000 qms=8000 qts=01225000
[   52.981578] (\drivers\directx\dxgkrnl\vidsch.c:213) VidSch comp #18 done=18 state=1 pending=755
[   53.288506] (\drivers\directx\rpi5vc4\rpi5vc4_wddm.c:461) RPI5VC4: V3D job fence=19 timed out — completing (TDR)
[   53.297025] (\drivers\directx\rpi5vc4\rpi5vc4_v3d.c:294) RPI5VC4: reset ERR_STAT after clear=00001000
[   53.305163] (\drivers\directx\rpi5vc4\rpi5vc4_wddm.c:654) RPI5VC4: TDR resetting V3D core: ok
[   53.313678] (\drivers\directx\rpi5vc4\rpi5vc4_wddm.c:776) RPI5VC4: report #19 fence=19 node=0
[   53.322172] (\drivers\directx\dxgkrnl\vidsch.c:385) VidSch kick #20 fence=20 node=0 size=64
[   53.330499] (\drivers\directx\rpi5vc4\rpi5vc4_wddm.c:1944) RPI5VC4: submit queued fence=20 node=0 bcl=01198000..011981c0
[   53.341350] (\drivers\directx\rpi5vc4\rpi5vc4_wddm.c:323) RPI5VC4: CL kick fence=20 bcl=01198000..011981c0 rcl=01227000..012270a8 qma=0121d000 qms=8000 qts=01225000
[   53.356010] (\drivers\directx\dxgkrnl\vidsch.c:213) VidSch comp #19 done=19 state=1 pending=754
[   53.365689] (\drivers\directx\rpi5vc4\rpi5vc4_wddm.c:365) RPI5VC4: kick fence=20 ERR_STAT=00001000
[   53.373779] (\drivers\directx\rpi5vc4\rpi5vc4_wddm.c:776) RPI5VC4: report #20 fence=20 node=0
[   53.382126] (\drivers\directx\dxgkrnl\vidsch.c:385) VidSch kick #21 fence=21 node=0 size=64
[   53.390452] (\drivers\directx\rpi5vc4\rpi5vc4_wddm.c:1944) RPI5VC4: submit queued fence=21 node=0 bcl=0121a000..0121a1c0
[   53.401303] (\drivers\directx\rpi5vc4\rpi5vc4_wddm.c:323) RPI5VC4: CL kick fence=21 bcl=0121a000..0121a1c0 rcl=01227000..012270a8 qma=0121d000 qms=8000 qts=01225000
[   53.415960] (\drivers\directx\dxgkrnl\vidsch.c:213) VidSch comp #20 done=20 state=1 pending=753
[   53.592758] (\win32ss\drivers\wddm\wddm_bridge.c:408) WddmBridgeSendIoctl: IOCTL 0x002305C0 failed with 0x80000011 (x2048)
[   53.722869] (\drivers\directx\rpi5vc4\rpi5vc4_wddm.c:461) RPI5VC4: V3D job fence=21 timed out — completing (TDR)
[   53.732184] (\drivers\directx\rpi5vc4\rpi5vc4_v3d.c:294) RPI5VC4: reset ERR_STAT after clear=00001000
[   53.739525] (\drivers\directx\rpi5vc4\rpi5vc4_wddm.c:654) RPI5VC4: TDR resetting V3D core: ok
[   53.748039] (\drivers\directx\rpi5vc4\rpi5vc4_wddm.c:776) RPI5VC4: report #21 fence=21 node=0
[   53.756533] (\drivers\directx\dxgkrnl\vidsch.c:385) VidSch kick #22 fence=22 node=0 size=64
[   53.764860] (\drivers\directx\rpi5vc4\rpi5vc4_wddm.c:1944) RPI5VC4: submit queued fence=22 node=0 bcl=01198000..011981c0
[   53.775712] (\drivers\directx\rpi5vc4\rpi5vc4_wddm.c:323) RPI5VC4: CL kick fence=22 bcl=01198000..011981c0 rcl=01227000..012270a8 qma=0121d000 qms=8000 qts=01225000
[   53.790370] (\drivers\directx\dxgkrnl\vidsch.c:213) VidSch comp #21 done=21 state=1 pending=752
[   53.800051] (\drivers\directx\rpi5vc4\rpi5vc4_wddm.c:365) RPI5VC4: kick fence=22 ERR_STAT=00001000
[   53.808140] (\drivers\directx\rpi5vc4\rpi5vc4_wddm.c:776) RPI5VC4: report #22 fence=22 node=0
[   53.816487] (\drivers\directx\dxgkrnl\vidsch.c:385) VidSch kick #23 fence=23 node=0 size=64
[   53.824814] (\drivers\directx\rpi5vc4\rpi5vc4_wddm.c:1944) RPI5VC4: submit queued fence=23 node=0 bcl=0121a000..0121a1c0
[   53.835665] (\drivers\directx\rpi5vc4\rpi5vc4_wddm.c:323) RPI5VC4: CL kick fence=23 bcl=0121a000..0121a1c0 rcl=01227000..012270a8 qma=0121d000 qms=8000 qts=01225000
[   53.850322] (\drivers\directx\dxgkrnl\vidsch.c:213) VidSch comp #22 done=22 state=1 pending=751
[   54.157282] (\drivers\directx\rpi5vc4\rpi5vc4_wddm.c:461) RPI5VC4: V3D job fence=23 timed out — completing (TDR)
[   54.165707] (\drivers\directx\rpi5vc4\rpi5vc4_v3d.c:294) RPI5VC4: reset ERR_STAT after clear=00001000
[   54.173939] (\drivers\directx\rpi5vc4\rpi5vc4_wddm.c:654) RPI5VC4: TDR resetting V3D core: ok
[   54.182535] (\drivers\directx\rpi5vc4\rpi5vc4_wddm.c:776) RPI5VC4: report #23 fence=23 node=0
[   54.191025] (\drivers\directx\dxgkrnl\vidsch.c:385) VidSch kick #24 fence=24 node=0 size=64
[   54.199281] (\drivers\directx\rpi5vc4\rpi5vc4_wddm.c:1944) RPI5VC4: submit queued fence=24 node=0 bcl=01198000..011981c0
[   54.210126] (\drivers\directx\rpi5vc4\rpi5vc4_wddm.c:323) RPI5VC4: CL kick fence=24 bcl=01198000..011981c0 rcl=01227000..012270a8 qma=0121d000 qms=8000 qts=01225000
[   54.224785] (\drivers\directx\dxgkrnl\vidsch.c:213) VidSch comp #23 done=23 state=1 pending=750
[   54.234465] (\drivers\directx\rpi5vc4\rpi5vc4_wddm.c:365) RPI5VC4: kick fence=24 ERR_STAT=00001000
[   54.242654] (\drivers\directx\rpi5vc4\rpi5vc4_wddm.c:776) RPI5VC4: report #24 fence=24 node=0
[   54.250988] (\drivers\directx\dxgkrnl\vidsch.c:385) VidSch kick #25 fence=25 node=0 size=64
[   54.259234] (\drivers\directx\rpi5vc4\rpi5vc4_wddm.c:1944) RPI5VC4: submit queued fence=25 node=0 bcl=0121a000..0121a1c0
[   54.270079] (\drivers\directx\rpi5vc4\rpi5vc4_wddm.c:323) RPI5VC4: CL kick fence=25 bcl=0121a000..0121a1c0 rcl=01227000..012270a8 qma=0121d000 qms=8000 qts=01225000
[   54.284737] (\drivers\directx\dxgkrnl\vidsch.c:213) VidSch comp #24 done=24 state=1 pending=749
[   54.447566] (\drivers\directx\dxgkrnl\adapter.c:249) DXGKRNL: ERROR: DxgkpTdrWorker: GPU timeout — fence 519 stuck on adapter FFFFCF993831FB60
[   54.457639] (\drivers\directx\dxgkrnl\vidsch.c:213) VidSch comp #25 done=24 state=4 pending=749
[   54.565672] (\drivers\directx\dxgkrnl\adapter.c:270) DXGKRNL: ERROR: DxgkpTdrWorker: preemption recovered adapter FFFFCF993831FB60 (fence 519 -> 24), skipping reset
[   54.591696] (\drivers\directx\rpi5vc4\rpi5vc4_wddm.c:461) RPI5VC4: V3D job fence=25 timed out — completing (TDR)
[   54.602667] (\drivers\directx\rpi5vc4\rpi5vc4_v3d.c:294) RPI5VC4: reset ERR_STAT after clear=00001000
[   54.608995] (\drivers\directx\rpi5vc4\rpi5vc4_wddm.c:654) RPI5VC4: TDR resetting V3D core: ok
[   54.617503] (\drivers\directx\rpi5vc4\rpi5vc4_wddm.c:776) RPI5VC4: report #25 fence=25 node=0
[   54.626003] (\drivers\directx\dxgkrnl\vidsch.c:385) VidSch kick #26 fence=26 node=0 size=64
[   54.634331] (\drivers\directx\rpi5vc4\rpi5vc4_wddm.c:1944) RPI5VC4: submit queued fence=26 node=0 bcl=01198000..011981c0
[   54.645180] (\drivers\directx\rpi5vc4\rpi5vc4_wddm.c:323) RPI5VC4: CL kick fence=26 bcl=01198000..011981c0 rcl=01227000..012270a8 qma=0121d000 qms=8000 qts=01225000
[   54.659840] (\drivers\directx\dxgkrnl\vidsch.c:213) VidSch comp #26 done=25 state=1 pending=748
[   54.669518] (\drivers\directx\rpi5vc4\rpi5vc4_wddm.c:365) RPI5VC4: kick fence=26 ERR_STAT=00001000
[   54.677535] (\drivers\directx\rpi5vc4\rpi5vc4_wddm.c:776) RPI5VC4: report #26 fence=26 node=0
[   54.685956] (\drivers\directx\dxgkrnl\vidsch.c:385) VidSch kick #27 fence=27 node=0 size=64
[   54.694284] (\drivers\directx\rpi5vc4\rpi5vc4_wddm.c:1944) RPI5VC4: submit queued fence=27 node=0 bcl=0121a000..0121a1c0
[   54.705138] (\drivers\directx\rpi5vc4\rpi5vc4_wddm.c:323) RPI5VC4: CL kick fence=27 bcl=0121a000..0121a1c0 rcl=01227000..012270a8 qma=0121d000 qms=8000 qts=01225000
[   54.719795] (\drivers\directx\dxgkrnl\vidsch.c:213) VidSch comp #27 done=26 state=1 pending=747
[   55.022725] (\win32ss\drivers\wddm\wddm_bridge.c:408) WddmBridgeSendIoctl: IOCTL 0x002305C0 failed with 0x80000011 (x3072)
[   55.026724] (\drivers\directx\rpi5vc4\rpi5vc4_wddm.c:461) RPI5VC4: V3D job fence=27 timed out — completing (TDR)
[   55.042161] (\drivers\directx\rpi5vc4\rpi5vc4_v3d.c:294) RPI5VC4: reset ERR_STAT after clear=00001000
[   55.050401] (\drivers\directx\rpi5vc4\rpi5vc4_wddm.c:654) RPI5VC4: TDR resetting V3D core: ok
[   55.058912] (\drivers\directx\rpi5vc4\rpi5vc4_wddm.c:776) RPI5VC4: report #27 fence=27 node=0
[   55.067411] (\drivers\directx\dxgkrnl\vidsch.c:385) VidSch kick #28 fence=28 node=0 size=64
[   55.075738] (\drivers\directx\rpi5vc4\rpi5vc4_wddm.c:1944) RPI5VC4: submit queued fence=28 node=0 bcl=01198000..011981c0
[   55.086589] (\drivers\directx\rpi5vc4\rpi5vc4_wddm.c:323) RPI5VC4: CL kick fence=28 bcl=01198000..011981c0 rcl=01227000..012270a8 qma=0121d000 qms=8000 qts=01225000
[   55.101248] (\drivers\directx\dxgkrnl\vidsch.c:213) VidSch comp #28 done=27 state=1 pending=746
[   55.111084] (\drivers\directx\rpi5vc4\rpi5vc4_wddm.c:776) RPI5VC4: report #28 fence=28 node=0
[   55.118428] (\drivers\directx\dxgkrnl\vidsch.c:385) VidSch kick #29 fence=29 node=0 size=64
[   55.126754] (\drivers\directx\rpi5vc4\rpi5vc4_wddm.c:1944) RPI5VC4: submit queued fence=29 node=0 bcl=0121a000..0121a1c0
[   55.137605] (\drivers\directx\rpi5vc4\rpi5vc4_wddm.c:323) RPI5VC4: CL kick fence=29 bcl=0121a000..0121a1c0 rcl=01227000..012270a8 qma=0121d000 qms=8000 qts=01225000
[   55.152262] (\drivers\directx\dxgkrnl\vidsch.c:213) VidSch comp #29 done=28 state=1 pending=745
[   55.459190] (\drivers\directx\rpi5vc4\rpi5vc4_wddm.c:461) RPI5VC4: V3D job fence=29 timed out — completing (TDR)
[   55.470158] (\drivers\directx\rpi5vc4\rpi5vc4_v3d.c:294) RPI5VC4: reset ERR_STAT after clear=00001000
[   55.476486] (\drivers\directx\rpi5vc4\rpi5vc4_wddm.c:654) RPI5VC4: TDR resetting V3D core: ok
[   55.484998] (\drivers\directx\rpi5vc4\rpi5vc4_wddm.c:776) RPI5VC4: report #29 fence=29 node=0
[   55.493493] (\drivers\directx\dxgkrnl\vidsch.c:385) VidSch kick #30 fence=30 node=0 size=64
[   55.501821] (\drivers\directx\rpi5vc4\rpi5vc4_wddm.c:1944) RPI5VC4: submit queued fence=30 node=0 bcl=01198000..011981c0
[   55.512670] (\drivers\directx\rpi5vc4\rpi5vc4_wddm.c:323) RPI5VC4: CL kick fence=30 bcl=01198000..011981c0 rcl=01227000..012270a8 qma=0121d000 qms=8000 qts=01225000
[   55.527330] (\drivers\directx\dxgkrnl\vidsch.c:213) VidSch comp #30 done=29 state=1 pending=744
[   55.537090] (\drivers\directx\rpi5vc4\rpi5vc4_wddm.c:776) RPI5VC4: report #30 fence=30 node=0
[   55.544510] (\drivers\directx\dxgkrnl\vidsch.c:385) VidSch kick #31 fence=31 node=0 size=64
[   55.552837] (\drivers\directx\rpi5vc4\rpi5vc4_wddm.c:1944) RPI5VC4: submit queued fence=31 node=0 bcl=0121a000..0121a1c0
[   55.563686] (\drivers\directx\rpi5vc4\rpi5vc4_wddm.c:323) RPI5VC4: CL kick fence=31 bcl=0121a000..0121a1c0 rcl=01227000..012270a8 qma=0121d000 qms=8000 qts=01225000
[   55.578349] (\drivers\directx\dxgkrnl\vidsch.c:213) VidSch comp #31 done=30 state=1 pending=743
[   55.885322] (\drivers\directx\rpi5vc4\rpi5vc4_wddm.c:461) RPI5VC4: V3D job fence=31 timed out — completing (TDR)
[   55.894638] (\drivers\directx\rpi5vc4\rpi5vc4_v3d.c:294) RPI5VC4: reset ERR_STAT after clear=00001000
[   55.901978] (\drivers\directx\rpi5vc4\rpi5vc4_wddm.c:654) RPI5VC4: TDR resetting V3D core: ok
[   55.910493] (\drivers\directx\rpi5vc4\rpi5vc4_wddm.c:776) RPI5VC4: report #31 fence=31 node=0
[   55.918988] (\drivers\directx\dxgkrnl\vidsch.c:385) VidSch kick #32 fence=32 node=0 size=64
[   55.927314] (\drivers\directx\rpi5vc4\rpi5vc4_wddm.c:1944) RPI5VC4: submit queued fence=32 node=0 bcl=01198000..011981c0
[   55.938166] (\drivers\directx\rpi5vc4\rpi5vc4_wddm.c:323) RPI5VC4: CL kick fence=32 bcl=01198000..011981c0 rcl=01227000..012270a8 qma=0121d000 qms=8000 qts=01225000
[   55.952824] (\drivers\directx\dxgkrnl\vidsch.c:213) VidSch comp #32 done=31 state=1 pending=742
[   55.962660] (\drivers\directx\rpi5vc4\rpi5vc4_wddm.c:776) RPI5VC4: report #32 fence=32 node=0
[   56.270208] (\drivers\directx\rpi5vc4\rpi5vc4_wddm.c:461) RPI5VC4: V3D job fence=33 timed out — completing (TDR)
[   56.279523] (\drivers\directx\rpi5vc4\rpi5vc4_v3d.c:294) RPI5VC4: reset ERR_STAT after clear=00001000
[   56.286863] (\drivers\directx\rpi5vc4\rpi5vc4_wddm.c:654) RPI5VC4: TDR resetting V3D core: ok
[   56.348731] MESA: error: Draw call returned Invalid argument.  Expect corruption.
[   56.451552] (\win32ss\drivers\wddm\wddm_bridge.c:408) WddmBridgeSendIoctl: IOCTL 0x002305C0 failed with 0x80000011 (x4096)
[   56.596675] (\drivers\directx\rpi5vc4\rpi5vc4_wddm.c:461) RPI5VC4: V3D job fence=35 timed out — completing (TDR)
[   56.605992] (\drivers\directx\rpi5vc4\rpi5vc4_v3d.c:294) RPI5VC4: reset ERR_STAT after clear=00001000
[   56.613332] (\drivers\directx\rpi5vc4\rpi5vc4_wddm.c:654) RPI5VC4: TDR resetting V3D core: ok
[   56.922076] (\drivers\directx\rpi5vc4\rpi5vc4_wddm.c:461) RPI5VC4: V3D job fence=36 timed out — completing (TDR)
[   56.930498] (\drivers\directx\rpi5vc4\rpi5vc4_v3d.c:294) RPI5VC4: reset ERR_STAT after clear=00001000
[   56.938734] (\drivers\directx\rpi5vc4\rpi5vc4_wddm.c:654) RPI5VC4: TDR resetting V3D core: ok
[   57.248479] (\drivers\directx\rpi5vc4\rpi5vc4_wddm.c:461) RPI5VC4: V3D job fence=38 timed out — completing (TDR)
[   57.257795] (\drivers\directx\rpi5vc4\rpi5vc4_v3d.c:294) RPI5VC4: reset ERR_STAT after clear=00001000
[   57.265135] (\drivers\directx\rpi5vc4\rpi5vc4_wddm.c:654) RPI5VC4: TDR resetting V3D core: ok
[   57.557878] (\win32ss\drivers\wddm\wddm_bridge.c:408) WddmBridgeSendIoctl: IOCTL 0x002305C0 failed with 0x80000011 (x5120)
[   57.574885] (\drivers\directx\rpi5vc4\rpi5vc4_wddm.c:461) RPI5VC4: V3D job fence=40 timed out — completing (TDR)
[   57.583303] (\drivers\directx\rpi5vc4\rpi5vc4_v3d.c:294) RPI5VC4: reset ERR_STAT after clear=00001000
[   57.591541] (\drivers\directx\rpi5vc4\rpi5vc4_wddm.c:654) RPI5VC4: TDR resetting V3D core: ok
[   57.901292] (\drivers\directx\rpi5vc4\rpi5vc4_wddm.c:461) RPI5VC4: V3D job fence=42 timed out — completing (TDR)
[   57.912264] (\drivers\directx\rpi5vc4\rpi5vc4_v3d.c:294) RPI5VC4: reset ERR_STAT after clear=00001000
[   57.918591] (\drivers\directx\rpi5vc4\rpi5vc4_wddm.c:654) RPI5VC4: TDR resetting V3D core: ok
[   58.228341] (\drivers\directx\rpi5vc4\rpi5vc4_wddm.c:461) RPI5VC4: V3D job fence=44 timed out — completing (TDR)
[   58.237659] (\drivers\directx\rpi5vc4\rpi5vc4_v3d.c:294) RPI5VC4: reset ERR_STAT after clear=00001000
[   58.244999] (\drivers\directx\rpi5vc4\rpi5vc4_wddm.c:654) RPI5VC4: TDR resetting V3D core: ok
[   58.554754] (\drivers\directx\rpi5vc4\rpi5vc4_wddm.c:461) RPI5VC4: V3D job fence=46 timed out — completing (TDR)
[   58.563174] (\drivers\directx\rpi5vc4\rpi5vc4_v3d.c:294) RPI5VC4: reset ERR_STAT after clear=00001000
[   58.571412] (\drivers\directx\rpi5vc4\rpi5vc4_wddm.c:654) RPI5VC4: TDR resetting V3D core: ok
[   58.688037] (\win32ss\drivers\wddm\wddm_bridge.c:408) WddmBridgeSendIoctl: IOCTL 0x002305C0 failed with 0x80000011 (x6144)
[   58.881219] (\drivers\directx\rpi5vc4\rpi5vc4_wddm.c:461) RPI5VC4: V3D job fence=48 timed out — completing (TDR)
[   58.892187] (\drivers\directx\rpi5vc4\rpi5vc4_v3d.c:294) RPI5VC4: reset ERR_STAT after clear=00001000
[   58.898515] (\drivers\directx\rpi5vc4\rpi5vc4_wddm.c:654) RPI5VC4: TDR resetting V3D core: ok
[   59.208267] (\drivers\directx\rpi5vc4\rpi5vc4_wddm.c:461) RPI5VC4: V3D job fence=50 timed out — completing (TDR)
[   59.217583] (\drivers\directx\rpi5vc4\rpi5vc4_v3d.c:294) RPI5VC4: reset ERR_STAT after clear=00001000
[   59.224922] (\drivers\directx\rpi5vc4\rpi5vc4_wddm.c:654) RPI5VC4: TDR resetting V3D core: ok
[   59.534669] (\drivers\directx\rpi5vc4\rpi5vc4_wddm.c:461) RPI5VC4: V3D job fence=52 timed out — completing (TDR)
[   59.543984] (\drivers\directx\rpi5vc4\rpi5vc4_v3d.c:294) RPI5VC4: reset ERR_STAT after clear=00001000
[   59.551324] (\drivers\directx\rpi5vc4\rpi5vc4_wddm.c:654) RPI5VC4: TDR resetting V3D core: ok
[   59.794042] (\win32ss\drivers\wddm\wddm_bridge.c:408) WddmBridgeSendIoctl: IOCTL 0x002305C0 failed with 0x80000011 (x7168)
[   59.861079] (\drivers\directx\rpi5vc4\rpi5vc4_wddm.c:461) RPI5VC4: V3D job fence=54 timed out — completing (TDR)
[   59.869497] (\drivers\directx\rpi5vc4\rpi5vc4_v3d.c:294) RPI5VC4: reset ERR_STAT after clear=00001000
[   59.877735] (\drivers\directx\rpi5vc4\rpi5vc4_wddm.c:654) RPI5VC4: TDR resetting V3D core: ok
[   60.187556] (\drivers\directx\rpi5vc4\rpi5vc4_wddm.c:461) RPI5VC4: V3D job fence=56 timed out — completing (TDR)
[   60.198526] (\drivers\directx\rpi5vc4\rpi5vc4_v3d.c:294) RPI5VC4: reset ERR_STAT after clear=00001000
[   60.204853] (\drivers\directx\rpi5vc4\rpi5vc4_wddm.c:654) RPI5VC4: TDR resetting V3D core: ok
[   60.514627] (\drivers\directx\rpi5vc4\rpi5vc4_wddm.c:461) RPI5VC4: V3D job fence=58 timed out — completing (TDR)
[   60.524100] (\drivers\directx\rpi5vc4\rpi5vc4_v3d.c:294) RPI5VC4: reset ERR_STAT after clear=00001000
[   60.531285] (\drivers\directx\rpi5vc4\rpi5vc4_wddm.c:654) RPI5VC4: TDR resetting V3D core: ok
[   60.711585] 774 frames in 10.2 seconds = 75.571 FPS
[   60.716321] RPI5VC4: present #4800 moves=0 dirty=1 flip=3 idx=0 scan=441db000
[   60.841108] (\drivers\directx\rpi5vc4\rpi5vc4_wddm.c:461) RPI5VC4: V3D job fence=60 timed out — completing (TDR)
[   60.850282] (\drivers\directx\rpi5vc4\rpi5vc4_v3d.c:294) RPI5VC4: reset ERR_STAT after clear=00001000
[   60.857767] (\drivers\directx\rpi5vc4\rpi5vc4_wddm.c:654) RPI5VC4: TDR resetting V3D core: ok
[   60.929350] (\win32ss\drivers\wddm\wddm_bridge.c:408) WddmBridgeSendIoctl: IOCTL 0x002305C0 failed with 0x80000011 (x8192)
[   61.166552] (\drivers\directx\rpi5vc4\rpi5vc4_wddm.c:461) RPI5VC4: V3D job fence=61 timed out — completing (TDR)
[   61.175866] (\drivers\directx\rpi5vc4\rpi5vc4_v3d.c:294) RPI5VC4: reset ERR_STAT after clear=00001000
[   61.183207] (\drivers\directx\rpi5vc4\rpi5vc4_wddm.c:654) RPI5VC4: TDR resetting V3D core: ok
[   61.492971] (\drivers\directx\rpi5vc4\rpi5vc4_wddm.c:461) RPI5VC4: V3D job fence=63 timed out — completing (TDR)
[   61.501394] (\drivers\directx\rpi5vc4\rpi5vc4_v3d.c:294) RPI5VC4: reset ERR_STAT after clear=00001000
[   61.509632] (\drivers\directx\rpi5vc4\rpi5vc4_wddm.c:654) RPI5VC4: TDR resetting V3D core: ok
[   61.819387] (\drivers\directx\rpi5vc4\rpi5vc4_wddm.c:461) RPI5VC4: V3D job fence=65 timed out — completing (TDR)
[   61.828808] (\drivers\directx\rpi5vc4\rpi5vc4_v3d.c:294) RPI5VC4: reset ERR_STAT after clear=00001000
[   61.836044] (\drivers\directx\rpi5vc4\rpi5vc4_wddm.c:654) RPI5VC4: TDR resetting V3D core: ok
[   62.035691] (\win32ss\drivers\wddm\wddm_bridge.c:408) WddmBridgeSendIoctl: IOCTL 0x002305C0 failed with 0x80000011 (x9216)
[   62.145793] (\drivers\directx\rpi5vc4\rpi5vc4_wddm.c:461) RPI5VC4: V3D job fence=67 timed out — completing (TDR)
[   62.154314] (\drivers\directx\rpi5vc4\rpi5vc4_v3d.c:294) RPI5VC4: reset ERR_STAT after clear=00001000
[   62.162450] (\drivers\directx\rpi5vc4\rpi5vc4_wddm.c:654) RPI5VC4: TDR resetting V3D core: ok
[   62.472190] (\drivers\directx\rpi5vc4\rpi5vc4_wddm.c:461) RPI5VC4: V3D job fence=69 timed out — completing (TDR)
[   62.481507] (\drivers\directx\rpi5vc4\rpi5vc4_v3d.c:294) RPI5VC4: reset ERR_STAT after clear=00001000
[   62.488847] (\drivers\directx\rpi5vc4\rpi5vc4_wddm.c:654) RPI5VC4: TDR resetting V3D core: ok
[   62.798601] (\drivers\directx\rpi5vc4\rpi5vc4_wddm.c:461) RPI5VC4: V3D job fence=71 timed out — completing (TDR)
[   62.807020] (\drivers\directx\rpi5vc4\rpi5vc4_v3d.c:294) RPI5VC4: reset ERR_STAT after clear=00001000
[   62.815258] (\drivers\directx\rpi5vc4\rpi5vc4_wddm.c:654) RPI5VC4: TDR resetting V3D core: ok
[   63.125056] (\drivers\directx\rpi5vc4\rpi5vc4_wddm.c:461) RPI5VC4: V3D job fence=73 timed out — completing (TDR)
[   63.134370] (\drivers\directx\rpi5vc4\rpi5vc4_v3d.c:294) RPI5VC4: reset ERR_STAT after clear=00001000
[   63.141711] (\drivers\directx\rpi5vc4\rpi5vc4_wddm.c:654) RPI5VC4: TDR resetting V3D core: ok
[   63.166264] (\win32ss\drivers\wddm\wddm_bridge.c:408) WddmBridgeSendIoctl: IOCTL 0x002305C0 failed with 0x80000011 (x10240)
[   63.451463] (\drivers\directx\rpi5vc4\rpi5vc4_wddm.c:461) RPI5VC4: V3D job fence=75 timed out — completing (TDR)
[   63.459883] (\drivers\directx\rpi5vc4\rpi5vc4_v3d.c:294) RPI5VC4: reset ERR_STAT after clear=00001000
[   63.468120] (\drivers\directx\rpi5vc4\rpi5vc4_wddm.c:654) RPI5VC4: TDR resetting V3D core: ok
[   63.777870] (\drivers\directx\rpi5vc4\rpi5vc4_wddm.c:461) RPI5VC4: V3D job fence=77 timed out — completing (TDR)
[   63.786289] (\drivers\directx\rpi5vc4\rpi5vc4_v3d.c:294) RPI5VC4: reset ERR_STAT after clear=00001000
[   63.794527] (\drivers\directx\rpi5vc4\rpi5vc4_wddm.c:654) RPI5VC4: TDR resetting V3D core: ok
[   64.104270] (\drivers\directx\rpi5vc4\rpi5vc4_wddm.c:461) RPI5VC4: V3D job fence=79 timed out — completing (TDR)
[   64.113586] (\drivers\directx\rpi5vc4\rpi5vc4_v3d.c:294) RPI5VC4: reset ERR_STAT after clear=00001000
[   64.120926] (\drivers\directx\rpi5vc4\rpi5vc4_wddm.c:654) RPI5VC4: TDR resetting V3D core: ok
[   64.272547] (\win32ss\drivers\wddm\wddm_bridge.c:408) WddmBridgeSendIoctl: IOCTL 0x002305C0 failed with 0x80000011 (x11264)
[   64.430679] (\drivers\directx\rpi5vc4\rpi5vc4_wddm.c:461) RPI5VC4: V3D job fence=81 timed out — completing (TDR)
[   64.439100] (\drivers\directx\rpi5vc4\rpi5vc4_v3d.c:294) RPI5VC4: reset ERR_STAT after clear=00001000
[   64.447336] (\drivers\directx\rpi5vc4\rpi5vc4_wddm.c:654) RPI5VC4: TDR resetting V3D core: ok
[   64.757090] (\drivers\directx\rpi5vc4\rpi5vc4_wddm.c:461) RPI5VC4: V3D job fence=83 timed out — completing (TDR)
[   64.765510] (\drivers\directx\rpi5vc4\rpi5vc4_v3d.c:294) RPI5VC4: reset ERR_STAT after clear=00001000
[   64.773747] (\drivers\directx\rpi5vc4\rpi5vc4_wddm.c:654) RPI5VC4: TDR resetting V3D core: ok
[   65.083508] (\drivers\directx\rpi5vc4\rpi5vc4_wddm.c:461) RPI5VC4: V3D job fence=85 timed out — completing (TDR)
[   65.091929] (\drivers\directx\rpi5vc4\rpi5vc4_v3d.c:294) RPI5VC4: reset ERR_STAT after clear=00001000
[   65.100166] (\drivers\directx\rpi5vc4\rpi5vc4_wddm.c:654) RPI5VC4: TDR resetting V3D core: ok
[   65.379903] (\win32ss\drivers\wddm\wddm_bridge.c:408) WddmBridgeSendIoctl: IOCTL 0x002305C0 failed with 0x80000011 (x12288)
[   65.409922] (\drivers\directx\rpi5vc4\rpi5vc4_wddm.c:461) RPI5VC4: V3D job fence=87 timed out — completing (TDR)
[   65.420890] (\drivers\directx\rpi5vc4\rpi5vc4_v3d.c:294) RPI5VC4: reset ERR_STAT after clear=00001000
[   65.427218] (\drivers\directx\rpi5vc4\rpi5vc4_wddm.c:654) RPI5VC4: TDR resetting V3D core: ok
[   65.736977] (\drivers\directx\rpi5vc4\rpi5vc4_wddm.c:461) RPI5VC4: V3D job fence=89 timed out — completing (TDR)
[   65.746295] (\drivers\directx\rpi5vc4\rpi5vc4_v3d.c:294) RPI5VC4: reset ERR_STAT after clear=00001000
[   65.753635] (\drivers\directx\rpi5vc4\rpi5vc4_wddm.c:654) RPI5VC4: TDR resetting V3D core: ok
[   66.062385] (\drivers\directx\rpi5vc4\rpi5vc4_wddm.c:461) RPI5VC4: V3D job fence=90 timed out — completing (TDR)
[   66.074354] (\drivers\directx\rpi5vc4\rpi5vc4_v3d.c:294) RPI5VC4: reset ERR_STAT after clear=00001000
[   66.080682] (\drivers\directx\rpi5vc4\rpi5vc4_wddm.c:654) RPI5VC4: TDR resetting V3D core: ok
[   66.389441] (\drivers\directx\rpi5vc4\rpi5vc4_wddm.c:461) RPI5VC4: V3D job fence=91 timed out — completing (TDR)
[   66.398755] (\drivers\directx\rpi5vc4\rpi5vc4_v3d.c:294) RPI5VC4: reset ERR_STAT after clear=00001000
[   66.406096] (\drivers\directx\rpi5vc4\rpi5vc4_wddm.c:654) RPI5VC4: TDR resetting V3D core: ok
[   66.512714] (\win32ss\drivers\wddm\wddm_bridge.c:408) WddmBridgeSendIoctl: IOCTL 0x002305C0 failed with 0x80000011 (x13312)
[   66.714903] (\drivers\directx\rpi5vc4\rpi5vc4_wddm.c:461) RPI5VC4: V3D job fence=92 timed out — completing (TDR)
[   66.724425] (\drivers\directx\rpi5vc4\rpi5vc4_v3d.c:294) RPI5VC4: reset ERR_STAT after clear=00001000
[   66.731560] (\drivers\directx\rpi5vc4\rpi5vc4_wddm.c:654) RPI5VC4: TDR resetting V3D core: ok
[   67.041323] (\drivers\directx\rpi5vc4\rpi5vc4_wddm.c:461) RPI5VC4: V3D job fence=94 timed out — completing (TDR)
[   67.052292] (\drivers\directx\rpi5vc4\rpi5vc4_v3d.c:294) RPI5VC4: reset ERR_STAT after clear=00001000
[   67.058619] (\drivers\directx\rpi5vc4\rpi5vc4_wddm.c:654) RPI5VC4: TDR resetting V3D core: ok
[   67.368378] (\drivers\directx\rpi5vc4\rpi5vc4_wddm.c:461) RPI5VC4: V3D job fence=96 timed out — completing (TDR)
[   67.377693] (\drivers\directx\rpi5vc4\rpi5vc4_v3d.c:294) RPI5VC4: reset ERR_STAT after clear=00001000
[   67.385033] (\drivers\directx\rpi5vc4\rpi5vc4_wddm.c:654) RPI5VC4: TDR resetting V3D core: ok
[   67.619723] (\win32ss\drivers\wddm\wddm_bridge.c:408) WddmBridgeSendIoctl: IOCTL 0x002305C0 failed with 0x80000011 (x14336)
[   67.694789] (\drivers\directx\rpi5vc4\rpi5vc4_wddm.c:461) RPI5VC4: V3D job fence=98 timed out — completing (TDR)
[   67.703207] (\drivers\directx\rpi5vc4\rpi5vc4_v3d.c:294) RPI5VC4: reset ERR_STAT after clear=00001000
[   67.711445] (\drivers\directx\rpi5vc4\rpi5vc4_wddm.c:654) RPI5VC4: TDR resetting V3D core: ok
[   68.021200] (\drivers\directx\rpi5vc4\rpi5vc4_wddm.c:461) RPI5VC4: V3D job fence=100 timed out — completing (TDR)
[   68.029708] (\drivers\directx\rpi5vc4\rpi5vc4_v3d.c:294) RPI5VC4: reset ERR_STAT after clear=00001000
[   68.037945] (\drivers\directx\rpi5vc4\rpi5vc4_wddm.c:654) RPI5VC4: TDR resetting V3D core: ok
[   68.347701] (\drivers\directx\rpi5vc4\rpi5vc4_wddm.c:461) RPI5VC4: V3D job fence=102 timed out — completing (TDR)
[   68.358756] (\drivers\directx\rpi5vc4\rpi5vc4_v3d.c:294) RPI5VC4: reset ERR_STAT after clear=00001000
[   68.365084] (\drivers\directx\rpi5vc4\rpi5vc4_wddm.c:654) RPI5VC4: TDR resetting V3D core: ok
[   68.674805] (\drivers\directx\rpi5vc4\rpi5vc4_wddm.c:461) RPI5VC4: V3D job fence=104 timed out — completing (TDR)
[   68.683311] (\drivers\directx\rpi5vc4\rpi5vc4_v3d.c:294) RPI5VC4: reset ERR_STAT after clear=00001000
[   68.691550] (\drivers\directx\rpi5vc4\rpi5vc4_wddm.c:654) RPI5VC4: TDR resetting V3D core: ok
[   68.752121] (\win32ss\drivers\wddm\wddm_bridge.c:408) WddmBridgeSendIoctl: IOCTL 0x002305C0 failed with 0x80000011 (x15360)
[   69.001362] (\drivers\directx\rpi5vc4\rpi5vc4_wddm.c:461) RPI5VC4: V3D job fence=106 timed out — completing (TDR)
[   69.009869] (\drivers\directx\rpi5vc4\rpi5vc4_v3d.c:294) RPI5VC4: reset ERR_STAT after clear=00001000
[   69.018106] (\drivers\directx\rpi5vc4\rpi5vc4_wddm.c:654) RPI5VC4: TDR resetting V3D core: ok
[   69.327855] (\drivers\directx\rpi5vc4\rpi5vc4_wddm.c:461) RPI5VC4: V3D job fence=108 timed out — completing (TDR)
[   69.337256] (\drivers\directx\rpi5vc4\rpi5vc4_v3d.c:294) RPI5VC4: reset ERR_STAT after clear=00001000
[   69.344597] (\drivers\directx\rpi5vc4\rpi5vc4_wddm.c:654) RPI5VC4: TDR resetting V3D core: ok
[   69.452699] 2 frames in 8.7 seconds =  0.230 FPS
[   69.654405] (\drivers\directx\rpi5vc4\rpi5vc4_wddm.c:461) RPI5VC4: V3D job fence=110 timed out — completing (TDR)
[   69.663811] (\drivers\directx\rpi5vc4\rpi5vc4_v3d.c:294) RPI5VC4: reset ERR_STAT after clear=00001000
[   69.671152] (\drivers\directx\rpi5vc4\rpi5vc4_wddm.c:654) RPI5VC4: TDR resetting V3D core: ok
[   69.868804] (\win32ss\drivers\wddm\wddm_bridge.c:408) WddmBridgeSendIoctl: IOCTL 0x002305C0 failed with 0x80000011 (x16384)
[   69.979906] (\drivers\directx\rpi5vc4\rpi5vc4_wddm.c:461) RPI5VC4: V3D job fence=111 timed out — completing (TDR)
[   69.988413] (\drivers\directx\rpi5vc4\rpi5vc4_v3d.c:294) RPI5VC4: reset ERR_STAT after clear=00001000
[   69.996650] (\drivers\directx\rpi5vc4\rpi5vc4_wddm.c:654) RPI5VC4: TDR resetting V3D core: ok
[   70.306405] (\drivers\directx\rpi5vc4\rpi5vc4_wddm.c:461) RPI5VC4: V3D job fence=113 timed out — completing (TDR)
[   70.317461] (\drivers\directx\rpi5vc4\rpi5vc4_v3d.c:294) RPI5VC4: reset ERR_STAT after clear=00001000
[   70.323788] (\drivers\directx\rpi5vc4\rpi5vc4_wddm.c:654) RPI5VC4: TDR resetting V3D core: ok
[   70.633546] (\drivers\directx\rpi5vc4\rpi5vc4_wddm.c:461) RPI5VC4: V3D job fence=115 timed out — completing (TDR)
[   70.642947] (\drivers\directx\rpi5vc4\rpi5vc4_v3d.c:294) RPI5VC4: reset ERR_STAT after clear=00001000
[   70.650288] (\drivers\directx\rpi5vc4\rpi5vc4_wddm.c:654) RPI5VC4: TDR resetting V3D core: ok
[   70.960052] (\drivers\directx\rpi5vc4\rpi5vc4_wddm.c:461) RPI5VC4: V3D job fence=117 timed out — completing (TDR)
[   70.971111] (\drivers\directx\rpi5vc4\rpi5vc4_v3d.c:294) RPI5VC4: reset ERR_STAT after clear=00001000
[   70.977439] (\drivers\directx\rpi5vc4\rpi5vc4_wddm.c:654) RPI5VC4: TDR resetting V3D core: ok
[   70.999956] (\win32ss\drivers\wddm\wddm_bridge.c:408) WddmBridgeSendIoctl: IOCTL 0x002305C0 failed with 0x80000011 (x17408)
[   71.287191] (\drivers\directx\rpi5vc4\rpi5vc4_wddm.c:461) RPI5VC4: V3D job fence=119 timed out — completing (TDR)
[   71.296595] (\drivers\directx\rpi5vc4\rpi5vc4_v3d.c:294) RPI5VC4: reset ERR_STAT after clear=00001000
[   71.303935] (\drivers\directx\rpi5vc4\rpi5vc4_wddm.c:654) RPI5VC4: TDR resetting V3D core: ok
[   71.613692] (\drivers\directx\rpi5vc4\rpi5vc4_wddm.c:461) RPI5VC4: V3D job fence=121 timed out — completing (TDR)
[   71.622700] (\drivers\directx\rpi5vc4\rpi5vc4_v3d.c:294) RPI5VC4: reset ERR_STAT after clear=00001000
[   71.630437] (\drivers\directx\rpi5vc4\rpi5vc4_wddm.c:654) RPI5VC4: TDR resetting V3D core: ok
[   71.940194] (\drivers\directx\rpi5vc4\rpi5vc4_wddm.c:461) RPI5VC4: V3D job fence=123 timed out — completing (TDR)
[   71.948699] (\drivers\directx\rpi5vc4\rpi5vc4_v3d.c:294) RPI5VC4: reset ERR_STAT after clear=00001000
[   71.956937] (\drivers\directx\rpi5vc4\rpi5vc4_wddm.c:654) RPI5VC4: TDR resetting V3D core: ok
[   72.105558] (\win32ss\drivers\wddm\wddm_bridge.c:408) WddmBridgeSendIoctl: IOCTL 0x002305C0 failed with 0x80000011 (x18432)
[   72.266685] (\drivers\directx\rpi5vc4\rpi5vc4_wddm.c:461) RPI5VC4: V3D job fence=125 timed out — completing (TDR)
[   72.276089] (\drivers\directx\rpi5vc4\rpi5vc4_v3d.c:294) RPI5VC4: reset ERR_STAT after clear=00001000
[   72.283428] (\drivers\directx\rpi5vc4\rpi5vc4_wddm.c:654) RPI5VC4: TDR resetting V3D core: ok
[   72.593178] (\drivers\directx\rpi5vc4\rpi5vc4_wddm.c:461) RPI5VC4: V3D job fence=127 timed out — completing (TDR)
[   72.602580] (\drivers\directx\rpi5vc4\rpi5vc4_v3d.c:294) RPI5VC4: reset ERR_STAT after clear=00001000
[   72.609920] (\drivers\directx\rpi5vc4\rpi5vc4_wddm.c:654) RPI5VC4: TDR resetting V3D core: ok
[   72.919669] (\drivers\directx\rpi5vc4\rpi5vc4_wddm.c:461) RPI5VC4: V3D job fence=129 timed out — completing (TDR)
[   72.929072] (\drivers\directx\rpi5vc4\rpi5vc4_v3d.c:294) RPI5VC4: reset ERR_STAT after clear=00001000
[   72.936411] (\drivers\directx\rpi5vc4\rpi5vc4_wddm.c:654) RPI5VC4: TDR resetting V3D core: ok
[