
  1.67 RPi: BOOTSYS release VERSION:2226a853 DATE: 2025/12/08 TIME: 19:29:54
  1.67 BOOTMODE: 0x06 partition 0 build-ts BUILD_TIMESTAMP=1765222194 serial 09a00d1d boardrev d04171 stc 1675547
  1.68 AON_RESET: 00000003 PM_RSTS 00001000
  1.68 POWER_OFF_ON_HALT: 0 WAIT_FOR_POWER_BUTTON 0 power-on-reset 1
  1.69 RP1_BOOT chip ID: 0x20001927
  1.70 PCIEx1: PWR 0 DET_WAKE 0
  1.70 part 00000000 reset_info 00000000
  1.70 PMIC reset-event 00000000 rtc 00000001 alarm 00000000 enabled 0
  1.71 uSD voltage 3.3V
  1.71 SDRAM_CONFIG: 14
  1.71 Initialising SDRAM rank 2 total-size: 64 Gbit 4267 (0x14 0x14)
  1.72 DDR 4267 1 0 64 152 BL:1
  2.44 RP1 FW: load 0
  2.46 RP1_BOOT chip ID: 0x20001927
  3.69 RP1 FW: load 1
  4.12 OTP boardrev d04171 bootrom a a
  4.12 Customer key hash 0000000000000000000000000000000000000000000000000000000000000000
  4.13 VC-JTAG unlocked
  4.15 RP1_BOOT chip ID: 0x20001927

  4.79 PCI2 init
  4.79 PCI2 reset
  4.83 PCIe scan 00001de4:00000001
  4.83 RP1_CHIP_INFO 20001927

  4.83 RPi: BOOTLOADER release VERSION:2226a853 DATE: 2025/12/08 TIME: 19:29:54
  4.84 BOOTMODE: 0x06 partition 0 build-ts BUILD_TIMESTAMP=1765222194 serial 09a00d1d boardrev d04171 stc 4845986
  4.85 PCIEx1: PWR 0 DET_WAKE 0
  4.58 M.2 PCIe HAT not detected.
  4.88 usb_pd_init status 1
  4.88 XHCI-STOP
  4.88 xHC0 ver: 272 HCS: 03000440 140000f1 07ff000a HCC: 0240fe6d
  4.89 USBSTS 11
  4.89 xHC0 ver: 272 HCS: 03000440 140000f1 07ff000a HCC: 0240fe6d
  4.89 xHC0 ports 3 slots 64 intrs 4
  4.91 XHCI-STOP
  4.91 xHC1 ver: 272 HCS: 03000440 140000f1 07ff000a HCC: 0240fe6d
  4.91 USBSTS 1
  4.91 xHC1 ver: 272 HCS: 03000440 140000f1 07ff000a HCC: 0240fe6d
  4.92 xHC1 ports 3 slots 64 intrs 4
  4.97 SD_OC: 0
  4.71 Boot mode: USB-MSD (04) order f1
  4.73 USB2[2] 00020ae1 connected
  5.26 USB2[2] 00200a03 connected enabled
  5.27 USB2 root HUB port 2 init
  5.04 DEV [01:00] 2.00 000000:02 class 0 VID 413c PID 301a
  5.75 USB3[3] 00021203 connected enabled
  5.76 USB3 root HUB port 3 init
  5.08 DEV [02:00] 3.32 000000:03 class 0 VID 0781 PID 5581
  5.08 MSD device [02:00] 3.32 000000:03 conf 0 iface 0 ep 81#1024 02#1024
  5.91 MSD [02:00] 3.32 000000:03 register MSD
  5.10 USB3[3] 00021203 connected enabled
  5.11 USB3 root HUB port 3 init
  5.31 DEV [01:00] 3.32 000000:03 class 0 VID 0781 PID 5591
  5.32 MSD device [01:00] 3.32 000000:03 conf 0 iface 0 ep 81#1024 02#1024
  5.26 MSD [01:00] 3.32 000000:03 register MSD
  5.49 XHCI-STOP
  5.49 xHC0 ver: 272 HCS: 03000440 140000f1 07ff000a HCC: 0240fe6d
  5.49 USBSTS 18
  5.49 XHCI-STOP
  5.49 xHC1 ver: 272 HCS: 03000440 140000f1 07ff000a HCC: 0240fe6d
  5.50 USBSTS 18
  5.51 XHCI-STOP
  5.51 xHC0 ver: 272 HCS: 03000440 140000f1 07ff000a HCC: 0240fe6d
  5.51 USBSTS 19
  5.51 xHC0 ver: 272 HCS: 03000440 140000f1 07ff000a HCC: 0240fe6d
  5.52 xHC0 ports 3 slots 64 intrs 4
  5.53 XHCI-STOP
  5.53 xHC1 ver: 272 HCS: 03000440 140000f1 07ff000a HCC: 0240fe6d
  5.54 USBSTS 19
  5.54 xHC1 ver: 272 HCS: 03000440 140000f1 07ff000a HCC: 0240fe6d
  5.54 xHC1 ports 3 slots 64 intrs 4
  5.55 USB2[2] 00020ae1 connected
  5.05 USB2[2] 00200a03 connected enabled
  5.06 USB2 root HUB port 2 init
  5.62 DEV [01:00] 2.00 000000:02 class 0 VID 413c PID 301a
  5.33 USB3[3] 002a1203 connected enabled
  5.34 USB3 root HUB port 3 init
  5.63 DEV [02:00] 3.32 000000:03 class 0 VID 0781 PID 5581
  5.64 MSD device [02:00] 3.32 000000:03 conf 0 iface 0 ep 81#1024 02#1024
  5.49 MSD [02:00] 3.32 000000:03 register MSD
  5.53 MSD [02:00] 3.32 000000:03 LUN 0
  5.57 USB3[3] 002a1203 connected enabled
  5.61 USB3 root HUB port 3 init
  5.64 MSD READ_CAPACITY [02:00] 3.32 000000:03 lun 0 block-count 121024512 block-size 512
  5.67 DEV [01:00] 3.32 000000:03 class 0 VID 0781 PID 5591
  5.67 MSD device [01:00] 3.32 000000:03 conf 0 iface 0 ep 81#1024 02#1024
  5.68 MBR: 0x00000800, 1570816 type: 0xef
  5.68 MBR: 0x00000000,       0 type: 0x00
  5.69 MBR: 0x00000000,       0 type: 0x00
  5.69 MBR: 0x00000000,       0 type: 0x00
  5.99 MSD [01:00] 3.32 000000:03 register MSD
  5.03 Trying partition: 0
  5.06 type: 32 lba: 2048 'mkfs.fat' ' NO NAME    ' clusters 195964 (8)
  5.71 rsc 32 fat-sectors 1536 root dir cluster 2 sectors 0 entries 0
  5.71 FAT32 clusters 195964
  5.72 [MSD [02:00] 3.32 000000:03] autoboot.txt not found
  5.72 Select partition rsts 0 C(boot_partition) 0 EEPROM config 0 result 1
  5.34 Trying partition: 1
  5.37 type: 32 lba: 2048 'mkfs.fat' ' NO NAME    ' clusters 195959 (8)
  5.74 rsc 32 fat-sectors 1536 root dir cluster 2 sectors 0 entries 0
  5.74 FAT32 clusters 195959
  5.55 Read config.txt bytes      976 hnd 0xd04
  5.75 [MSD [02:00] 3.32 000000:03] pieeprom.upd not found
  5.61 usb_max_current_enable forced to 1
  5.77 MESS:00:00:05.777290:0: *** Restart logging
  5.79 Read /config.txt bytes      976 hnd 0xd04
  6.83 PCI1 reset
  6.84 PCI2 reset
  6.85 set_reboot_order 0
  6.85 set_reboot_arg1 0
  6.85 USB-OTG disconnect
  6.90 MESS:00:00:06.903553:0: Starting OS 6903 ms
  6.90 MESS:00:00:06.909075:0: 00000040: -> 00000480
  6.91 MESS:00:00:06.910926:0: 00000030: -> 00100080
  6.91 MESS:00:00:06.915638:0: 00000034: -> 00100080
  6.92 MESS:00:00:06.920352:0: 00000038: -> 00100080
  6.92 MESS:00:00:06.925065:0: 0000003c: -> 00100080

NOTICE:  BL31: v2.13.0(release):v2.13.0-304-g000fe221b
NOTICE:  BL31: Built : 19:45:01, Jul 17 2025
UEFI firmware (version EDK2-DEV built at 20:07:13 on Jun 21 2026)
[2J[004D[=3h[2J[009DESC (setup), F1 (shell), ENTER (boot)
[*] Boot menu prompt detected; sending enter
......[EUART] init: override=0x0000000000000000 override-interface=unknown
[EUART] detect: begin
[EUART] SPCR: search
[EUART] SPCR: not found
[EUART] DBG2: search
[EUART] DBG2: rev=0x00 len=0x00000061 oem=RPIFDN table=RPI5 oemrev=0x00000200 creator=EDK2 creatorrev=0x00000300
[EUART] DBG2: count=1 offset=0x0000002C length=0x00000061
[EUART] DBG2: entry 0 type=0x8000 subtype=0x0003 regs=1 baroff=0x0016 name=\_SB.SOCB.URT0 oemdata-len=0x0000
[EUART] DBG2: GAS space=0x00 addr=0x000000107D001000
[EUART] DBG2: interface=pl011
[EUART] detect: base=0x000000107D001000 interface=pl011 ready=0
[EUART] init: done base=0x000000107D001000 interface=pl011 ready=1
[EUART] init: already initialized base=0x000000107D001000 interface=pl011 ready=1
(\boot\freeldr\freeldr\arch\uefi\uefimem.c:273) trace: UefiMemGetMemoryMap: Gather memory map
(\boot\freeldr\freeldr\arch\uefi\uefimem.c:285) trace: Value of MapKey: 5700
(\boot\freeldr\freeldr\arch\uefi\uefimem.c:286) trace: Value of MapSize: 4560
(\boot\freeldr\freeldr\arch\uefi\uefimem.c:287) trace: Value of DescriptorSize: 48
(\boot\freeldr\freeldr\arch\uefi\uefimem.c:288) trace: Value of DescriptorVersion: 1
(\boot\freeldr\freeldr\arch\uefi\uefidisk.c:1058) trace: Found boot handle at index 1
(\boot\freeldr\freeldr\arch\uefi\uefidisk.c:1071) trace: Boot handle: LogicalPartition=TRUE, RemovableMedia=TRUE, BlockSize=512
(\boot\freeldr\freeldr\arch\uefi\uefidisk.c:1129) trace: Found root block device at index 0: BlockSize=512, LastBlock=121024511
(\boot\freeldr\freeldr\arch\uefi\uefidisk.c:1151) trace: Calling GetHarddiskInformation for drive 128 (BlockDeviceIndex=0)
(\boot\freeldr\freeldr\disk\disk.c:102) trace: DiskInitialize(0x80, 'multi(0)disk(0)rdisk(0)', Type: 25)
(\boot\freeldr\freeldr\disk\disk.c:130) trace: Signature: 0
(\boot\freeldr\freeldr\disk\disk.c:139) trace: Checksum: 4d3b9ec2
(\boot\freeldr\freeldr\disk\disk.c:142) trace: IsPartitionValid: TRUE
(\boot\freeldr\freeldr\lib\fs\fs.c:673) trace: FsRegisterDevice(multi(0)disk(0)rdisk(0)partition(0))
(\boot\freeldr\freeldr\disk\partition.c:82) trace: Drive 0x80 partition type MBR
(\boot\freeldr\freeldr\lib\fs\fs.c:673) trace: FsRegisterDevice(multi(0)disk(0)rdisk(0)partition(1))
(\boot\freeldr\freeldr\arch\uefi\uefidisk.c:976) trace: Identifier: 4d3b9ec2-00000000-A
(\boot\freeldr\freeldr\arch\uefi\uefidisk.c:1123) trace: Skipping logical partition handle 1
(\boot\freeldr\freeldr\arch\uefi\uefidisk.c:1129) trace: Found root block device at index 2: BlockSize=512, LastBlock=240353279
(\boot\freeldr\freeldr\arch\uefi\uefidisk.c:1151) trace: Calling GetHarddiskInformation for drive 129 (BlockDeviceIndex=1)
(\boot\freeldr\freeldr\disk\disk.c:102) trace: DiskInitialize(0x81, 'multi(0)disk(0)rdisk(1)', Type: 25)
(\boot\freeldr\freeldr\disk\disk.c:130) trace: Signature: 0
(\boot\freeldr\freeldr\disk\disk.c:139) trace: Checksum: 55bbc18b
(\boot\freeldr\freeldr\disk\disk.c:142) trace: IsPartitionValid: TRUE
(\boot\freeldr\freeldr\disk\disk.c:163) trace: Disk 0x81 is GPT, DiskGuid: {9df3f58f-f8ad-4f63-9de5-0e0a91c4e2a0}
(\boot\freeldr\freeldr\lib\fs\fs.c:673) trace: FsRegisterDevice(multi(0)disk(0)rdisk(1)partition(0))
(\boot\freeldr\freeldr\disk\partition.c:82) trace: Drive 0x81 partition type GPT
(\boot\freeldr\freeldr\lib\fs\fs.c:673) trace: FsRegisterDevice(multi(0)disk(0)rdisk(1)partition(1))
(\boot\freeldr\freeldr\lib\fs\fs.c:673) trace: FsRegisterDevice(multi(0)disk(0)rdisk(1)partition(2))
(\boot\freeldr\freeldr\lib\fs\fs.c:673) trace: FsRegisterDevice(multi(0)disk(0)rdisk(1)partition(3))
(\boot\freeldr\freeldr\arch\uefi\uefidisk.c:976) trace: Identifier: 55bbc18b-00000000-A
(\boot\freeldr\freeldr\arch\uefi\uefidisk.c:1123) trace: Skipping logical partition handle 3
(\boot\freeldr\freeldr\arch\uefi\uefidisk.c:1123) trace: Skipping logical partition handle 4
(\boot\freeldr\freeldr\arch\uefi\uefidisk.c:1123) trace: Skipping logical partition handle 5
(\boot\freeldr\freeldr\arch\uefi\uefidisk.c:1173) trace: Boot handle is a logical partition, searching for parent root device
(\boot\freeldr\freeldr\arch\uefi\uefidisk.c:1176) trace: Boot partition: BlockSize=512, RemovableMedia=TRUE
(\boot\freeldr\freeldr\arch\uefi\uefidisk.c:1212) trace: Found boot parent device by device path at ARC drive index 0
(\boot\freeldr\freeldr\arch\uefi\uefidisk.c:1266) trace: Found 2 root block devices
(\boot\freeldr\freeldr\arch\uefi\uefidisk.c:1279) trace: UefiSetBootpath: Setting up boot path
(\boot\freeldr\freeldr\arch\uefi\uefidisk.c:1362) trace: Boot handle is logical partition, using partition 1
(\boot\freeldr\freeldr\arch\uefi\uefidisk.c:1377) trace: Boot path set to hard disk: multi(0)disk(0)rdisk(0)partition(1)
(\boot\freeldr\freeldr\arch\uefi\uefildr.c:88) trace: ExecuteLoaderCleanly Entry
(\boot\freeldr\freeldr\lib\fs\iso.c:595) trace: Enter IsoMount(0)
(\boot\freeldr\freeldr\lib\fs\iso.c:609) warn: Unrecognized CD-ROM format
(\boot\freeldr\freeldr\lib\fs\fat.c:1592) trace: Enter FatMount(0)
(\boot\freeldr\freeldr\lib\fs\fat.c:168) trace: FatOpenVolume() DeviceId = 0
(\boot\freeldr\freeldr\lib\fs\fat.c:181) trace: Dumping boot sector:
(\boot\freeldr\freeldr\lib\fs\fat.c:199) trace: sizeof(FAT32_BOOTSECTOR) = 0x200.
(\boot\freeldr\freeldr\lib\fs\fat.c:201) trace: JumpBoot: 0xeb 0xfe 0x90
(\boot\freeldr\freeldr\lib\fs\fat.c:202) trace: OemName: mkfs.fat
(\boot\freeldr\freeldr\lib\fs\fat.c:203) trace: BytesPerSector: 512
(\boot\freeldr\freeldr\lib\fs\fat.c:204) trace: SectorsPerCluster: 8
(\boot\freeldr\freeldr\lib\fs\fat.c:205) trace: ReservedSectors: 32
(\boot\freeldr\freeldr\lib\fs\fat.c:206) trace: NumberOfFats: 2
(\boot\freeldr\freeldr\lib\fs\fat.c:207) trace: RootDirEntries: 0
(\boot\freeldr\freeldr\lib\fs\fat.c:208) trace: TotalSectors: 0
(\boot\freeldr\freeldr\lib\fs\fat.c:209) trace: MediaDescriptor: 0xf8
(\boot\freeldr\freeldr\lib\fs\fat.c:210) trace: SectorsPerFat: 0
(\boot\freeldr\freeldr\lib\fs\fat.c:211) trace: SectorsPerTrack: 63
(\boot\freeldr\freeldr\lib\fs\fat.c:212) trace: NumberOfHeads: 32
(\boot\freeldr\freeldr\lib\fs\fat.c:213) trace: HiddenSectors: 2048
(\boot\freeldr\freeldr\lib\fs\fat.c:214) trace: TotalSectorsBig: 1570779
(\boot\freeldr\freeldr\lib\fs\fat.c:215) trace: SectorsPerFatBig: 1536
(\boot\freeldr\freeldr\lib\fs\fat.c:216) trace: ExtendedFlags: 0x0
(\boot\freeldr\freeldr\lib\fs\fat.c:217) trace: FileSystemVersion: 0x0
(\boot\freeldr\freeldr\lib\fs\fat.c:218) trace: RootDirStartCluster: 2
(\boot\freeldr\freeldr\lib\fs\fat.c:219) trace: FsInfo: 1
(\boot\freeldr\freeldr\lib\fs\fat.c:220) trace: BackupBootSector: 6
(\boot\freeldr\freeldr\lib\fs\fat.c:221) trace: Reserved: 0x2533b34
(\boot\freeldr\freeldr\lib\fs\fat.c:222) trace: DriveNumber: 0xff
(\boot\freeldr\freeldr\lib\fs\fat.c:223) trace: Reserved1: 0x0
(\boot\freeldr\freeldr\lib\fs\fat.c:224) trace: BootSignature: 0x29
(\boot\freeldr\freeldr\lib\fs\fat.c:225) trace: VolumeSerialNumber: 0xfae17a87
(\boot\freeldr\freeldr\lib\fs\fat.c:226) trace: VolumeLabel: NO NAME    
(\boot\freeldr\freeldr\lib\fs\fat.c:227) trace: FileSystemType: FAT32   
(\boot\freeldr\freeldr\lib\fs\fat.c:228) trace: BootSectorMagic: 0xaa55
(\boot\freeldr\freeldr\lib\fs\fat.c:361) trace: FAT cache is 512 sectors, 262144 bytes
(\boot\freeldr\freeldr\lib\fs\fat.c:1665) trace: FatMount(0) success
(\boot\freeldr\freeldr\lib\fs\fat.c:1426) trace: FatGetFileInformation(1) -> FileSize = 1293, FilePointer = 0x0
(\boot\freeldr\freeldr\bootmgr.c:282) trace: Argv[0]: '(null)'
(\boot\freeldr\freeldr\bootmgr.c:282) trace: Argv[1]: 'SystemPartition=multi(0)disk(0)rdisk(0)partition(1)'
(\boot\freeldr\freeldr\bootmgr.c:282) trace: Argv[2]: 'LoadIdentifier=ReactOS (Debug, SMP)'
(\boot\freeldr\freeldr\bootmgr.c:282) trace: Argv[3]: 'BootType=Windows2003'
(\boot\freeldr\freeldr\bootmgr.c:282) trace: Argv[4]: 'SystemPath=\ReactOS'
(\boot\freeldr\freeldr\bootmgr.c:282) trace: Argv[5]: 'Options=/HAL=hal.dll /KERNEL=ntkrnlmp.exe /DEBUG /DEBUGPORT=COM1 /BAUDRATE=115200 /SOS /FASTDETECT'
(\boot\freeldr\freeldr\lib\fs\fat.c:965) trace: FAT cache miss: read sector 0x239 from disk
(\boot\freeldr\freeldr\lib\fs\fat.c:965) trace: FAT cache miss: read sector 0x325 from disk
(\boot\freeldr\freeldr\lib\fs\fat.c:965) trace: FAT cache miss: read sector 0x36f from disk
(\boot\freeldr\freeldr\lib\fs\fat.c:965) trace: FAT cache miss: read sector 0x414 from disk
(\boot\freeldr\freeldr\lib\fs\fat.c:1426) trace: FatGetFileInformation(1) -> FileSize = 233472, FilePointer = 0x0
(\boot\freeldr\freeldr\lib\fs\fat.c:1426) trace: FatGetFileInformation(1) -> FileSize = 66082, FilePointer = 0x0
(\boot\freeldr\freeldr\lib\fs\fat.c:1426) trace: FatGetFileInformation(2) -> FileSize = 66594, FilePointer = 0x0
(\boot\freeldr\freeldr\lib\fs\fat.c:1426) trace: FatGetFileInformation(3) -> FileSize = 4870, FilePointer = 0x0
(\boot\freeldr\freeldr\lib\fs\fat.c:965) trace: FAT cache miss: read sector 0x240 from disk
(\boot\freeldr\freeldr\lib\fs\fat.c:965) trace: FAT cache miss: read sector 0x349 from disk
(\boot\freeldr\freeldr\lib\fs\fat.c:965) trace: FAT cache miss: read sector 0x34d from disk
(\boot\freeldr\freeldr\lib\fs\fat.c:965) trace: FAT cache miss: read sector 0x223 from disk
(\boot\freeldr\freeldr\arch\uefi\uefimem.c:273) trace: UefiMemGetMemoryMap: Gather memory map
(\boot\freeldr\freeldr\arch\uefi\uefimem.c:285) trace: Value of MapKey: 17318
(\boot\freeldr\freeldr\arch\uefi\uefimem.c:286) trace: Value of MapSize: 4752
(\boot\freeldr\freeldr\arch\uefi\uefimem.c:287) trace: Value of DescriptorSize: 48
(\boot\freeldr\freeldr\arch\uefi\uefimem.c:288) trace: Value of DescriptorVersion: 1
(\boot\freeldr\freeldr\arch\uefi\uefimem.c:420) trace: Attempting to exit bootsevices
(\boot\freeldr\freeldr\arch\uefi\uefimem.c:486) trace: Exited bootservices
(\boot\freeldr\freeldr\arch\arm64\mmu_v2.c:1124) trace: ARM64: Forcing va_bits from 36 to 47 for NT ARM64 page tables
[   13.918048] (\ntoskrnl\kd64\kdinit.c:94) -----------------------------------------------------
[   13.923773] (\ntoskrnl\kd64\kdinit.c:95) ReactOS 0.4.17-arm64-dev (Build 20260705-nt10.0-003-26-gfe90dcf) (Commit fe90dcff5ed47ffe266a87289933a34977d8b52f)
[   13.937654] (\ntoskrnl\kd64\kdinit.c:96) 1 System Processor [8166 MB Memory]
[   13.944682] (\ntoskrnl\kd64\kdinit.c:100) Command Line: HAL=HAL.DLL KERNEL=NTKRNLMP.EXE DEBUG DEBUGPORT=COM1 BAUDRATE=115200 SOS FASTDETECT
[   13.957176] (\ntoskrnl\kd64\kdinit.c:103) ARC Paths: multi(0)disk(0)rdisk(0)partition(1) \ multi(0)disk(0)rdisk(0)partition(1) \ReactOS\
[   13.969435] HAL: About to lookup FADT (signature=50434146)
[   13.974876] HAL: HalAcpiGetTable(FADT) returned FFFFFC000040B010
[   13.980865] (\hal\halarm64\acpi\rsdt.c:331) ACPI: XSDT 000000003dad4f18 00005c (v01 RPIFDN RPI5     00000200      01000013)
[   13.991969] (\hal\halarm64\acpi\rsdt.c:423) ACPI: FACP 000000003dad4b98 000114 (v06 RPIFDN RPI5     00000200 EDK2 00000300)
[   14.003075] (\hal\halarm64\acpi\rsdt.c:461) ACPI: DSDT 000000003ce90018 0015ea (v02 RPIFDN RPI5     00000002 INTL 20260408)
[   14.014180] (\hal\halarm64\acpi\rsdt.c:581) ACPI: BGRT 000000003dad4b18 000038 (v01 INTEL  EDK2     00000002      01000013)
[   14.025286] (\hal\halarm64\acpi\rsdt.c:581) ACPI: DBG2 000000003dad4e18 000061 (v00 RPIFDN RPI5     00000200 EDK2 00000300)
[   14.036391] (\hal\halarm64\acpi\rsdt.c:581) ACPI: GTDT 000000003dad4d18 000068 (v03 RPIFDN RPI5     00000200 EDK2 00000300)
[   14.047497] (\hal\halarm64\acpi\rsdt.c:581) ACPI: APIC 000000003dad4098 000184 (v05 RPIFDN RPI5     00000200 EDK2 00000300)
[   14.058604] (\hal\halarm64\acpi\rsdt.c:581) ACPI: [   14.063202] (\hal\halarm64\acpi\rsdt.c:581) ACPI: PPTT 000000003dad4318 000130 (v02 RPIFDN RPI5     00000200 EDK2 00000300)
[   14.074310] (\hal\halarm64\acpi\halacpi.c:2611) ACPI Timer resource unavailable (EXT: 0)
[   14.082383] (\hal\halarm64\acpi\halacpi.c:3065) ACPI v6.3-6.3_A detected. Tables: [XSDT] [FACP] [BGRT] [DBG2] [GTDT] [APIC] [ [PPTT]
[   14.094266] (\hal\halarm64\gic\gic_init.c:926) [arm64][GIC] GIC probe: PFR0.GIC=0 SRE=0 PIDR2=0x0000002b ARCHREV=2
[   14.104587] (\hal\halarm64\gic\gic_init.c:928) [arm64][GIC] Using GICv2 legacy (GICC) CPU interface
[   14.113611] (\hal\halarm64\gic\gic_init.c:538) [arm64][GIC] Initializing distributor (version=2, sysregs=0)
[   14.123329] (\hal\halarm64\gic\gic_init.c:551) [arm64][GIC] GICD typer=0x0000fc69 lines=320 nregs=10
[   14.132443] (\hal\halarm64\gic\gicv2.c:309) [arm64][GICv2] SPI targets set to CPU0
[   14.139987] (\hal\halarm64\gic\gicv2.c:119) [arm64][GICv2] Saved PPI enables: 0x0800ffff
[   14.148056] (\hal\halarm64\gic\gicv2.c:155) [arm64][GICv2] Restored PPI enables: 0x0800ffff
[   14.156385] (\hal\halarm64\gic\gicv2.c:159) [arm64][GICv2] SGI/PPI bank configured with preserved enables
[   14.165928] (\hal\halarm64\gic\gic_init.c:633) [arm64][GIC] Distributor initialized and enabled
[   14.174605] (\hal\halarm64\gic\gicv2.c:89) [arm64][GICv2] CPU interface initialized (PMR=0xFF, CTLR=0x3)
[   14.184061] (\hal\halarm64\gic\gic_init.c:822) [arm64][GIC] Version detection complete:
[   14.192043] (\hal\halarm64\gic\gic_init.c:823) [arm64][GIC]   Architecture: GICv2
[   14.199505] (\hal\halarm64\gic\gic_init.c:825) [arm64][GIC]   Interrupt lines: 320 (max SPI INTID: 319)
[   14.415429] (\ntoskrnl\mm\ARM3\largepag.c:37) MiInitializeLargePageSupport: PAE/x64 Not Implemented
[   14.422624] (\ntoskrnl\mm\ARM3\mminit.c:2235) Paged pool: 398 MB at FFFFE69F96C00000
[   14.432043] (\sdk\include\reactos\drivers\bootvid\framebuf.c:512) Display: loader UEFI GOP framebuffer 0x3F400000 size=8294400 1920x1080 stride=1920 bpp=32
[   14.443196] (\sdk\include\reactos\drivers\bootvid\framebuf.c:674) 
[   14.449354] Boot Display found on Interface 0, Bus 0
[   14.454301]     VideoRamAddress   : 0x3F400000
[   14.458724]     VideoRamSize      : 8294400
[   14.462889]     Version           : 1.3
[   14.466707]     VideoClock        : 0
[   14.470350] Framebuffer format:
[   14.473474]     BaseAddress       : 0x3F400000
[   14.477900]     ScreenWidth       : 1920
[   14.481803]     ScreenHeight      : 1080
[   14.485707]     PixelsPerScanLine : 1920
[   14.489613]     BitsPerPixel      : 32
[   14.493343]     ARGB masks:       : ff000000/00ff0000/0000ff00/000000ff
[   14.501371] (\drivers\base\bootvid\framebuf\bootvid.c:297) Scaling X = 2, Y = 2
[   14.507226] (\drivers\base\bootvid\framebuf\bootvid.c:304) Borders X = 320, Y = 60
[   14.534842] (\ntoskrnl\ke\arm64\stubs.c:653) [arm64] KeStartAllProcessors: Max=64 (numproc=0 bootproc=0)
[   14.541470] (\ntoskrnl\ke\arm64\stubs.c:738) [arm64] KeStartAllProcessors: Attempting to start CPU 1
[   14.550558] (\hal\halarm64\smp.c:315) [arm64][HAL] Identity-map page table: L0[0]→L1[0]→L2[2] block=0x400000 (trampoline PA=0x420000)
[   14.562872] (\hal\halarm64\smp.c:415) [arm64][HAL] AP trampoline initialized at PA=0x420000 VA=FFFFFC0000420000 size=448 idmap_ttbr0=0x500000
[   14.575534] (\hal\halarm64\smp.c:592) [arm64][HAL] Discovered 4 CPUs, parking protocol not available
[   14.584689] (\ntoskrnl\ke\arm64\stubs.c:771) [arm64] KeStartAllProcessors: CPU 1 started successfully
[   14.593865] (\ntoskrnl\ke\arm64\stubs.c:738) [arm64] KeStartAllProcessors: Attempting to start CPU 2
[   14.602986] (\ntoskrnl\ke\arm64\stubs.c:771) [arm64] KeStartAllProcessors: CPU 2 started successfully
[   14.612172] (\ntoskrnl\ke\arm64\stubs.c:738) [arm64] KeStartAllProcessors: Attempting to start CPU 3
[   14.621290] (\ntoskrnl\ke\arm64\stubs.c:771) [arm64] KeStartAllProcessors: CPU 3 started successfully
[   14.630478] (\ntoskrnl\ke\arm64\stubs.c:738) [arm64] KeStartAllProcessors: Attempting to start CPU 4
[   14.639564] (\hal\halarm64\halarm64.c:5909) [arm64][HAL] HalStartNextProcessor: no more processors (started=4, available=4)
[   14.650671] (\ntoskrnl\ke\arm64\stubs.c:744) [arm64] KeStartAllProcessors: HalStartNextProcessor failed for CPU 4
[   14.660941] (\ntoskrnl\ke\arm64\stubs.c:789) [arm64] KeStartAllProcessors: Successfully started 3 APs
[   14.670106] (\ntoskrnl\ke\arm64\stubs.c:824) [arm64] KeStartAllProcessors: Updating process affinities to 0xf
[   14.679995] (\ntoskrnl\ke\arm64\stubs.c:859) [arm64] KeStartAllProcessors: System process affinity 0x1 -> 0xf
[   14.690214] (\ntoskrnl\mm\mminit.c:224)           0xFFFFF80000000000 - 0xFFFFF80200000000	Boot Loaded Image
[   14.699603] (\ntoskrnl\mm\mminit.c:235)           0xFFFFB85E30A00000 - 0xFFFFB85E39A01000	PFN Database
[   14.708887] (\ntoskrnl\mm\mminit.c:239)           0xFFFFB21A01600000 - 0xFFFFB21A02620000	ARM3 Non Paged Pool
[   14.718777] (\ntoskrnl\mm\mminit.c:243)           0xFFFFF97FBA000000 - 0xFFFFF97FDA000000	System View Space
[   14.728495] (\ntoskrnl\mm\mminit.c:247)           0xFFFFF97FDA000000 - 0xFFFFF98000000000	Session Space
[   14.737865] (\ntoskrnl\mm\mminit.c:250)           0xFFFFE48000000000 - 0xFFFFE4FFFFFFFFFF	Page Tables
[   14.747063] (\ntoskrnl\mm\mminit.c:253)           0xFFFFE4F240000000 - 0xFFFFE4F27FFFFFFF	Page Directories
[   14.756693] (\ntoskrnl\mm\mminit.c:256)           0xFFFFF70000000000 - 0xFFFFF77FFFFFFFFF	Hyperspace
[   14.765804] (\ntoskrnl\mm\mminit.c:259)           0xFFFFEA0000000000 - 0xFFFFEBFFFFFFFFFF	System Cache
[   14.775087] (\ntoskrnl\mm\mminit.c:263)           0xFFFFE69F96C00000 - 0xFFFFE69FAFC00000	ARM3 Paged Pool
[   14.784633] (\ntoskrnl\mm\mminit.c:269)           0xFFFFE750A5800000 - 0xFFFFE750B1B51000	System PTE Space
[   14.794262] (\ntoskrnl\mm\mminit.c:273)           0xFFFFB21A02620000 - 0xFFFFB21A0DD70000	Non Paged Pool Expansion PTE Space
[   14.809228] (\hal\halarm64\acpi\halacpi.c:3482) HAL: ARM64 PCI stubs initialized (ECAM-only mode)
[   14.815211] 
====== PCI BUS HARDWARE DETECTION (ACPI HAL) =======

[   14.821548] HAL: ARM64 PCI ECAM path not exercised.
[   14.826403] 
====== END PCI BUS DETECTION =======

[   14.831351] ACPI ARM64-based System initialized
[   14.836077] WARNING:  ArbBuildAssignmentOrdering at \sdk\lib\drivers\arbiter\arbiter.c:275 is UNIMPLEMENTED!
[   14.845671] WARNING:  ArbBuildAssignmentOrdering at \sdk\lib\drivers\arbiter\arbiter.c:275 is UNIMPLEMENTED!
[   14.855477] WARNING:  ArbBuildAssignmentOrdering at \sdk\lib\drivers\arbiter\arbiter.c:275 is UNIMPLEMENTED!
[   14.865279] WARNING:  ArbBuildAssignmentOrdering at \sdk\lib\drivers\arbiter\arbiter.c:275 is UNIMPLEMENTED!
[   14.875087] WARNING:  ArbBuildAssignmentOrdering at \sdk\lib\drivers\arbiter\arbiter.c:275 is UNIMPLEMENTED!
[   14.885480] (\ntoskrnl\io\pnpmgr\pnproot.c:518) Failed to read the LogConf key for Root\RPI5VC4\0000
[   14.894067] (\ntoskrnl\io\pnpmgr\pnproot.c:518) Failed to read the LogConf key for Root\SOFTGPU\0000
[   14.904903] (\ntoskrnl\io\pnpmgr\pnpmap.c:656) ZwQueryValueKey(\Registry\Machine\SYSTEM\CURRENTCONTROLSET\Control\PnpDisableFirmwareMapper) failed with status 0xc0000034
[   14.925010] (\hal\halarm64\acpi\halacpi.c:4622) Resource count: 0
[   14.928218] (\hal\halarm64\acpi\halacpi.c:4627) Resource list size: 40
[   14.934729] (\hal\halarm64\acpi\halacpi.c:4622) Resource count: 0
[   14.940801] (\hal\halarm64\acpi\halacpi.c:4627) Resource list size: 40
[   14.947806] (\ntoskrnl\io\pnpmgr\pnpmgr.c:164) CDDB: set Driver='{4D36E97D-E325-11CE-BFC1-08002BE10318}\0000' for critical device (0x00000000)
[   14.966330] (\drivers\bus\sd\sdbus.c:276) SD Bus Driver: DriverEntry
[   14.969947] (\drivers\storage\port\sdport\sdport.c:69) SdPortInitialize(FFFFB21A024664F0 \REGISTRY\MACHINE\SYSTEM\CONTROLSET001\SERVICES\SDHC FFFFE750B1698A78)
[   14.984180] (\drivers\storage\port\sdport\sdport.c:173) SDPORT DriverEntry: DriverObject=FFFFB21A024A3070 RegistryPath=\REGISTRY\MACHINE\SYSTEM\CONTROLSET001\SERVICES\SDPORT
[   15.003940] (\drivers\storage\port\storport\storport.c:961) StorPortInitialize(FFFFB21A024A3C70 FFFFE750B1698BA0 FFFFE750B1698A80 0000000000000000)
[   15.014264] (\drivers\storage\port\storport\storport.c:963) HwInitializationDataSize: 136
[   15.022417] (\drivers\storage\port\storport\storport.c:964) AdapterInterfaceType: 5
[   15.030054] (\drivers\storage\port\storport\storport.c:965) HwInitialize: FFFFE750B186BB48
[   15.038295] (\drivers\storage\port\storport\storport.c:966) HwStartIo: FFFFE750B186C27C
[   15.046279] (\drivers\storage\port\storport\storport.c:967) HwInterrupt: FFFFE750B186C168
[   15.054433] (\drivers\storage\port\storport\storport.c:968) HwFindAdapter: FFFFE750B186D3D4
[   15.062764] (\drivers\storage\port\storport\storport.c:969) HwResetBus: FFFFE750B186D308
[   15.070831] (\drivers\storage\port\storport\storport.c:970) HwDmaStarted: 0000000000000000
[   15.079075] (\drivers\storage\port\storport\storport.c:971) HwAdapterState: 0000000000000000
[   15.087489] (\drivers\storage\port\storport\storport.c:972) DeviceExtensionSize: 146520
[   15.095473] (\drivers\storage\port\storport\storport.c:973) SpecificLuExtensionSize: 0
[   15.103367] (\drivers\storage\port\storport\storport.c:974) SrbExtensionSize: 1592
[   15.110917] (\drivers\storage\port\storport\storport.c:975) NumberOfAccessRanges: 6
[   15.118551] (\drivers\storage\port\storport\storport.c:1001) No driver object extension!
[   15.126625] (\drivers\storage\port\storport\storport.c:1013) Driver object extension created!
[   15.135122] (\drivers\storage\port\storport\storport.c:31) PortAddDriverInitData()
[   15.142674] (\drivers\storage\port\storport\storport.c:1044) StorPortInitialize() done (Status 0x00000000)
[   15.154507] (\drivers\storage\port\storport\storport.c:461) DriverEntry(FFFFB21A024A3A70 FFFFE750B1698BA0)
[   15.171123] WDFTrace: new WDFKEY object open failed, !STATUS!
[   15.183102] (\drivers\ksfilter\swenum\swenum.c:428) SWENUM loaded
[   15.188519] (\drivers\storage\class\ramdisk\ramdisk.c:5836) RAMDISK DriverEntry: DriverObject=FFFFB21A0259E5D0 RegistryPath=\REGISTRY\MACHINE\SYSTEM\CONTROLSET001\SERVICES\RAMDISK
[   15.204591] (\ntoskrnl\io\iomgr\driver.c:1442) BOOT DRIVERS LOADED
[   15.209596] (\hal\halarm64\acpi\halpnpdd.c:1720) Start device received
[   15.215250] (\drivers\bus\acpi\pnp.c:338) ACPI: Registered PCI interface: \??\ACPI_HAL#PNP0C08#0#{a7e9db84-db4c-4289-876b-e2c3e63b5f4f}
[   15.227089] (\drivers\bus\acpi\pnp.c:353) Bus_StartFdo: Calling AcpiInitializeSubsystem
[   15.235115] (\drivers\bus\acpi\pnp.c:364) Bus_StartFdo: Calling AcpiInitializeTables
[   15.260022] (\drivers\bus\acpi\pnp.c:373) Bus_StartFdo: Calling AcpiLoadTables
[   15.266264] (\drivers\bus\acpi\busmgr\utils.c:575) AcpiGetTable() for FACS failed (Status 0x00000005)
[   15.273566] (\drivers\bus\acpi\pnp.c:385) Unable to create ACPI tables in registry (0xc0000001)
[   15.282233] (\drivers\bus\acpi\pnp.c:389) Bus_StartFdo: Calling acpi_init
[   15.290043] (\drivers\bus\acpi\busmgr\bus.c:1693) ACPI: _PIC method not present; firmware assumed APIC-ready
[   15.302715] (\hal\halarm64\halarm64.c:1715) [arm64][PCI] Registered PCI routing query provider at FFFFE750B19C1440
[   15.310175] (\drivers\bus\acpi\busmgr\acpi_pci_routing.c:430) ACPI: PCI routing provider registered (4 entries available)
[   15.321107] (\drivers\bus\acpi\busmgr\pci_root.c:978) ACPI: Enumerating PCI root bridges (ACPI 1.0/2.0+/PCIe)
[   15.331573] (\drivers\bus\acpi\busmgr\pci_root.c:320) ACPI: _OSC calling with Support=0x19 Control=0x10
[   15.340507] (\drivers\bus\acpi\busmgr\pci_root.c:423) ACPI: _OSC success - granted control 0x10 (status 0x0)
[   15.350177] (\drivers\bus\acpi\busmgr\pci_root.c:847) ACPI: PCI Root 1: HID=PNP0A08 UID=1 SEG=1 BUS=0
[   15.359367] (\drivers\bus\acpi\busmgr\pci_root.c:853)     Bus range  : [0 - 255]
[   15.366744] (\drivers\bus\acpi\busmgr\pci_root.c:872)     Memory window: [c0000000 - 1affffffff]
[   15.375505] (\drivers\bus\acpi\busmgr\pci_root.c:876)       translation: +0
[   15.382448] (\drivers\bus\acpi\busmgr\pci_root.c:897)     _OSC status 0x0 request 0x10 grant 0x10
[   15.391297] (\hal\halarm64\halarm64.c:1651) [arm64][PCI] ACPI PCI Root Bridge: Segment=1 Bus=0 BusRange=[0-255]
[   15.401363] (\hal\halarm64\halarm64.c:1660) [arm64][PCI]   No MCFG or _CBA config-space base published for this root bridge.
[   15.412555] (\hal\halarm64\halarm64.c:1674) [arm64][PCI]   Memory Window: [0xc0000000 - 0x1affffffff]
[   15.421750] (\hal\halarm64\halarm64.c:1690) [arm64][PCI]   _OSC: Status=0x0 Control=0x10 Grant=0x10 (OK)
[   15.431947] (\drivers\bus\acpi\busmgr\pci_root.c:835) ACPI: PCI root HID=PNP0A08 UID=1 already processed (Seg 1 Bus 0-255), skipping duplicate handle FFFFB21A024A11F0
[   15.446257] (\drivers\bus\acpi\pnp.c:399) Bus_StartFdo: Calling ACPIEnumerateDevices
[   15.453953] (\drivers\bus\acpi\acpienum.c:159) ACPI-PCIROOT: Enumerating PCI root candidate HID=PNP0A08 UID=1 ADR=0xffffffffffffffff handle=FFFFB21A024A11F0
[   15.467736] (\drivers\bus\acpi\acpienum.c:169) ACPI-PCIROOT:   |_ CID[0]=PNP0A03
[   15.475382] (\drivers\bus\acpi\acpienum.c:549) ACPI-PCIROOT:   |_ _CRS Bus 0x0-0xff (len=0x100)
[   15.483787] (\drivers\bus\acpi\acpienum.c:549) ACPI-PCIROOT:   |_ _CRS Mem64 0xc0000000-0xc04fffff (len=0x500000)
[   15.494025] (\drivers\bus\acpi\acpienum.c:549) ACPI-PCIROOT:   |_ _CRS Mem64 0x1800000000-0x1affffffff (len=0x300000000)
[   15.505060] (\drivers\bus\acpi\pnp.c:401) Bus_StartFdo: ACPIEnumerateDevices done (Status 0x0)
[   15.521455] (\drivers\bus\acpi\buspdo.c:237) ACPI: Using _BBN for PCI root ACPI\PNP0A08 bus=0
[   15.527096] (\drivers\bus\acpi\buspdo.c:283) ACPI: Cached PCI root ACPI\PNP0A08 bus number 0
[   15.537293] (\ntoskrnl\io\pnpmgr\pnpmgr.c:164) CDDB: set Driver='{4D36E97D-E325-11CE-BFC1-08002BE10318}\0001' for critical device (0x00000000)
[   15.548931] (\drivers\bus\acpi\buspdo.c:237) ACPI: Using _BBN for PCI root ACPI\PNP0A08 bus=0
[   15.556764] (\drivers\bus\acpi\buspdo.c:283) ACPI: Cached PCI root ACPI\PNP0A08 bus number 0
[   15.566024] (\drivers\bus\pci\fdo.c:474) PCI: FdoStartDevice called
[   15.571427] (\drivers\bus\pci\arb.c:666) PCI: Creating arbiters for bus 0
[   15.578199] (\drivers\bus\pci\arb.c:709) PCI: Created 3 arbiters for bus 0
[   15.585168] (\drivers\bus\pci\fdo.c:274) PCI: FdoQueryBusRelations called
[   15.591820] (\hal\halarm64\acpi\halacpi.c:139) HAL: PCI Express MMCONFIG unavailable because the ACPI MCFG table is missing or empty.
[   15.603793] (\drivers\bus\pci\fdo.c:133) PCI: Bus 0 slot 0 empty (Size=64 VendorID=0xffff), but scanning root bus anyway
[   15.614640] (\drivers\bus\pci\fdo.c:290) PCI: FdoQueryBusRelations enumerated 0 devices
[   15.626647] (\ntoskrnl\io\pnpmgr\pnpmgr.c:164) CDDB: set Driver='{36FC9E60-C465-11CF-8056-444553540000}\0000' for critical device (0x00000000)
[   15.638219] (\drivers\bus\acpi\interface.c:823) Invalid GUID
[   15.642181] (\drivers\usb\usbport\pnp.c:1615) USBPORT_StartDevice: no PCI config space (ACPI-enumerated controller), continuing
[   15.653632] (\drivers\bus\acpi\interface.c:823) Invalid GUID
[   15.661761] (\drivers\usb\usbxhci\usbxhci.c:9233) usbxhci: no PCI config space (ACPI-enumerated controller), skipping bus-master enable
[   15.672914] (\drivers\usb\usbxhci\osc.c:447) usbxhci: _OSC: Using IOCTL to evaluate _OSC method
[   15.680089] (\drivers\usb\usbxhci\osc.c:480) usbxhci: _OSC Query phase - asking what controls are available
[   15.689840] (\drivers\usb\usbxhci\osc.c:234) usbxhci: ACPI _OSC IOCTL failed: 0xC0000034
[   15.697877] (\drivers\usb\usbxhci\osc.c:497) usbxhci: _OSC not available (Status=0xC0000034) - using legacy defaults
[   15.708376] (\drivers\usb\usbxhci\osc.c:401) usbxhci: _OSC: Set legacy defaults (full OS control)
[   15.741118] (\drivers\usb\usbxhci\usbxhci.c:4211) usbxhci: bounce pool ready slots=32 size=65536
[   15.748177] (\drivers\usb\usbport\pnp.c:2537) USBPORT_CreatePdo: HubPdo=FFFFB21A0249CAE0 DevExt=FFFFB21A0249CC30
[   15.758324] (\ntoskrnl\io\pnpmgr\pnpmgr.c:164) CDDB: set Driver='{36FC9E60-C465-11CF-8056-444553540000}\0001' for critical device (0x00000000)
[   15.770239] (\drivers\usb\usbhub\usbhub.c:957) USBH_SyncGetRootHubPdo: Target=FFFFB21A0249CAE0 Driver=\Driver\usbxhci StackSize=2
[   15.781552] (\drivers\usb\usbhub\usbhub.c:985) USBH_SyncGetRootHubPdo: Irp=FFFFB21A0245FCF0 Major=0f IoCtl=0022000f Arg1=FFFFB21A0242F1E0 Arg2=FFFFB21A0242F1E8
[   15.795780] (\drivers\usb\usbport\ioctl.c:661) USBPORT_PdoInternalDeviceControl: IOCTL_INTERNAL_USB_GET_ROOTHUB_PDO Pdo=FFFFB21A0249CAE0 Arg1=FFFFB21A0242F1E0 Arg2=FFFFB21A0242F1E8
[   15.812480] (\drivers\usb\usbhub\usbhub.c:1267) USBH_GetConfigurationDescriptor: NTSTATUS=0x00000000 wTotalLength=25 FirstBytes=09 02 19 00 01 01
[   15.824850] (\drivers\bus\acpi\main.c:374) Unsupported IOCTL: 32c020
[   15.831703] (\drivers\usb\usbhub\pnp.c:344) USBH_OpenConfiguration: using interface 0 alt 0 Pipes=1 MaxPacket0=8
[   15.841355] (\drivers\usb\usbhub\pnp.c:372) USBH_OpenConfiguration: SelectConfig succeeded (PipeHandle=FFFFB21A0242FA70 wTotalLength=25)
[   15.873644] (\drivers\usb\usbhub\usbhub.c:3689) USBD_RegisterRootHubCallBack: HubExtension - FFFFB21A0242F1C0
[   15.880671] (\drivers\usb\usbport\iface.c:1283) USBHI_RootHubInitNotification: stored callback FFFFE750B19415A4 ctx=FFFFB21A0242F1C0 seq=1 caller=FFFFE750B194168C
[   15.895158] (\drivers\usb\usbhub\usbhub.c:3705) USBD_RegisterRootHubCallBack: RootHubInitNotification -> 0x00000000
[   15.895160] (\drivers\usb\usbhub\usbhub.c:3137) USBH_SubmitStatusChangeTransfer: HubExtension - FFFFB21A0242F1C0, SCEIrp - FFFFB21A0245FCF0
[   15.905621] (\drivers\usb\usbhub\pnp.c:1190) USBH_FdoQueryBusRelations: NumberPorts - 3
[   15.918088] (\drivers\usb\usbhub\usbhub.c:2544) USBH_ChangeIndicationWorker: HubExt=FFFFB21A0242F1C0 WorkItem=FFFFB21A02462390
[   15.937412] (\drivers\usb\usbhub\usbhub.c:2792) USBH_ChangeIndicationWorker: Port 2 Status=0x0301 Change=0x0001
[   15.947491] (\drivers\usb\usbhub\usbhub.c:2311) USBH_ProcessPortStateChange: Port 2 connect -> enumerate
[   15.956947] (\drivers\usb\usbhub\usbhub.c:2792) USBH_ChangeIndicationWorker: Port 3 Status=0x1103 Change=0x0031
[   15.967010] (\drivers\usb\usbhub\usbhub.c:2311) USBH_ProcessPortStateChange: Port 3 connect -> enumerate
[   15.976478] (\drivers\usb\usbhub\usbhub.c:3137) USBH_SubmitStatusChangeTransfer: HubExtension - FFFFB21A0242F1C0, SCEIrp - FFFFB21A0245FCF0
[   16.128193] (\drivers\usb\usbhub\usbhub.c:3137) USBH_SubmitStatusChangeTransfer: HubExtension - FFFFB21A0242F1C0, SCEIrp - FFFFB21A0245FCF0
[   16.148098] (\drivers\usb\usbhub\usbhub.c:5701) USBH_CreateDevice: Port - 2, UsbPortStatus - 0x0303
[   16.154265] (\drivers\usb\usbhub\usbhub.c:5737) USBH_CreateDevice: PortDevice - FFFFB21A0249B620, <\Device\USBPDO-1>
[   16.164751] (\drivers\usb\usbhub\usbhub.c:5739) USBH_CreateDevice: PortExtension - FFFFB21A0249B770
[   16.261676] (\drivers\usb\usbhub\usbhub.c:3137) USBH_SubmitStatusChangeTransfer: HubExtension - FFFFB21A0242F1C0, SCEIrp - FFFFB21A0245FCF0
[   16.288135] (\drivers\usb\usbxhci\usbxhci.c:5018) usbxhci: ResetDeviceOnPort: RESET_DEV succeeded for slot 1 on port 2, now in Default state
[   16.325590] (\drivers\usb\usbhub\usbhub.c:5611) USBH: announcing usb 1-2 port 2 (VID=413C PID=301A)
[   16.331745] (\drivers\usb\usbhub\usbhub.c:5634) usb 1-2: new low-speed USB device on port 2
[   16.340073] (\drivers\usb\usbhub\usbhub.c:5642) usb 1-2: New USB device found, idVendor=413C, idProduct=301A, bcdDevice=01.00
[   16.351353] (\drivers\usb\usbhub\usbhub.c:5649) usb 1-2: New USB device strings: Mfr=1, Product=2, SerialNumber=0
[   16.386561] (\drivers\usb\usbhub\usbhub.c:5655) usb 1-2: Product: Dell MS116 USB Optical Mouse
[   16.392282] (\drivers\usb\usbhub\usbhub.c:5660) usb 1-2: Manufacturer: PixArt
[   16.405575] (\drivers\usb\usbhub\usbhub.c:1267) USBH_GetConfigurationDescriptor: NTSTATUS=0x00000000 wTotalLength=34 FirstBytes=09 02 22 00 01 01
[   16.415726] (\drivers\usb\usbhub\pnp.c:1261) USBH_FdoQueryBusRelations: cached connect (no PDO) port 3 (ConnStatus=1)
[   16.426309] (\drivers\usb\usbhub\pnp.c:1302) USBH_FdoQueryBusRelations: forcing PDO creation from cached state on port 3
[   16.694125] (\drivers\usb\usbhub\usbhub.c:3137) USBH_SubmitStatusChangeTransfer: HubExtension - FFFFB21A0242F1C0, SCEIrp - FFFFB21A0245FCF0
[   16.718147] (\drivers\usb\usbhub\usbhub.c:5701) USBH_CreateDevice: Port - 3, UsbPortStatus - 0x1103
[   16.724315] (\drivers\usb\usbhub\usbhub.c:5737) USBH_CreateDevice: PortDevice - FFFFB21A02532CC0, <\Device\USBPDO-2>
[   16.734799] (\drivers\usb\usbhub\usbhub.c:5739) USBH_CreateDevice: PortExtension - FFFFB21A02532E10
[   16.883935] (\drivers\usb\usbhub\usbhub.c:3137) USBH_SubmitStatusChangeTransfer: HubExtension - FFFFB21A0242F1C0, SCEIrp - FFFFB21A0245FCF0
[   16.908186] (\drivers\usb\usbxhci\usbxhci.c:5018) usbxhci: ResetDeviceOnPort: RESET_DEV succeeded for slot 2 on port 3, now in Default state
[   16.932026] (\drivers\usb\usbhub\usbhub.c:5611) USBH: announcing usb 1-3 port 3 (VID=0781 PID=5581)
[   16.938180] (\drivers\usb\usbhub\usbhub.c:5634) usb 1-3: new super-speed USB device on port 3
[   16.946683] (\drivers\usb\usbhub\usbhub.c:5642) usb 1-3: New USB device found, idVendor=0781, idProduct=5581, bcdDevice=01.00
[   16.957962] (\drivers\usb\usbhub\usbhub.c:5649) usb 1-3: New USB device strings: Mfr=1, Product=2, SerialNumber=3
[   16.970153] (\drivers\usb\usbhub\usbhub.c:5655) usb 1-3: Product:  SanDisk 3.2Gen1
[   16.975748] (\drivers\usb\usbhub\usbhub.c:5660) usb 1-3: Manufacturer:  USB
[   16.982691] (\drivers\usb\usbhub\usbhub.c:5675) usb 1-3: SerialNumber: 0901da96cc5f2a6e98145c166ee0bf8579199debc6f1126c17dcbe55724e3388e11a00000000000000000000897c8cadff082920815581076e327e7a
[   17.000155] (\drivers\usb\usbhub\usbhub.c:1267) USBH_GetConfigurationDescriptor: NTSTATUS=0x00000000 wTotalLength=44 FirstBytes=09 02 2c 00 01 01
[   17.014155] (\ntoskrnl\io\pnpmgr\pnpmgr.c:164) CDDB: set Driver='{745a17a0-74d3-11d0-b6fe-00a0c90f57da}\0000' for critical device (0x00000000)
[   17.026789] (\ntoskrnl\io\pnpmgr\pnpmgr.c:164) CDDB: set Driver='{36FC9E60-C465-11CF-8056-444553540000}\0002' for critical device (0x00000000)
[   17.095430] (\ntoskrnl\io\pnpmgr\pnpmgr.c:164) CDDB: set Driver='{4D36E967-E325-11CE-BFC1-08002BE10318}\0000' for critical device (0x00000000)
[   17.105771] (\drivers\usb\usbstor\disk.c:143) SRB_FUNCTION_CLAIM_DEVICE
[   17.260580] (\ntoskrnl\io\pnpmgr\pnpmgr.c:164) CDDB: set Driver='{36FC9E60-C465-11CF-8056-444553540000}\0003' for critical device (0x00000000)
[   17.272243] (\drivers\bus\acpi\interface.c:823) Invalid GUID
[   17.276114] (\drivers\usb\usbport\pnp.c:1615) USBPORT_StartDevice: no PCI config space (ACPI-enumerated controller), continuing
[   17.287565] (\drivers\bus\acpi\interface.c:823) Invalid GUID
[   17.295629] (\drivers\usb\usbxhci\usbxhci.c:9233) usbxhci: no PCI config space (ACPI-enumerated controller), skipping bus-master enable
[   17.306766] (\drivers\usb\usbxhci\osc.c:447) usbxhci: _OSC: Using IOCTL to evaluate _OSC method
[   17.314023] (\drivers\usb\usbxhci\osc.c:480) usbxhci: _OSC Query phase - asking what controls are available
[   17.323775] (\drivers\usb\usbxhci\osc.c:234) usbxhci: ACPI _OSC IOCTL failed: 0xC0000034
[   17.331811] (\drivers\usb\usbxhci\osc.c:497) usbxhci: _OSC not available (Status=0xC0000034) - using legacy defaults
[   17.342310] (\drivers\usb\usbxhci\osc.c:401) usbxhci: _OSC: Set legacy defaults (full OS control)
[   17.375426] (\drivers\usb\usbxhci\usbxhci.c:4211) usbxhci: bounce pool ready slots=32 size=65536
[   17.382446] (\drivers\usb\usbport\pnp.c:2537) USBPORT_CreatePdo: HubPdo=FFFFB21A0252FC90 DevExt=FFFFB21A0252FDE0
[   17.392664] (\ntoskrnl\io\pnpmgr\pnpmgr.c:164) CDDB: set Driver='{36FC9E60-C465-11CF-8056-444553540000}\0004' for critical device (0x00000000)
[   17.404543] (\drivers\usb\usbhub\usbhub.c:957) USBH_SyncGetRootHubPdo: Target=FFFFB21A0252FC90 Driver=\Driver\usbxhci StackSize=2
[   17.415859] (\drivers\usb\usbhub\usbhub.c:985) USBH_SyncGetRootHubPdo: Irp=FFFFB21A02531300 Major=0f IoCtl=0022000f Arg1=FFFFB21A025301E0 Arg2=FFFFB21A025301E8
[   17.430088] (\drivers\usb\usbport\ioctl.c:661) USBPORT_PdoInternalDeviceControl: IOCTL_INTERNAL_USB_GET_ROOTHUB_PDO Pdo=FFFFB21A0252FC90 Arg1=FFFFB21A025301E0 Arg2=FFFFB21A025301E8
[   17.446747] (\drivers\usb\usbhub\usbhub.c:1267) USBH_GetConfigurationDescriptor: NTSTATUS=0x00000000 wTotalLength=25 FirstBytes=09 02 19 00 01 01
[   17.459158] (\drivers\bus\acpi\main.c:374) Unsupported IOCTL: 32c020
[   17.466004] (\drivers\usb\usbhub\pnp.c:344) USBH_OpenConfiguration: using interface 0 alt 0 Pipes=1 MaxPacket0=8
[   17.475664] (\drivers\usb\usbhub\pnp.c:372) USBH_OpenConfiguration: SelectConfig succeeded (PipeHandle=FFFFB21A02530D50 wTotalLength=25)
[   17.500577] (\drivers\usb\usbhub\usbhub.c:3689) USBD_RegisterRootHubCallBack: HubExtension - FFFFB21A025301C0
[   17.507605] (\drivers\usb\usbport\iface.c:1283) USBHI_RootHubInitNotification: stored callback FFFFE750B19415A4 ctx=FFFFB21A025301C0 seq=1 caller=FFFFE750B194168C
[   17.522091] (\drivers\usb\usbhub\usbhub.c:3705) USBD_RegisterRootHubCallBack: RootHubInitNotification -> 0x00000000
[   17.522094] (\drivers\usb\usbhub\usbhub.c:3137) USBH_SubmitStatusChangeTransfer: HubExtension - FFFFB21A025301C0, SCEIrp - FFFFB21A02531300
[   17.532553] (\drivers\usb\usbhub\pnp.c:1190) USBH_FdoQueryBusRelations: NumberPorts - 3
[   17.545027] (\drivers\usb\usbhub\usbhub.c:3137) USBH_SubmitStatusChangeTransfer: HubExtension - FFFFB21A025301C0, SCEIrp - FFFFB21A02531300
[   17.831175] (\drivers\usb\usbhub\usbhub.c:3137) USBH_SubmitStatusChangeTransfer: HubExtension - FFFFB21A025301C0, SCEIrp - FFFFB21A02531300
[   17.855529] (\drivers\usb\usbhub\usbhub.c:5701) USBH_CreateDevice: Port - 3, UsbPortStatus - 0x1103
[   17.861735] (\drivers\usb\usbhub\usbhub.c:5737) USBH_CreateDevice: PortDevice - FFFFB21A02593070, <\Device\USBPDO-4>
[   17.872185] (\drivers\usb\usbhub\usbhub.c:5739) USBH_CreateDevice: PortExtension - FFFFB21A025931C0
[   18.021963] (\drivers\usb\usbhub\usbhub.c:3137) USBH_SubmitStatusChangeTransfer: HubExtension - FFFFB21A025301C0, SCEIrp - FFFFB21A02531300
[   18.045553] (\drivers\usb\usbxhci\usbxhci.c:5018) usbxhci: ResetDeviceOnPort: RESET_DEV succeeded for slot 1 on port 3, now in Default state
[   18.079444] (\drivers\usb\usbhub\usbhub.c:5611) USBH: announcing usb 2-3 port 3 (VID=0781 PID=5591)
[   18.085602] (\drivers\usb\usbhub\usbhub.c:5634) usb 2-3: new super-speed USB device on port 3
[   18.094103] (\drivers\usb\usbhub\usbhub.c:5642) usb 2-3: New USB device found, idVendor=0781, idProduct=5591, bcdDevice=01.00
[   18.105383] (\drivers\usb\usbhub\usbhub.c:5649) usb 2-3: New USB device strings: Mfr=1, Product=2, SerialNumber=3
[   18.117568] (\drivers\usb\usbhub\usbhub.c:5655) usb 2-3: Product:  SanDisk 3.2Gen1
[   18.123168] (\drivers\usb\usbhub\usbhub.c:5660) usb 2-3: Manufacturer:  USB
[   18.130114] (\drivers\usb\usbhub\usbhub.c:5675) usb 2-3: SerialNumber: 01016e01ffd6f47ad7a9a904dc54438de8ee4ed362c463e23b37a4d9b83f12b6b3e3000000000000000000004ca60268000d5400915581077b32dc12
[   18.147557] (\drivers\usb\usbhub\usbhub.c:1267) USBH_GetConfigurationDescriptor: NTSTATUS=0x00000000 wTotalLength=44 FirstBytes=09 02 2c 00 01 01
[   18.160648] (\ntoskrnl\io\pnpmgr\pnpmgr.c:164) CDDB: set Driver='{36FC9E60-C465-11CF-8056-444553540000}\0005' for critical device (0x00000000)
[   18.218228] (\ntoskrnl\io\pnpmgr\pnpmgr.c:164) CDDB: set Driver='{4D36E967-E325-11CE-BFC1-08002BE10318}\0001' for critical device (0x00000000)
[   18.228313] (\drivers\usb\usbstor\disk.c:143) SRB_FUNCTION_CLAIM_DEVICE
[   18.315675] (\ntoskrnl\io\pnpmgr\pnpmgr.c:164) CDDB: set Driver='{a0a588a4-c46f-4b37-b7ea-c82fe89870c6}\0000' for critical device (0x00000000)
[   18.325842] (\drivers\bus\sd\sdbus.c:57) SdBusAddDevice: PhysicalDeviceObject FFFFB21A0249DC70
[   18.334161] (\drivers\bus\sd\sdbus.c:133) SdBusAddDevice: FDO FFFFB21A02494880 attached to FFFFB21A0249DC70
[   18.344473] (\drivers\bus\sd\fdo.c:630) SDHCI: Memory resource at 0x1000fff000 length 0x260
[   18.352199] (\drivers\bus\sd\fdo.c:646) SDHCI: Interrupt vector 305 level 6
[   18.359841] (\drivers\bus\sd\fdo.c:283) SdBusInitializeController: RegisterBase FFFFE750B0455000
[   18.367904] (\drivers\bus\sd\fdo.c:303) SDHCI: Version 1.02, Caps 0x15e2c832, Caps2 0x8000a577, BaseClock 200000 kHz
[   18.386314] (\drivers\bus\sd\fdo.c:537) SDHCI: SDMA buffer at VA=FFFFE750B0415000 PA=0x00d5c000 (262144 bytes)
[   18.394719] (\ntoskrnl\io\pnpmgr\pnpmgr.c:164) CDDB: set Driver='{a0a588a4-c46f-4b37-b7ea-c82fe89870c6}\0001' for critical device (0x00000000)
[   18.406458] (\drivers\bus\sd\sdbus.c:57) SdBusAddDevice: PhysicalDeviceObject FFFFB21A0249D870
[   18.414782] (\drivers\bus\sd\sdbus.c:133) SdBusAddDevice: FDO FFFFB21A02493BA0 attached to FFFFB21A0249D870
[   18.425129] (\drivers\bus\sd\fdo.c:630) SDHCI: Memory resource at 0x1001100000 length 0x260
[   18.432820] (\drivers\bus\sd\fdo.c:646) SDHCI: Interrupt vector 306 level 7
[   18.440455] (\drivers\bus\sd\fdo.c:283) SdBusInitializeController: RegisterBase FFFFE750B040B000
[   18.448527] (\drivers\bus\sd\fdo.c:303) SDHCI: Version 1.02, Caps 0x55e6c832, Caps2 0x8000a527, BaseClock 200000 kHz
[   18.469794] (\drivers\bus\sd\fdo.c:537) SDHCI: SDMA buffer at VA=FFFFE750B03CB000 PA=0x00da5000 (262144 bytes)
[   18.489032] (\drivers\bus\sd\enum.c:945) SdBusEnumerateCard: CMD8 not supported (SD v1.x, MMC, or SDIO)
[   18.495819] (\drivers\bus\sd\enum.c:966) SdBusEnumerateCard: CMD5 detected SDIO funcs=3 memory=0 OCR=0x30ffff00
[   18.505887] (\drivers\bus\sd\enum.c:1005) SdBusEnumerateCard: SDIO card ready, OCR=0xb0ffff00 funcs=3
[   18.515072] (\drivers\bus\sd\enum.c:1291) SdBusEnumerateCard: RCA = 0x0001
[   18.524294] (\drivers\bus\sd\sdio.c:525) SdBusSdioEnumerateFunctions: CCCR rev=0x43 spec=0x03 cap=0x02 bus_if=0x40 uhs=0x07 CIS=0x0010AC NumFuncs=3
[   18.538426] (\drivers\bus\sd\sdio.c:532) SdBusSdioEnumerateFunctions: Common CIS VID=0x02D0 DID=0x4345 class=0x0C
[   18.546069] (\drivers\bus\sd\sdio.c:556) SdBusSdioEnumerateFunctions: SDIO 4-bit bus enabled
[   18.554780] (\drivers\bus\sd\sdio.c:568) SdBusSdioEnumerateFunctions: SDIO high-speed enabled
[   18.567816] (\drivers\bus\sd\sdio.c:632) SdBusSdioEnumerateFunctions: func 1 std=0x00 ext=0x00 class=0x0C CIS=0x001000 VID=0x02D0 DID=0x4345
[   18.577536] (\drivers\bus\sd\sdio.c:468) SdBusCreateSdioFunctionPdo: func=1 VID=02D0 DID=4345 class=12 PDO=FFFFB21A02491070
[   18.593734] (\drivers\bus\sd\sdio.c:632) SdBusSdioEnumerateFunctions: func 2 std=0x00 ext=0x00 class=0x0C CIS=0x001038 VID=0x02D0 DID=0x4345
[   18.603452] (\drivers\bus\sd\sdio.c:468) SdBusCreateSdioFunctionPdo: func=2 VID=02D0 DID=4345 class=12 PDO=FFFFB21A02491AF0
[   18.620258] (\drivers\bus\sd\sdio.c:632) SdBusSdioEnumerateFunctions: func 3 std=0x02 ext=0x00 class=0x02 CIS=0x001070 VID=0x02D0 DID=0x4345
[   18.629978] (\drivers\bus\sd\sdio.c:468) SdBusCreateSdioFunctionPdo: func=3 VID=02D0 DID=4345 class=2 PDO=FFFFB21A023CD070
[   18.640989] (\drivers\bus\sd\enum.c:1569) SdBusEnumerateCard: Enumeration complete, CardType=5, HighCapacity=0, TotalSectors=0
[   18.652357] (\drivers\bus\sd\enum.c:1604) SdBusProgramClock: Setting transfer clock to 50000 kHz
[   19.137064] (\ntoskrnl\mm\ARM3\sysldr.c:170) Loading: \SystemRoot\system32\drivers\rpi5vc4.sys at FFFFE750B03AE000 with 14 pages
[   19.182788] (\ntoskrnl\mm\ARM3\sysldr.c:170) Loading: \SystemRoot\system32\drivers\dxgkrnl.sys at FFFFE750B037C000 with 32 pages
[   19.530361] (\drivers\directx\dxgkrnl\adapter.c:3376) DXGKRNL: ERROR: DxgkAdapterStart: NO translated resources! (PDO=FFFFB21A025A0900 DOD=0)
[   19.552417] RPI5VC4: HVS IOMMU CTRL=00000000 (enable=0 bypass=0) PT=00000000 MISC=80003ffc DBG=20804774
[   19.558921] RPI5VC4: HVS IOMMU ADDR_CAP=00000fff (disabled, cap=1048320 MB) BYPASS=[00000000..00000fff] ILLEGAL=00000000
[   19.572123] (\drivers\directx\rpi5vc4\rpi5vc4.c:447) RPI5VC4: VideoCore firmware revision 0x69372732
[   19.583536] (\drivers\directx\rpi5vc4\rpi5vc4.c:460) RPI5VC4: V3D clock at 960 MHz
[   19.594512] (\drivers\directx\rpi5vc4\rpi5vc4_v3d.c:390) RPI5VC4: timer resolution granted 10000
[   19.600414] (\drivers\directx\rpi5vc4\rpi5vc4_v3d.c:394) RPI5VC4: init ERR_STAT after clear=00001000
[   19.609524] (\drivers\directx\rpi5vc4\rpi5vc4_v3d.c:404) RPI5VC4: V3D 7.1 online — hub 0x42554856/0x00081117 core 0x07443356, slab GPU VA 0x01000000 (65536 KB)
[   19.623933] (\drivers\directx\rpi5vc4\rpi5vc4_v3d.c:599) RPI5VC4: V3D interrupt connected (core=1/INTID282 hub=1/INTID281)
[   19.637732] RPI5VC4: LPTRS@0x110=000002a0 head=672 ctl0=600cc007 ptr1=3f400000 valid=1 match=1
[   19.643535] RPI5VC4: LPTRS@0x03c=ffffffff head=4095 (skip)
[   19.649002] RPI5VC4: takeover OK reg=0x110 head=672 fb=00:3f400000 cursor=0 start=0 count=10
[   19.657909] RPI5VC4: LPTRS@0x110=000002a0 head=672 ctl0=490cc007 ptr1=3f400000 valid=1 match=1
[   19.666005] RPI5VC4: LPTRS@0x03c=ffffffff head=4095 (skip)
[   19.671472] RPI5VC4: takeover OK reg=0x110 head=672 fb=00:3f400000 cursor=0 start=9 count=10
[   19.679889] RPI5VC4: LPTRS@0x110=000002a0 head=672 ctl0=490cc007 ptr1=3f400000 valid=1 match=1
[   19.688476] RPI5VC4: LPTRS@0x03c=ffffffff head=4095 (skip)
[   19.693943] RPI5VC4: takeover OK reg=0x110 head=672 fb=00:3f400000 cursor=0 start=9 count=10
[   19.724409] (\ntoskrnl\mm\ARM3\sysldr.c:170) Loading: \SystemRoot\system32\drivers\softgpu.sys at FFFFE750AA775000 with 8 pages
[   19.988229] (\drivers\directx\dxgkrnl\adapter.c:3376) DXGKRNL: ERROR: DxgkAdapterStart: NO translated resources! (PDO=FFFFB21A025A06E0 DOD=0)
[   19.998142] (\drivers\directx\softgpu\softgpu.c:370) SOFTGPU: no acquirable boot framebuffer -- declining (none exists, or a real GPU miniport owns the display)
[   20.012351] (\drivers\directx\dxgkrnl\adapter.c:3613) DXGKRNL: ERROR: DxgkAdapterStart: DxgkDdiStartDevice failed 0xC0000182 (IRQs fired during start=0, vec=0 msgbased=0)
[   20.027541] (\ntoskrnl\io\pnpmgr\pnproot.c:1373) IRP_MJ_PNP / Unknown minor function 0x1
[   20.035608] (\ntoskrnl\io\pnpmgr\devaction.c:1936) Removal vetoed by Root\SOFTGPU\0000
[   20.043499] (\ntoskrnl\io\pnpmgr\devaction.c:2057) Removal vetoed by failing the query remove request
[   20.052693] (\ntoskrnl\io\pnpmgr\pnproot.c:1373) IRP_MJ_PNP / Unknown minor function 0x3
[   20.109341] (\ntoskrnl\mm\ARM3\sysldr.c:170) Loading: \SystemRoot\system32\drivers\hidusb.sys at FFFFE750A976C000 with 9 pages
[   20.254563] (\ntoskrnl\mm\ARM3\sysldr.c:170) Loading: \SystemRoot\system32\drivers\hidclass.sys at FFFFE750A975E000 with e pages
[   20.402164] (\ntoskrnl\mm\ARM3\sysldr.c:170) Loading: \SystemRoot\system32\drivers\hidparse.sys at FFFFE750A9752000 with c pages
[   20.574821] (\drivers\hid\hidusb\hidusb.c:1957) Status 0
[   20.588202] (\ntoskrnl\io\pnpmgr\pnpmgr.c:164) CDDB: set Driver='{4D36E96F-E325-11CE-BFC1-08002BE10318}\0000' for critical device (0x00000000)
[   20.677961] (\ntoskrnl\mm\ARM3\sysldr.c:170) Loading: \SystemRoot\system32\drivers\mouhid.sys at FFFFE750A9742000 with 8 pages
[   20.926747] (\ntoskrnl\mm\ARM3\sysldr.c:170) Loading: \SystemRoot\system32\drivers\mouclass.sys at FFFFE750A9738000 with a pages
[   21.175478] (\ntoskrnl\mm\ARM3\sysldr.c:170) Loading: \SystemRoot\system32\drivers\fs_rec.sys at FFFFE750A972E000 with a pages
[   21.557553] (\ntoskrnl\mm\ARM3\sysldr.c:170) Loading: \SystemRoot\system32\drivers\null.sys at FFFFE750A9726000 with 8 pages
[   21.815776] (\ntoskrnl\mm\ARM3\sysldr.c:170) Loading: \SystemRoot\system32\drivers\beep.sys at FFFFE750A971F000 with 7 pages
[   22.076407] (\ntoskrnl\mm\ARM3\sysldr.c:170) Loading: \SystemRoot\system32\drivers\i8042prt.sys at FFFFE750A970E000 with 11 pages
[   22.229386] (\ntoskrnl\wmi\smbios.c:172) Could not find the SMBIOS entry point
[   22.233724] (\ntoskrnl\wmi\smbios.c:233) WmipGetRawSMBiosTableData failed: 0xc0000225
[   22.241535] (\drivers\input\i8042prt\hwhacks.c:208) IoWMIOpenBlock failed: 0xc0000225
[   22.370693] (\ntoskrnl\mm\ARM3\sysldr.c:170) Loading: \SystemRoot\system32\drivers\kbdclass.sys at FFFFE750A9703000 with b pages
[   22.624927] (\ntoskrnl\mm\ARM3\sysldr.c:170) Loading: \SystemRoot\system32\drivers\dxgmms1.sys at FFFFE750A96F1000 with 12 pages
[   22.871191] (\drivers\directx\dxgmms1\dxgmms1.c:62) DXGMMS1: DriverEntry: DirectX GPU Memory Manager and Scheduler loading
[   22.879345] (\drivers\directx\dxgmms1\dxgmms1.c:69) DXGMMS1: DriverEntry: dxgmms1 loaded successfully
[   22.911927] (\ntoskrnl\mm\ARM3\sysldr.c:170) Loading: \SystemRoot\system32\drivers\blue.sys at FFFFE750A96E7000 with a pages
[   23.149559] (\ntoskrnl\mm\ARM3\sysldr.c:170) Loading: \SystemRoot\system32\drivers\viogpudo.sys at FFFFE750A96C9000 with 1e pages
[   23.306681] (\ntoskrnl\mm\ARM3\sysldr.c:170) Loading: \SystemRoot\system32\drivers\msfs.sys at FFFFE750A96C2000 with 7 pages
[   23.470522] (\ntoskrnl\mm\ARM3\sysldr.c:170) Loading: \SystemRoot\system32\drivers\npfs.sys at FFFFE750A96AD000 with 15 pages
[   23.659274] (\ntoskrnl\mm\ARM3\sysldr.c:170) Loading: \SystemRoot\system32\drivers\nwifi.sys at FFFFE750A969C000 with 11 pages
[   23.917738] (\drivers\network\nwifi\nwifi.c:197) NWIFI: DriverEntry
[   23.921169] (\drivers\network\nwifi\control.c:633) NWIFI: control device \Device\Nwifi created
[   23.929708] (\drivers\network\nwifi\nwifi.c:239) NWIFI: DriverEntry succeeded
[   24.035932] (\ntoskrnl\mm\ARM3\sysldr.c:170) Loading: \SystemRoot\system32\drivers\afd.sys at FFFFE750A9682000 with 1a pages
[   24.299019] (\ntoskrnl\mm\ARM3\sysldr.c:170) Loading: \SystemRoot\system32\drivers\netio.sys at FFFFE750A9674000 with e pages
[   24.445363] (\ntoskrnl\io\pnpmgr\pnproot.c:1373) IRP_MJ_PNP / Unknown minor function 0x1
[   24.450623] (\ntoskrnl\io\pnpmgr\devaction.c:1936) Removal vetoed by Root\SOFTGPU\0000
[   24.458489] (\ntoskrnl\io\pnpmgr\devaction.c:2057) Removal vetoed by failing the query remove request
[   24.467766] (\ntoskrnl\io\pnpmgr\pnproot.c:1373) IRP_MJ_PNP / Unknown minor function 0x3
KDB: Executing KDBinit file...
KDB: KDBinit executed
[   24.710695] (\ntoskrnl\io\iomgr\driver.c:309) Deleting driver object '\Driver\KdDriver'
[   24.880954] WARNING:  RtlCreateTagHeap at \sdk\lib\rtl\heap.c:4043 is UNIMPLEMENTED!
[   25.596035] (\base\system\smss\pagefile.c:969) SMSS:PFILE: Volume `\??\C:\' (121) cannot store a paging file
[   25.740198] (\base\system\smss\pagefile.c:969) SMSS:PFILE: Volume `\??\D:\' (121) cannot store a paging file
[   25.861381] (\base\system\smss\pagefile.c:930) SMSS:PFILE: Open volume `\??\E:\' failed with status C000014F
[   25.983498] (\base\system\smss\pagefile.c:930) SMSS:PFILE: Open volume `\??\F:\' failed with status C000014F
[   25.990438] (\base\system\smss\pagefile.c:1048) SMSS:PFILE: No paging-file-capable volumes found
[   25.999205] (\ntoskrnl\config\cmsysini.c:1214) CmpGetRegistryPath: ConfigPath = '\SystemRoot\System32\Config\'
[   26.009216] (\ntoskrnl\config\cmsysini.c:1214) CmpGetRegistryPath: ConfigPath = '\SystemRoot\System32\Config\'
[   26.009238] (\ntoskrnl\config\cmsysini.c:1214) CmpGetRegistryPath: ConfigPath = '\SystemRoot\System32\Config\'
[   26.009267] (\ntoskrnl\config\cmsysini.c:1214) CmpGetRegistryPath: ConfigPath = '\SystemRoot\System32\Config\'
[   26.029379] (\ntoskrnl\config\cmsysini.c:1214) CmpGetRegistryPath: ConfigPath = '\SystemRoot\System32\Config\'
[   26.019165] (\ntoskrnl\config\cmsysini.c:1214) CmpGetRegistryPath: ConfigPath = '\SystemRoot\System32\Config\'
[   26.009348] (\ntoskrnl\config\cmsysini.c:1214) CmpGetRegistryPath: ConfigPath = '\SystemRoot\System32\Config\'
[   26.453020] (\ntoskrnl\mm\ARM3\session.c:846) Session 0 is ready to go: 0xFFFFF97FFF010000 0xFFFFE750A9618000, 2221 0x0000000000000000
[   26.597333] (\ntoskrnl\mm\ARM3\sysldr.c:170) Loading: \SystemRoot\System32\win32k.sys at FFFFE750A949E000 with 17a pages
[   26.771646] (\ntoskrnl\mm\ARM3\sysldr.c:170) Loading: \SystemRoot\System32\ftfd.dll at FFFFE750A93FC000 with a2 pages
[   27.435843] (\win32ss\gdi\ntgdi\d3dkmt.c:183) DxStartupDxgkInt: Entry
[   27.439441] (\win32ss\reactx\ntddraw\ddraw.c:57) Warning: trying loading xp/2003/windows7/reactos dxg.sys
[   27.581833] (\ntoskrnl\mm\ARM3\sysldr.c:170) Loading: \SystemRoot\System32\drivers\dxg.sys at FFFFE750A93DE000 with b pages
[   27.729087] (\ntoskrnl\mm\ARM3\sysldr.c:170) Loading: \SystemRoot\System32\drivers\dxgthk.sys at FFFFE750A93D9000 with 5 pages
[   27.860645] (\win32ss\reactx\ntddraw\ddraw.c:112) DirectX interface is activated
[   28.343812] (\win32ss\user\ntuser\winsta.c:243) err: Invalid window station handle
[   28.348588] (\win32ss\user\ntuser\clipboard.c:31) err: Cannot open winsta
[   28.669548] (\win32ss\user\ntuser\class.c:2396) err: SYSTEMCUR(ARROW) == NULL, should not happen!!
[   28.669556] (\win32ss\user\ntuser\keyboard.c:221) err: NtDeviceIoControlFile() failed, ignored
[   28.675626] (\win32ss\user\ntuser\class.c:2396) err: SYSTEMCUR(ARROW) == NULL, should not happen!!
[   28.693148] (\win32ss\user\ntuser\class.c:2396) err: SYSTEMCUR(ARROW) == NULL, should not happen!!
[   28.702084] (\win32ss\user\ntuser\class.c:2396) err: SYSTEMCUR(ARROW) == NULL, should not happen!!
[   28.711022] (\win32ss\user\ntuser\class.c:2396) err: SYSTEMCUR(ARROW) == NULL, should not happen!!
[   28.719957] (\win32ss\user\ntuser\class.c:2396) err: SYSTEMCUR(ARROW) == NULL, should not happen!!
[   28.731048] (\win32ss\user\ntuser\desktop.c:3395) err: The process 0xFFFFB21A0232DB30 'winlogon.exe' didn't have an assigned startup desktop before, assigning it now!
[   28.743749] (\win32ss\user\ntuser\desktop.c:3333) err: Attempted to change thread desktop although the thread has windows!
[   28.754912] (\win32ss\user\winsrv\usersrv\init.c:171) We are logged off
[   28.813400] (\ntoskrnl\mm\ARM3\sysldr.c:170) Loading: \SystemRoot\System32\kbdus.dll at FFFFE750A939B000 with 5 pages
[   29.130721] (\base\system\services\services.c:64) CheckSetup()
[   29.133811] (\base\system\services\services.c:108) Running on LiveCD
[   29.140015] (\base\system\services\services.c:130) ReactOS Setup currently in progress!
[   29.178213] WARNING:  HvHiveWillShrink at \sdk\lib\cmlib\hivewrt.c:584 is UNIMPLEMENTED!
[   29.472094] (\win32ss\gdi\eng\mouse.c:811) Failed to lock the DC.
[   29.493766] fixme:(\dll\win32\rpcrt4\rpc_server.c:1736) (0x1000): stub
[   29.512136] (\base\system\services\services.c:185) ScmLogEvent: RegisterEventSourceW failed 1722
[   29.519791] WARNING:  getMacAddress at \base\services\dcomlaunch\network.c:32 is UNIMPLEMENTED!
[   29.526717] (\base\services\dcomlaunch\network.c:136) Failed finding a proper MAC address, will generate seed
[   29.538382] (\base\system\services\services.c:185) ScmLogEvent: RegisterEventSourceW failed 1722
[   29.581558] (\ntoskrnl\mm\ARM3\sysldr.c:170) Loading: \SystemRoot\System32\cdd.dll at FFFFE750A928E000 with 9 pages
[   29.635106] WARNING:  LDEVOBJ_bUnloadImage at \win32ss\gdi\eng\ldevobj.c:291 is UNIMPLEMENTED!
[   29.637748] (\base\system\services\services.c:185) ScmLogEvent: RegisterEventSourceW failed 1722
[   29.650800] (\ntoskrnl\mm\ARM3\sysldr.c:170) Loading: \SystemRoot\System32\framebuf.dll at FFFFE750A9246000 with 9 pages
[   29.706957] WARNING:  LDEVOBJ_bUnloadImage at \win32ss\gdi\eng\ldevobj.c:291 is UNIMPLEMENTED!
[   29.714329] (\win32ss\reactx\ntddraw\dxeng.c:286) ReactX Calling : DxEngGetHdevData, Type: 12
[   29.721184] (\win32ss\reactx\ntddraw\dxeng.c:289) hDev: FFFFE69F96EDB900
[   29.727867] (\win32ss\reactx\ntddraw\dxeng.c:343) requested DxEGShDevData_display
[   29.735327] (\win32ss\reactx\ntddraw\dxeng.c:376) retVal: 00000001
[   29.741488] (\win32ss\reactx\ntddraw\dxeng.c:286) ReactX Calling : DxEngGetHdevData, Type: 7
[   29.749902] (\win32ss\reactx\ntddraw\dxeng.c:289) hDev: FFFFE69F96EDB900
[   29.756585] (\win32ss\reactx\ntddraw\dxeng.c:323) requested DxEGShDevData_eddg
[   29.763784] (\win32ss\reactx\ntddraw\dxeng.c:376) retVal: ffffe69f96edc010
[   29.770640] (\win32ss\reactx\ntddraw\dxeng.c:286) ReactX Calling : DxEngGetHdevData, Type: 6
[   29.779054] (\win32ss\reactx\ntddraw\dxeng.c:289) hDev: FFFFE69F96EDB900
[   29.785737] (\win32ss\reactx\ntddraw\dxeng.c:319) requested DxEGShDevData_dhpdev
[   29.793110] (\win32ss\reactx\ntddraw\dxeng.c:376) retVal: ffffe69f96edce60
[   29.799966] (\win32ss\reactx\ntddraw\dxeng.c:534) ReactX Calling : DxEngLockHdev
[   29.807339] (\win32ss\reactx\ntddraw\dxeng.c:536) hDev: FFFFE69F96EDB900
[   29.813864] RPI5VC4: present #1 moves=0 dirty=1 flip=0 idx=0 scan=3f400000
[   29.814022] (\win32ss\reactx\ntddraw\dxeng.c:286) ReactX Calling : DxEngGetHdevData, Type: 5
[   29.829293] (\win32ss\reactx\ntddraw\dxeng.c:289) hDev: FFFFE69F96EDB900
[   29.835971] (\win32ss\reactx\ntddraw\dxeng.c:315) requested DxEGShDevData_DrvFuncs
[   29.837983] RPI5VC4: flip ring: 3 x 8100 KB at 00:441db000
[   29.843521] (\win32ss\reactx\ntddraw\dxeng.c:376) retVal: ffffe69f96edbc68
[   29.851691] RPI5VC4: LPTRS@0x110=000002a0 head=672 ctl0=490cc007 ptr1=3f400000 valid=1 match=1
[   29.855843] (\win32ss\reactx\ntddraw\dxeng.c:571) ReactX Calling : DxEngUnlockHdev
[   29.864432] RPI5VC4: LPTRS@0x03c=ffffffff head=4095 (skip)
[   29.877446] RPI5VC4: flip OK head=672 -> 00:441db000
[   29.917151] err:(\win32ss\user\user32\windows\cursoricon.c:274) Loading System Cursors
[   30.144211] RPI5VC4: present #2 moves=0 dirty=1 flip=3 idx=0 scan=441db000
[   30.153018] RPI5VC4: LPTRS@0x110=000002a0 head=672 ctl0=490cc007 ptr1=441db000 valid=1 match=1
[   30.158746] RPI5VC4: LPTRS@0x03c=ffffffff head=4095 (skip)
[   30.164210] RPI5VC4: flip OK head=672 -> 00:449c4000
[   30.285184] fixme:(\dll\win32\rpcrt4\rpc_server.c:1736) (0x1000): stub
[   30.394955] err:(\dll\win32\lsasrv\lsarpc.c:1452) LsapOpenDbObject(Accounts/S-1-5-6) failed (Status 0xc0000034)
[   30.422062] err:(\win32ss\user\user32\misc\dllmain.c:668) hIconSmWindows 0000000000020072 hIconWindows 0000000000020070 
[   30.430133] (\win32ss\user\ntuser\callback.c:1149) err: hIconSmWindows 0000000000020072 hIconWindows 0000000000020070 
[   30.439426] RPI5VC4: present #3 moves=0 dirty=1 flip=3 idx=1 scan=449c4000
[   30.441250] (\win32ss\user\ntuser\desktop.c:3333) err: Attempted to change thread desktop although the thread has windows!
[   30.466652] RPI5VC4: LPTRS@0x110=000002a0 head=672 ctl0=490cc007 ptr1=449c4000 valid=1 match=1
[   30.472381] RPI5VC4: LPTRS@0x03c=ffffffff head=4095 (skip)
[   30.477845] RPI5VC4: flip OK head=672 -> 00:451ad000
[   30.482807] RPI5VC4: present #4 moves=0 dirty=1 flip=3 idx=2 scan=451ad000
[   30.494464] RPI5VC4: LPTRS@0x110=000002a0 head=672 ctl0=490cc007 ptr1=451ad000 valid=1 match=1
[   30.500207] RPI5VC4: LPTRS@0x03c=ffffffff head=4095 (skip)
[   30.505671] RPI5VC4: flip OK head=672 -> 00:441db000
[   30.599340] RPI5VC4: present #64 moves=0 dirty=1 flip=3 idx=0 scan=441db000
[   30.604193] RPI5VC4: LPTRS@0x110=000002a0 head=672 ctl0=490cc007 ptr1=441db000 valid=1 match=1
[   30.612007] RPI5VC4: LPTRS@0x03c=ffffffff head=4095 (skip)
[   30.617478] RPI5VC4: takeover OK reg=0x110 head=672 fb=00:441db000 cursor=1 start=9 count=19
[   30.747451] err:(\win32ss\user\user32\windows\window.c:496) CreateWindowExW RegisterSystemControls
[   30.809169] (\win32ss\user\ntuser\desktop.c:1370) err: ptiLastInput is CLEARED!!
[   30.813950] RPI5VC4: present #128 moves=0 dirty=1 flip=3 idx=0 scan=441db000
[   30.833474] (\ntoskrnl\config\cmcontrl.c:269) CmpSaveBootControlSet(1)
[   30.833875] (\win32ss\user\ntuser\msgqueue.c:842) err: Remove Window Messages FFFFE69F96F19AF0 From Sent Queue
[   30.848018] RPI5VC4: LPTRS@0x110=000002a0 head=672 ctl0=490cc007 ptr1=441db000 valid=1 match=1
[   30.855751] RPI5VC4: takeover OK reg=0x110 head=672 fb=00:441db000 cursor=0 start=9 count=10
[   30.864265] (\win32ss\user\ntuser\msgqueue.c:2265) err: Thread Cleanup Sent Messages FFFFE69F96F19AF0
[   30.873358] RPI5VC4: LPTRS@0x110=000002a0 head=672 ctl0=490cc007 ptr1=441db000 valid=1 match=1
[   30.881910] RPI5VC4: takeover OK reg=0x110 head=672 fb=00:441db000 cursor=1 start=9 count=19
[   30.890469] (\win32ss\user\ntuser\desktop.c:3333) err: Attempted to change thread desktop although the thread has windows!
[   30.910889] RPI5VC4: LPTRS@0x110=000002a0 head=672 ctl0=490cc007 ptr1=441db000 valid=1 match=1
[   30.916620] RPI5VC4: flip OK head=672 -> 00:449c4000
[   30.929576] RPI5VC4: present #192 moves=0 dirty=1 flip=3 idx=1 scan=449c4000
[   31.194518] RPI5VC4: LPTRS@0x110=000002a0 head=672 ctl0=490cc007 ptr1=449c4000 valid=1 match=1
[   31.200248] RPI5VC4: flip OK head=672 -> 00:451ad000
[   31.420124] V3DSMOKE: rpi5vc4 V3dReady=1 ver=71 slab=64MB gpuva=0x01000000
[   31.424431] (\drivers\directx\dxgkrnl\d3dkmt.c:3488) D3DKMT CREATEALLOC #1 enter
[   31.431816] (\drivers\directx\dxgkrnl\d3dkmt.c:3491) D3DKMT CREATEALLOC #1 exit 0x00000000
[   31.440066] (\drivers\directx\dxgkrnl\d3dkmt.c:3524) D3DKMT LOCK #1 enter hAlloc=0x4d4d414d
[   31.449295] (\drivers\directx\dxgkrnl\vidmm.c:3077) VidMm usermap #1 h=0x4D4D414D va=0000000040520000 resident=1 seg=1 pa=401db000 cache=2
[   31.460768] (\drivers\directx\dxgkrnl\d3dkmt.c:3570) D3DKMT LOCK #1 exit va=0000000040520000
[   31.469197] (\drivers\directx\dxgkrnl\vidsch.c:385) VidSch kick #1 fence=1 node=0 size=64
[   31.477054] (\drivers\directx\rpi5vc4\rpi5vc4_wddm.c:1913) RPI5VC4: submit queued fence=1 node=0 bcl=00000000..00000000
[   31.487807] (\drivers\directx\rpi5vc4\rpi5vc4_wddm.c:276) RPI5VC4: V3D job fence=1 EMPTY ranges bcl=00000000..00000000 rcl=01000000..01000000 qts=00000000 — completing without kick
[   31.504139] (\drivers\directx\rpi5vc4\rpi5vc4_wddm.c:748) RPI5VC4: report #1 fence=1 node=0
[   31.512443] (\drivers\directx\dxgkrnl\vidsch.c:213) VidSch comp #1 done=1 state=0 pending=0
[   31.520866] V3DSMOKE: alloc-relative submit status=0x00000000
[   31.526455] (\drivers\directx\dxgkrnl\d3dkmt.c:3488) D3DKMT CREATEALLOC #2 enter
[   31.533815] (\drivers\directx\dxgkrnl\d3dkmt.c:3491) D3DKMT CREATEALLOC #2 exit 0x00000000
[   31.560077] (\base\system\services\database.c:1836) Service V3dProbe exited without connecting the control pipe
[   31.567287] (\base\system\services\database.c:2107) Connecting control pipe failed! (Error 1053)
[   31.576055] (\base\system\services\database.c:753) ScmRemoveServiceImage() called
[   31.875955] err:(\base\services\wkssvc\wkssvc.c:82) ServiceInit()
[   31.934639] fixme:(\win32ss\printing\providers\localspl\monitors.c:265) InitializePrintMonitor2 loaded.
[   31.941287] err:(\base\services\wkssvc\rpcserver.c:61) RpcServerListen() failed (Status 6b1)
[   31.949581] fixme:(\win32ss\printing\providers\localspl\monitors.c:304) InitializePrintMonitorList Handle 00000000401368E0
[   31.960278] fixme:(\base\services\browser\browser.c:144) ServiceMain(1 0000000040129C50)
[   31.997824] err:(\base\services\browser\rpcserver.c:42) RpcServerListen() failed (Status 6b1)
[   32.005697] fixme:(\win32ss\printing\providers\localspl\forms.c:234) InitializeFormList
[   32.012098] fixme:(\win32ss\printing\providers\localspl\printerdrivers.c:788) LocalGetPrinterDriverDirectory((null), Windows ARM64, 1, 00000000419FF168, 520, 00000000419FF164)
[   32.025797] err:(\base\services\srvsvc\rpcserver.c:64) RpcServerListen() failed (Status 6b1)
[   32.044889] (\base\services\wuauserv\wuauserv.c:44) WU UpdateServiceStatus(4) called
[   32.088568] RPI5VC4: present #256 moves=0 dirty=1 flip=3 idx=1 scan=449c4000
[   32.090435] fixme:(\win32ss\printing\providers\localspl\printerdrivers.c:832) => L"C:\\ReactOS\\System32\\spool\\drivers\\arm64"
[   32.104287] fixme:(\win32ss\printing\providers\localspl\printerdrivers.c:114) DriverPath : C:\ReactOS\System32\spool\drivers\arm64\3\UniDrv.dll
[   32.117736] (\dll\win32\syssetup\wizard.c:1482) Applying visual theme '(Classic)'
[   32.678428] (\win32ss\user\ntuser\winpos.c:796) err: FIXME: Parent is Desktop, Min off screen!
[   32.685002] err:(\dll\win32\combase\combase.c:1796) class {56fdf344-fd6d-11d0-958a-006097c9a090} not registered
[   32.694249] err:(\dll\win32\combase\combase.c:1874) no class object {56fdf344-fd6d-11d0-958a-006097c9a090} could be created for context 0x1
[   33.197400] RPI5VC4: present #320 moves=0 dirty=1 flip=3 idx=1 scan=449c4000
[   33.201777] RPI5VC4: present #384 moves=0 dirty=1 flip=3 idx=1 scan=449c4000
[   33.226003] RPI5VC4: present #448 moves=0 dirty=1 flip=3 idx=2 scan=451ad000
[   33.246674] RPI5VC4: present #512 moves=0 dirty=1 flip=3 idx=0 scan=441db000
[   33.251339] RPI5VC4: present #576 moves=0 dirty=1 flip=3 idx=0 scan=441db000
[   34.152044] (\base\services\umpnpmgr\install.c:931) Boot device install: 38 candidate(s), 36 need install
[   34.158728] (\base\services\umpnpmgr\install.c:392) Installing: batch[36 devices]
[   34.173517] (\base\services\umpnpmgr\event.c:103) Removal pending: Root\SOFTGPU\0000
[   34.178384] (\base\services\umpnpmgr\event.c:99) Removal vetoed: Root\SOFTGPU\0000
[   34.186688] (\base\services\umpnpmgr\event.c:103) Removal pending: Root\SOFTGPU\0000
[   34.193652] (\base\services\umpnpmgr\event.c:99) Removal vetoed: Root\SOFTGPU\0000
[   34.306341] RPI5VC4: present #640 moves=0 dirty=1 flip=3 idx=0 scan=441db000
[   34.620428] (\base\services\umpnpmgr\install.c:526) Installing: ACPI\ACPI0004\0
[   34.624872] (\base\services\umpnpmgr\install.c:526) Installing: ACPI\ACPI0004\1
[   34.632157] (\base\services\umpnpmgr\install.c:526) Installing: ACPI\ACPI0007\0
[   34.639440] (\base\services\umpnpmgr\install.c:526) Installing: ACPI\ACPI0007\1
[   34.646730] (\base\services\umpnpmgr\install.c:526) Installing: ACPI\ACPI0007\2
[   34.654015] (\base\services\umpnpmgr\install.c:526) Installing: ACPI\ACPI0007\3
[   34.661307] (\base\services\umpnpmgr\install.c:526) Installing: ACPI\AMZN0001\1
[   34.668595] (\base\services\umpnpmgr\install.c:526) Installing: ACPI\ARMH0011\0
[   34.675881] (\base\services\umpnpmgr\install.c:526) Installing: ACPI\BRCM5D12\0
[   34.683168] (\base\services\umpnpmgr\install.c:526) Installing: ACPI\BRCM5D12\1
[   34.690459] (\base\services\umpnpmgr\install.c:526) Installing: ACPI\FixedButton\2&ccb86d17&FFB0
[   34.699220] (\base\services\umpnpmgr\install.c:526) Installing: ACPI\PNP0A08\1
[   34.706426] (\base\services\umpnpmgr\install.c:526) Installing: ACPI\PNP0D10\0
[   34.713624] (\base\services\umpnpmgr\install.c:526) Installing: ACPI\PNP0D10\1
[   34.720826] (\base\services\umpnpmgr\install.c:526) Installing: ACPI\PRP0001\0
[   34.728025] (\base\services\umpnpmgr\install.c:526) Installing: ACPI_HAL\PNP0C08\0
[   34.735578] (\base\services\umpnpmgr\install.c:526) Installing: DISPLAY\Default_Monitor\4&00000000&0&00
[   34.744946] (\base\services\umpnpmgr\install.c:526) Installing: DISPLAY\Default_Monitor\4&00000001&0&01
[   34.754319] (\base\services\umpnpmgr\install.c:526) Installing: HID\Vid_413c&Pid_301a\5&68ef529e&2&Col0001
[   34.763945] (\base\services\umpnpmgr\install.c:526) Installing: HTREE\ROOT\0
[   34.770975] (\base\services\umpnpmgr\install.c:526) Installing: Root\ACPI_HAL\0000
[   34.778522] (\base\services\umpnpmgr\install.c:526) Installing: SD\VID_0003&PID_FF00\00000000_00000000_B0FEFF00
[   34.788590] (\base\services\umpnpmgr\install.c:526) Installing: SDIO\VEN_02D0&DEV_4345&FUNC_1\00000000_00000000_02D0_4345_FUNC_1
[   34.800129] (\base\services\umpnpmgr\install.c:526) Installing: SDIO\VEN_02D0&DEV_4345&FUNC_2\00000000_00000000_02D0_4345_FUNC_2
[   34.811668] (\base\services\umpnpmgr\install.c:526) Installing: SDIO\VEN_02D0&DEV_4345&FUNC_3\00000000_00000000_02D0_4345_FUNC_3
[   34.823207] (\base\services\umpnpmgr\install.c:526) Installing: STORAGE\Partition\6&3c4bbb55&S00000000_O100000_L2ff00000
[   34.834055] (\base\services\umpnpmgr\install.c:526) Installing: STORAGE\Partition\6&87aea797&S9df3f58f-f8ad-4f63-9de5-0e0a91c4e2a0S_O100000_L10400000
[   34.847415] (\base\services\umpnpmgr\install.c:526) Installing: STORAGE\Partition\6&87aea797&S9df3f58f-f8ad-4f63-9de5-0e0a91c4e2a0S_O10500000_L1000000
[   34.860864] (\base\services\umpnpmgr\install.c:526) Installing: STORAGE\Partition\6&87aea797&S9df3f58f-f8ad-4f63-9de5-0e0a91c4e2a0S_O11500000_L7c0000000
[   34.874489] (\base\services\umpnpmgr\install.c:526) Installing: USB\ROOT_HUB\3&cc8c31f5
[   34.882464] (\base\services\umpnpmgr\install.c:526) Installing: USB\ROOT_HUB\3&d59700b4
[   34.890454] (\base\services\umpnpmgr\install.c:526) Installing: USB\Vid_0781&Pid_5581\0901da96cc5f2a6e98145c166ee0bf8579199debc6f1126c17dcbe55724e3388e11a00000000000000000000897c8cadff082920815581076e327e7a
[   34.908761] (\base\services\umpnpmgr\install.c:526) Installing: USB\Vid_0781&Pid_5591\01016e01ffd6f47ad7a9a904dc54438de8ee4ed362c463e23b37a4d9b83f12b6b3e3000000000000000000004ca60268000d5400915581077b32dc12
[   34.927062] (\base\services\umpnpmgr\install.c:526) Installing: USB\Vid_413c&Pid_301a\4&83bb0d7e&2
[   34.936000] (\base\services\umpnpmgr\install.c:526) Installing: USBSTOR\Disk&Ven__USB____&Prod__SanDisk_3.2Gen1&Rev_1.00\5&955e2bc9&01016e01ffd6f47ad7a9a904dc54438de8ee4ed362c463e23b37a4d9b83f12b6b3e3000000000000000000004ca60268000d5400915581077b32dc12&0
[   34.958475] (\base\services\umpnpmgr\install.c:526) Installing: USBSTOR\Disk&Ven__USB____&Prod__SanDisk_3.2Gen1&Rev_1.00\5&bb7f1351&0901da96cc5f2a6e98145c166ee0bf8579199debc6f1126c17dcbe55724e3388e11a00000000000000000000897c8cadff082920815581076e327e7a&0
[   35.446197] (\base\services\umpnpmgr\rpcserver.c:3673) PNP_SetDeviceProblem(000000004012B250 ACPI\ACPI0004\0 28 0x00000001)
[   35.454478] (\base\services\umpnpmgr\rpcserver.c:277) SetDeviceStatus(ACPI\ACPI0004\0 0x400 0x1c)
[   35.463296] (\ntoskrnl\io\pnpmgr\plugplay.c:983) Set status data is NOT SUPPORTED
[   35.474160] (\base\services\umpnpmgr\rpcserver.c:3673) PNP_SetDeviceProblem(000000004012B250 ACPI\ACPI0004\1 28 0x00000001)
[   35.482435] (\base\services\umpnpmgr\rpcserver.c:277) SetDeviceStatus(ACPI\ACPI0004\1 0x400 0x1c)
[   35.491273] (\ntoskrnl\io\pnpmgr\plugplay.c:983) Set status data is NOT SUPPORTED
[   36.081185] (\base\services\umpnpmgr\rpcserver.c:3673) PNP_SetDeviceProblem(000000004012B250 ACPI\BRCM5D12\0 28 0x00000001)
[   36.089471] (\base\services\umpnpmgr\rpcserver.c:277) SetDeviceStatus(ACPI\BRCM5D12\0 0x400 0x1c)
[   36.098303] (\ntoskrnl\io\pnpmgr\plugplay.c:983) Set status data is NOT SUPPORTED
[   36.106893] (\base\services\umpnpmgr\rpcserver.c:3673) PNP_SetDeviceProblem(000000004012B250 ACPI\BRCM5D12\1 28 0x00000001)
[   36.116876] (\base\services\umpnpmgr\rpcserver.c:277) SetDeviceStatus(ACPI\BRCM5D12\1 0x400 0x1c)
[   36.125719] (\ntoskrnl\io\pnpmgr\plugplay.c:983) Set status data is NOT SUPPORTED
[   36.412470] (\ntoskrnl\io\pnpmgr\devaction.c:2657) NOTE: attempt to start an already started/uninitialized device ACPI\PNP0A08\1
[   36.558164] (\ntoskrnl\io\pnpmgr\devaction.c:2657) NOTE: attempt to start an already started/uninitialized device ACPI\PNP0D10\0
[   36.702638] (\ntoskrnl\io\pnpmgr\devaction.c:2657) NOTE: attempt to start an already started/uninitialized device ACPI\PNP0D10\1
[   36.871634] (\ntoskrnl\mm\ARM3\sysldr.c:170) Loading: \SystemRoot\System32\drivers\rp1gem.sys at FFFFE750A784B000 with c pages
[   36.894893] NDIS6-INIT: NdisAllocateBufferPool -> 0x00000000, handle=0000000000000000
[   36.899840] NDIS6-INIT: NdisAllocatePacketPool -> 0x00000000, handle=FFFFB21A0170E000
[   36.908310] NDIS6: InitializeEx → driver (adapter=FFFFB21A017131C0 pdo=FFFFB21A0249D070 fdo=FFFFB21A01713070 next=FFFFB21A0249D070)
[   36.925882] NDIS6: NdisMRegisterInterruptEx vec=261 irql=12 affinity=0x1 mode=Level share=1
[   36.931353] NDIS6: IoConnectInterrupt -> 0x00000000, KINTERRUPT=FFFFB21A02643690
[   36.938859] NDIS6: adapter FFFFB21A017131C0 MAC 2c:cf:67:dd:90:9a connect=2
[   36.943985] RPI5VC4: present #704 moves=0 dirty=1 flip=3 idx=0 scan=441db000
[   36.945811] NDIS6: InitializeEx returned 0x00000000 (ctx=FFFFB21A01709000)
[   36.959552] (\drivers\network\nwifi\protocol.c:248) NWIFI: BindAdapterEx '\Device\{4f0cfa31-c6fe-4126-9c55-9bc10b291e9c}'
[   36.970479] (\drivers\network\nwifi\protocol.c:253) NWIFI: skipping non-dot11 medium 0
[   37.117739] (\ntoskrnl\io\pnpmgr\devaction.c:2657) NOTE: attempt to start an already started/uninitialized device ACPI_HAL\PNP0C08\0
[   37.410474] (\ntoskrnl\io\pnpmgr\devaction.c:2657) NOTE: attempt to start an already started/uninitialized device HID\Vid_413c&Pid_301a\5&68ef529e&2&Col0001
[   37.557409] (\ntoskrnl\io\pnpmgr\devaction.c:2657) NOTE: attempt to start an already started/uninitialized device Root\ACPI_HAL\0000
[   37.697575] (\base\services\umpnpmgr\rpcserver.c:3673) PNP_SetDeviceProblem(000000004012B250 SD\VID_0003&PID_FF00\00000000_00000000_B0FEFF00 28 0x00000001)
[   37.708634] (\base\services\umpnpmgr\rpcserver.c:277) SetDeviceStatus(SD\VID_0003&PID_FF00\00000000_00000000_B0FEFF00 0x400 0x1c)
[   37.720246] (\ntoskrnl\io\pnpmgr\plugplay.c:983) Set status data is NOT SUPPORTED
[   37.872406] (\ntoskrnl\mm\ARM3\sysldr.c:170) Loading: \SystemRoot\System32\drivers\cyw43455.sys at FFFFE750A783D000 with e pages
[   37.899595] NDIS6-INIT: NdisAllocateBufferPool -> 0x00000000, handle=0000000000000000
[   37.904549] NDIS6-INIT: NdisAllocatePacketPool -> 0x00000000, handle=FFFFB21A027A0000
[   37.912379] NDIS6: InitializeEx → driver (adapter=FFFFB21A0279F1C0 pdo=FFFFB21A02491070 fdo=FFFFB21A0279F070 next=FFFFB21A02491070)
[   38.144029] NDIS6: adapter FFFFB21A0279F1C0 MAC b8:27:eb:74:f2:6c connect=2
[   38.148166] NDIS6: InitializeEx returned 0x00000000 (ctx=FFFFB21A027A5000)
[   38.154991] (\drivers\network\nwifi\protocol.c:248) NWIFI: BindAdapterEx '\Device\{2e9d789c-45f5-4736-b5c7-261e763d08e3}'
[   38.166314] NDIS6: seeded TCPIP registry for \Device\{B1D2C3E4-5F6A-4B8C-9D0E-02524F535731}
[   38.174246] NDIS6: InitializeEx → driver (adapter=FFFFB21A02A071C0 pdo=FFFFB21A02A07070 fdo=FFFFB21A02A07070 next=0000000000000000)
[   38.186225] (\drivers\network\nwifi\miniport.c:117) NWIFI: MiniportInitializeEx interface 0
[   38.194553] NDIS6: adapter FFFFB21A02A071C0 MAC b8:27:eb:74:f2:6c connect=2
[   38.201485] NDIS6: InitializeEx returned 0x00000000 (ctx=FFFFB21A02834AF0)
[   38.208336] NDIS6: Restart → driver
[   38.211983] (\drivers\network\nwifi\miniport.c:210) NWIFI: MiniportRestartEx interface 0
[   38.220055] NDIS6: LINK_STATE adapter=FFFFB21A02A071C0 connect=2 rx=18446744073709551615 tx=18446744073709551615
[   38.230200] NDIS6: RestartHandler returned 0x00000000
[   38.235238] (\drivers\network\nwifi\protocol.c:248) NWIFI: BindAdapterEx '\Device\{B1D2C3E4-5F6A-4B8C-9D0E-02524F535731}'
[   38.246165] (\drivers\network\nwifi\protocol.c:253) NWIFI: skipping non-dot11 medium 0
[   38.254065] (\drivers\network\nwifi\protocol.c:383) NWIFI: bound interface 0 MAC b8:27:eb:74:f2:6c
[   38.321030] (\base\services\umpnpmgr\rpcserver.c:3673) PNP_SetDeviceProblem(000000004012B250 SDIO\VEN_02D0&DEV_4345&FUNC_2\00000000_00000000_02D0_4345_FUNC_2 28 0x00000001)
[   38.333548] (\base\services\umpnpmgr\rpcserver.c:277) SetDeviceStatus(SDIO\VEN_02D0&DEV_4345&FUNC_2\00000000_00000000_02D0_4345_FUNC_2 0x400 0x1c)
[   38.346637] (\ntoskrnl\io\pnpmgr\plugplay.c:983) Set status data is NOT SUPPORTED
[   38.472847] (\base\services\umpnpmgr\rpcserver.c:3673) PNP_SetDeviceProblem(000000004012B250 SDIO\VEN_02D0&DEV_4345&FUNC_3\00000000_00000000_02D0_4345_FUNC_3 28 0x00000001)
[   38.485387] (\base\services\umpnpmgr\rpcserver.c:277) SetDeviceStatus(SDIO\VEN_02D0&DEV_4345&FUNC_3\00000000_00000000_02D0_4345_FUNC_3 0x400 0x1c)
[   38.498472] (\ntoskrnl\io\pnpmgr\plugplay.c:983) Set status data is NOT SUPPORTED
[   38.783532] (\ntoskrnl\io\pnpmgr\devaction.c:2657) NOTE: attempt to start an already started/uninitialized device USB\ROOT_HUB\3&cc8c31f5
[   38.930072] (\ntoskrnl\io\pnpmgr\devaction.c:2657) NOTE: attempt to start an already started/uninitialized device USB\ROOT_HUB\3&d59700b4
[   39.076117] (\ntoskrnl\io\pnpmgr\devaction.c:2657) NOTE: attempt to start an already started/uninitialized device USB\Vid_0781&Pid_5581\0901da96cc5f2a6e98145c166ee0bf8579199debc6f1126c17dcbe55724e3388e11a00000000000000000000897c8cadff082920815581076e327e7a
[   39.232816] (\ntoskrnl\io\pnpmgr\devaction.c:2657) NOTE: attempt to start an already started/uninitialized device USB\Vid_0781&Pid_5591\01016e01ffd6f47ad7a9a904dc54438de8ee4ed362c463e23b37a4d9b83f12b6b3e3000000000000000000004ca60268000d5400915581077b32dc12
[   39.394022] (\ntoskrnl\io\pnpmgr\devaction.c:2657) NOTE: attempt to start an already started/uninitialized device USB\Vid_413c&Pid_301a\4&83bb0d7e&2
[   39.553610] (\dll\win32\storprop\disk.c:63) DiskClassInstaller(23 00000000401335F0 0000000040136780)
[   39.560079] (\dll\win32\storprop\disk.c:63) DiskClassInstaller(24 00000000401335F0 0000000040136780)
[   39.569136] (\dll\win32\storprop\disk.c:63) DiskClassInstaller(28 00000000401335F0 0000000040136780)
[   39.578233] (\dll\win32\storprop\disk.c:63) DiskClassInstaller(29 00000000401335F0 0000000040136780)
[   39.587368] (\dll\win32\storprop\disk.c:63) DiskClassInstaller(21 00000000401335F0 0000000040136780)
[   39.596877] (\dll\win32\storprop\disk.c:63) DiskClassInstaller(34 00000000401335F0 0000000040136780)
[   39.605966] (\dll\win32\storprop\disk.c:63) DiskClassInstaller(32 00000000401335F0 0000000040136780)
[   39.615512] (\dll\win32\storprop\disk.c:63) DiskClassInstaller(2 00000000401335F0 0000000040136780)
[   39.627102] (\ntoskrnl\io\pnpmgr\devaction.c:2657) NOTE: attempt to start an already started/uninitialized device USBSTOR\Disk&Ven__USB____&Prod__SanDisk_3.2Gen1&Rev_1.00\5&955e2bc9&01016e01ffd6f47ad7a9a904dc54438de8ee4ed362c463e23b37a4d9b83f12b6b3e3000000000000000000004ca60268000d5400915581077b32dc12&0
[   39.651856] (\dll\win32\storprop\disk.c:63) DiskClassInstaller(30 00000000401335F0 0000000040136780)
[   39.660241] (\dll\win32\storprop\disk.c:63) DiskClassInstaller(12 00000000401335F0 0000000040136780)
[   39.672657] (\dll\win32\storprop\disk.c:63) DiskClassInstaller(23 00000000401335F0 0000000040136780)
[   39.679043] (\dll\win32\storprop\disk.c:63) DiskClassInstaller(24 00000000401335F0 0000000040136780)
[   39.688155] (\dll\win32\storprop\disk.c:63) DiskClassInstaller(28 00000000401335F0 0000000040136780)
[   39.697260] (\dll\win32\storprop\disk.c:63) DiskClassInstaller(29 00000000401335F0 0000000040136780)
[   39.699472] RPI5VC4: present #768 moves=0 dirty=1 flip=3 idx=0 scan=441db000
[   39.706379] (\dll\win32\storprop\disk.c:63) DiskClassInstaller(21 00000000401335F0 0000000040136780)
[   39.722915] (\dll\win32\storprop\disk.c:63) DiskClassInstaller(34 00000000401335F0 0000000040136780)
[   39.731993] (\dll\win32\storprop\disk.c:63) DiskClassInstaller(32 00000000401335F0 0000000040136780)
[   39.741432] (\dll\win32\storprop\disk.c:63) DiskClassInstaller(2 00000000401335F0 0000000040136780)
[   39.753018] (\ntoskrnl\io\pnpmgr\devaction.c:2657) NOTE: attempt to start an already started/uninitialized device USBSTOR\Disk&Ven__USB____&Prod__SanDisk_3.2Gen1&Rev_1.00\5&bb7f1351&0901da96cc5f2a6e98145c166ee0bf8579199debc6f1126c17dcbe55724e3388e11a00000000000000000000897c8cadff082920815581076e327e7a&0
[   39.777735] (\dll\win32\storprop\disk.c:63) DiskClassInstaller(30 00000000401335F0 0000000040136780)
[   39.786156] (\dll\win32\storprop\disk.c:63) DiskClassInstaller(12 00000000401335F0 0000000040136780)
[   39.818000] (\win32ss\user\ntuser\desktop.c:1370) err: ptiLastInput is CLEARED!!
[   39.884715] (\ntoskrnl\mm\ARM3\sysldr.c:170) Loading: \SystemRoot\System32\drivers\tcpip.sys at FFFFE750A77F4000 with 40 pages
[   39.911484] NDIS6: Restart → driver
[   39.912263] NDIS6: RestartHandler returned 0x00000000
[   39.917553] NDIS6: Restart → driver
[   39.920939] NDIS6: RestartHandler returned 0x00000000
[   39.944279] (\base\services\dhcpcsvc\dhcp\api.c:58) RpcServerListen() failed (Status 6b1)
[   39.962479] fixme:(\dll\win32\rpcrt4\rpc_server.c:1736) (0x1000): stub
[   40.963232] fixme:(\dll\win32\wintrust\register.c:1227) stub
[   40.979831] (\win32ss\user\winsrv\usersrv\init.c:152) GetThreadConsoleDesktop(480) failed with Status 0xc0000008
[   41.148137] NDIS6: LINK_STATE adapter=FFFFB21A017131C0 connect=1 rx=1000000000 tx=1000000000
[   42.689076] Could not load wine-gecko. HTML rendering will be disabled.
[   42.692925] fixme:(\dll\win32\mshtml\main.c:363) stub 1 (null): returning S_OK
[   43.000733] (\base\services\dhcpcsvc\dhcp\adapter.c:170) There is no active configuration!
[   43.006136] DHCPCSVC: Adapter Name: [{4f0cfa31-c6fe-4126-9c55-9bc10b291e9c}] (dynamic)
[   43.018138] TCPIP-UDP: UDPReceive #1 dst=0x67dfa8c0:68 src=0x01dfa8c0:67 len=300
[   43.022650] TCPIP-UDP: matched AddrFile=FFFFB21A02AC2DF0 — delivering
[   43.029247] AFD-RX: PacketSocketRecvComplete #1 FCB=FFFFB21A02AC1CA0 Status=0x00000000 Info=300
[   43.208683] fixme:(\dll\win32\olepro32\olepro32stubs.c:47) stub
[   43.223301] fixme:(\dll\win32\pstorec\pstorec.c:377) 
[   43.404611] fixme:(\dll\win32\shdocvw\shdocvw_main.c:222) (TRUE, (null)): stub!
[   44.049585] TCPIP-UDP: UDPReceive #2 dst=0x67dfa8c0:68 src=0x01dfa8c0:67 len=300
[   44.054100] TCPIP-UDP: matched AddrFile=FFFFB21A02AC2DF0 — delivering
[   44.060697] AFD-RX: PacketSocketRecvComplete #2 FCB=FFFFB21A02AC1CA0 Status=0x00000000 Info=300
[   44.144937] fixme:(\dll\win32\shell32\shell32.cpp:512) TRUE (null): stub
[   44.377209] fixme:(\dll\win32\urlmon\urlmon_main.c:243) (TRUE, (null)): stub
[   44.419164] (\base\services\w32time\register.c:54) RegisterService()
[   44.558675] fixme:(\dll\win32\wininet\internet.c:350) (1 (null)): stub
[   44.729881] (\dll\ntdll\rtl\libsupp.c:1173) ApiSetResolveToHost redirected api-ms-win-core-synch-l1-2-0 to C:\ReactOS\System32\kernel32.dll
[   44.748222] (\dll\ntdll\rtl\libsupp.c:1173) ApiSetResolveToHost redirected api-ms-win-core-localization-l1-2-1 to C:\ReactOS\System32\kernel32.dll
[   44.951401] (\win32ss\user\ntuser\msgqueue.c:2248) err: Thread Cleanup Post Messages FFFFE69F96E9A520
[   45.021864] RPI5VC4: present #832 moves=0 dirty=1 flip=3 idx=0 scan=441db000
[   45.026596] RPI5VC4: present #896 moves=0 dirty=1 flip=3 idx=0 scan=441db000
[   45.049080] RPI5VC4: present #960 moves=0 dirty=1 flip=3 idx=1 scan=449c4000
[   45.053803] RPI5VC4: present #1024 moves=0 dirty=1 flip=3 idx=1 scan=449c4000
[   45.076552] RPI5VC4: present #1088 moves=0 dirty=1 flip=3 idx=2 scan=451ad000
[   45.081358] RPI5VC4: present #1152 moves=0 dirty=1 flip=3 idx=2 scan=451ad000
[   45.103946] RPI5VC4: present #1216 moves=0 dirty=1 flip=3 idx=0 scan=441db000
[   45.108758] RPI5VC4: present #1280 moves=0 dirty=1 flip=3 idx=0 scan=441db000
[   45.138546] RPI5VC4: present #1344 moves=0 dirty=1 flip=3 idx=1 scan=449c4000
[   45.143361] RPI5VC4: present #1408 moves=0 dirty=1 flip=3 idx=1 scan=449c4000
[   45.166067] RPI5VC4: present #1472 moves=0 dirty=1 flip=3 idx=2 scan=451ad000
[   45.175139] RPI5VC4: present #1536 moves=0 dirty=1 flip=3 idx=2 scan=451ad000
[   45.205247] RPI5VC4: present #1600 moves=0 dirty=1 flip=3 idx=0 scan=441db000
[   45.225618] RPI5VC4: present #1664 moves=0 dirty=1 flip=3 idx=1 scan=449c4000
[   45.233119] RPI5VC4: present #1728 moves=0 dirty=1 flip=3 idx=2 scan=451ad000
[   45.253341] RPI5VC4: present #1792 moves=0 dirty=1 flip=3 idx=0 scan=441db000
[   45.258167] RPI5VC4: present #1856 moves=0 dirty=1 flip=3 idx=0 scan=441db000
[   45.280444] RPI5VC4: present #1920 moves=0 dirty=1 flip=3 idx=1 scan=449c4000
[   45.285271] RPI5VC4: present #1984 moves=0 dirty=1 flip=3 idx=1 scan=449c4000
[   45.307604] RPI5VC4: present #2048 moves=0 dirty=1 flip=3 idx=2 scan=451ad000
[   45.312427] RPI5VC4: present #2112 moves=0 dirty=1 flip=3 idx=2 scan=451ad000
[   45.334751] RPI5VC4: present #2176 moves=0 dirty=1 flip=3 idx=0 scan=441db000
[   45.339590] RPI5VC4: present #2240 moves=0 dirty=1 flip=3 idx=0 scan=441db000
[   45.361866] RPI5VC4: present #2304 moves=0 dirty=1 flip=3 idx=1 scan=449c4000
[   45.366706] RPI5VC4: present #2368 moves=0 dirty=1 flip=3 idx=1 scan=449c4000
[   45.388919] RPI5VC4: present #2432 moves=0 dirty=1 flip=3 idx=2 scan=451ad000
[   45.393762] RPI5VC4: present #2496 moves=0 dirty=1 flip=3 idx=2 scan=451ad000
[   45.416029] RPI5VC4: present #2560 moves=0 dirty=1 flip=3 idx=0 scan=441db000
[   45.420868] RPI5VC4: present #2624 moves=0 dirty=1 flip=3 idx=0 scan=441db000
[   45.443134] RPI5VC4: present #2688 moves=0 dirty=1 flip=3 idx=1 scan=449c4000
[   45.447941] RPI5VC4: present #2752 moves=0 dirty=1 flip=3 idx=1 scan=449c4000
[   45.479516] RPI5VC4: present #2816 moves=0 dirty=1 flip=3 idx=0 scan=441db000
[   45.484322] RPI5VC4: present #2880 moves=0 dirty=1 flip=3 idx=0 scan=441db000
[   45.506763] RPI5VC4: present #2944 moves=0 dirty=1 flip=3 idx=1 scan=449c4000
[   45.511574] RPI5VC4: present #3008 moves=0 dirty=1 flip=3 idx=1 scan=449c4000
[   45.533918] RPI5VC4: present #3072 moves=0 dirty=1 flip=3 idx=2 scan=451ad000
[   45.538722] RPI5VC4: present #3136 moves=0 dirty=1 flip=3 idx=2 scan=451ad000
[   45.571564] RPI5VC4: present #3200 moves=0 dirty=1 flip=3 idx=0 scan=441db000
[   45.576385] RPI5VC4: present #3264 moves=0 dirty=1 flip=3 idx=0 scan=441db000
[   45.598748] RPI5VC4: present #3328 moves=0 dirty=1 flip=3 idx=1 scan=449c4000
[   45.603565] RPI5VC4: present #3392 moves=0 dirty=1 flip=3 idx=1 scan=449c4000
[   45.638267] RPI5VC4: present #3456 moves=0 dirty=1 flip=3 idx=2 scan=451ad000
[   45.643097] RPI5VC4: present #3520 moves=0 dirty=1 flip=3 idx=2 scan=451ad000
[   45.665461] RPI5VC4: present #3584 moves=0 dirty=1 flip=3 idx=0 scan=441db000
[   45.685438] RPI5VC4: present #3648 moves=0 dirty=1 flip=3 idx=1 scan=449c4000
[   45.690261] RPI5VC4: present #3712 moves=0 dirty=1 flip=3 idx=1 scan=449c4000
[   45.712504] RPI5VC4: present #3776 moves=0 dirty=1 flip=3 idx=2 scan=451ad000
[   45.717319] RPI5VC4: present #3840 moves=0 dirty=1 flip=3 idx=2 scan=451ad000
[   45.739616] RPI5VC4: present #3904 moves=0 dirty=1 flip=3 idx=0 scan=441db000
[   45.744439] RPI5VC4: present #3968 moves=0 dirty=1 flip=3 idx=0 scan=441db000
[   45.766716] RPI5VC4: present #4032 moves=0 dirty=1 flip=3 idx=1 scan=449c4000
[   45.771537] RPI5VC4: present #4096 moves=0 dirty=1 flip=3 idx=1 scan=449c4000
[   45.793751] RPI5VC4: present #4160 moves=0 dirty=1 flip=3 idx=2 scan=451ad000
[   45.798574] RPI5VC4: present #4224 moves=0 dirty=1 flip=3 idx=2 scan=451ad000
[   45.821409] RPI5VC4: present #4288 moves=0 dirty=1 flip=3 idx=0 scan=441db000
[   45.826291] RPI5VC4: present #4352 moves=0 dirty=1 flip=3 idx=0 scan=441db000
[   45.848573] RPI5VC4: present #4416 moves=0 dirty=1 flip=3 idx=1 scan=449c4000
[   45.853415] RPI5VC4: present #4480 moves=0 dirty=1 flip=3 idx=1 scan=449c4000
[   45.876216] RPI5VC4: present #4544 moves=0 dirty=1 flip=3 idx=2 scan=451ad000
[   45.881094] RPI5VC4: present #4608 moves=0 dirty=1 flip=3 idx=2 scan=451ad000
[   45.904781] RPI5VC4: present #4672 moves=0 dirty=1 flip=3 idx=0 scan=441db000
[   45.909584] RPI5VC4: present #4736 moves=0 dirty=1 flip=3 idx=0 scan=441db000
[   45.932765] (\dll\ntdll\ldr\ldrinit.c:2244) WARN: Accepting different LOAD_CONFIG size!
[   46.059844] fixme:(\dll\win32\shdocvw\winlist.cpp:81) ()
[   46.095325] fixme:(\dll\win32\comctl32\toolbar.c:403) [00000000000200B2] TBSTYLE_REGISTERDROP not implemented
[   46.185150] WARNING:  NtNotifyChangeMultipleKeys at \ntoskrnl\config\ntapi.c:1470 is UNIMPLEMENTED!
[   46.185269] (\win32ss\user\ntuser\desktop.c:1551) err: UMWP calling IDWP
[   46.191347] err:(\dll\win32\mmdevapi\devenum.c:1309) RegNotifyChangeKeyValue failed: 1
[   46.197994] (\win32ss\user\ntuser\desktop.c:1551) err: UMWP calling IDWP
[   46.370257] fixme:(\dll\win32\shell32\shlexec.cpp:2350) flags ignored: 0x00000100
[   46.401617] fixme:(\dll\win32\setupapi\install.c:1494) default path of the installation not changed
[   46.476329] err:(\dll\win32\setupapi\queue.c:1215) Unsupported style(s) 0x104
[   46.593656] fixme:(\dll\win32\advpack\reg.c:197) SYS_MOD_PATH needs more work
[   46.961393] RPI5VC4: present #4800 moves=0 dirty=1 flip=3 idx=1 scan=449c4000
[   46.966250] RPI5VC4: present #4864 moves=0 dirty=1 flip=3 idx=1 scan=449c4000
[   47.002176] (\win32ss\user\ntuser\winpos.c:1449) err: Window is HWND_BOTTOM hwnd 0000000000000001
[   47.322061] (\dll\ntdll\ldr\ldrinit.c:2244) WARN: Accepting different LOAD_CONFIG size!
[   47.428932] (\dll\ntdll\rtl\libsupp.c:1173) ApiSetResolveToHost redirected api-ms-win-crt-private-l1-1-0.dll to C:\ReactOS\System32\ucrtbase.dll
[   47.447555] (\dll\ntdll\rtl\libsupp.c:1173) ApiSetResolveToHost redirected api-ms-win-crt-stdio-l1-1-0.dll to C:\ReactOS\System32\ucrtbase.dll
[   47.457540] (\dll\ntdll\rtl\libsupp.c:1173) ApiSetResolveToHost redirected api-ms-win-crt-string-l1-1-0.dll to C:\ReactOS\System32\ucrtbase.dll
[   47.471836] (\dll\ntdll\rtl\libsupp.c:1173) ApiSetResolveToHost redirected api-ms-win-crt-runtime-l1-1-0.dll to C:\ReactOS\System32\ucrtbase.dll
[   47.483285] (\dll\ntdll\rtl\libsupp.c:1173) ApiSetResolveToHost redirected api-ms-win-crt-locale-l1-1-0.dll to C:\ReactOS\System32\ucrtbase.dll
[   47.496132] (\dll\ntdll\rtl\libsupp.c:1173) ApiSetResolveToHost redirected api-ms-win-crt-math-l1-1-0.dll to C:\ReactOS\System32\ucrtbase.dll
[   47.508804] (\dll\ntdll\rtl\libsupp.c:1173) ApiSetResolveToHost redirected api-ms-win-crt-heap-l1-1-0.dll to C:\ReactOS\System32\ucrtbase.dll
[   47.521464] (\dll\ntdll\rtl\libsupp.c:1173) ApiSetResolveToHost redirected api-ms-win-crt-convert-l1-1-0.dll to C:\ReactOS\System32\ucrtbase.dll
[   47.521613] (\win32ss\gdi\ntgdi\gdidbg.c:399) Number of all entries incorrect: RESERVE_ENTRIES_COUNT = 10, nDeleted = 1, nFree = 65170, nUsed = 354
[   47.538251] (\dll\ntdll\rtl\libsupp.c:1173) ApiSetResolveToHost redirected api-ms-win-crt-environment-l1-1-0.dll to C:\ReactOS\System32\ucrtbase.dll
[   47.577020] (\dll\ntdll\rtl\libsupp.c:1173) ApiSetResolveToHost redirected api-ms-win-core-localization-l1-2-1 to C:\ReactOS\System32\kernel32.dll
[   47.600568] (\win32ss\gdi\ntgdi\gdidbg.c:399) Number of all entries incorrect: RESERVE_ENTRIES_COUNT = 10, nDeleted = 4, nFree = 65169, nUsed = 349
[   47.644915] err:(\dll\opengl\opengl32\icdload.c:122) Overriding the default OGL ICD with MesaV3D
[   47.726451] (\dll\ntdll\rtl\libsupp.c:1173) ApiSetResolveToHost redirected api-ms-win-core-synch-l1-2-0.dll to C:\ReactOS\System32\kernel32.dll
[   47.736925] (\dll\ntdll\rtl\libsupp.c:1173) ApiSetResolveToHost redirected api-ms-win-crt-utility-l1-1-0.dll to C:\ReactOS\System32\ucrtbase.dll
[   47.749420] (\dll\ntdll\rtl\libsupp.c:1173) ApiSetResolveToHost redirected api-ms-win-crt-filesystem-l1-1-0.dll to C:\ReactOS\System32\ucrtbase.dll
[   47.818317] MESA: error: WGL: trying gallium driver [0] 'v3d'
[   47.821340] (\drivers\directx\dxgkrnl\d3dkmt.c:3028) DxgkCreatePagingQueue: RETURN hPagingQueue=0x51474151
[   47.856070] MESA: error: v3dv-reactos: rpi5vc4 adapter open pq=0x51474151, V3D 7.1 ready=1 slab=64MB
[   47.885071] v3dwgl: v3d screen created, wrapper installed
[   47.930197] MESA: error: WGL: gallium driver 'v3d' screen created
[   47.953341] RPI5VC4: present #4928 moves=0 dirty=1 flip=3 idx=2 scan=451ad000
[   48.018412] MESA: error: STW: screen 'V3D 7.1.10.2' ready, pixelformats=360
[   48.022500] OPENGL32: ICD MesaV3D formats=360 for hdc 00000000EB010118
[   48.030532] OPENGL32: C:\ReactOS\bin\gears.exe renders with the HARDWARE ICD
[   48.043087] (\drivers\directx\dxgkrnl\d3dkmt.c:3488) D3DKMT CREATEALLOC #3 enter
[   48.047619] (\drivers\directx\dxgkrnl\d3dkmt.c:3491) D3DKMT CREATEALLOC #3 exit 0x00000000
[   48.055871] (\drivers\directx\dxgkrnl\d3dkmt.c:3878) D3DKMT MAP: ioctl reached hAlloc=0x4d4d414f pages=2 ctx=0000000000000000
[   48.067131] (\drivers\directx\dxgkrnl\d3dkmt.c:3921) D3DKMT MAP exit hAlloc=0x4d4d414f va=401e0000
[   48.076109] (\drivers\directx\dxgkrnl\d3dkmt.c:3524) D3DKMT LOCK #2 enter hAlloc=0x4d4d414f
[   48.084876] (\drivers\directx\dxgkrnl\vidmm.c:3077) VidMm usermap #2 h=0x4D4D414F va=0000000042CF0000 resident=1 seg=1 pa=401e0000 cache=2
[   48.096806] (\drivers\directx\dxgkrnl\d3dkmt.c:3570) D3DKMT LOCK #2 exit va=0000000042CF0000
[   48.155916] (\drivers\directx\dxgkrnl\d3dkmt.c:3488) D3DKMT CREATEALLOC #4 enter
[   48.160440] (\drivers\directx\dxgkrnl\d3dkmt.c:3491) D3DKMT CREATEALLOC #4 exit 0x00000000
[   48.168683] (\drivers\directx\dxgkrnl\d3dkmt.c:3878) D3DKMT MAP: ioctl reached hAlloc=0x4d4d4148 pages=96 ctx=0000000000000000
[   48.180037] (\drivers\directx\dxgkrnl\d3dkmt.c:3921) D3DKMT MAP exit hAlloc=0x4d4d4148 va=401e2000
[   48.189132] (\drivers\directx\dxgkrnl\d3dkmt.c:3488) D3DKMT CREATEALLOC #5 enter
[   48.196357] (\drivers\directx\dxgkrnl\d3dkmt.c:3491) D3DKMT CREATEALLOC #5 exit 0x00000000
[   48.204598] (\drivers\directx\dxgkrnl\d3dkmt.c:3878) D3DKMT MAP: ioctl reached hAlloc=0x4d4d4149 pages=48 ctx=0000000000000000
[   48.215957] (\drivers\directx\dxgkrnl\d3dkmt.c:3921) D3DKMT MAP exit hAlloc=0x4d4d4149 va=40242000
[   48.297450] GL_RENDERER   = V3D 7.1.10.2
[   48.298619] GL_VERSION    = 3.1 Mesa 26.2.0-devel (git-3bbd7a1d03)
[   48.305404] GL_VENDOR     = Broadcom
[   48.311940] GL_EXTENSIONS = GL_ARB_multisample GL_EXT_abgr GL_EXT_bgra GL_EXT_blend_color GL_EXT_blend_minmax GL_EXT_blend_subtract GL_EXT_copy_texture GL_EXT_subtexture GL_EXT_texture_object GL_EXT_vertex_array GL_EXT_compiled_vertex_array GL_EXT_texture GL_EXT_texture3D GL_IBM_rasterpos_clip GL_ARB_point_parameters GL_EXT_draw_range_elements GL_EXT_packed_pixels GL_EXT_point_parameters GL_EXT_rescale_normal GL_EXT_separate_specular_color GL_EXT_texture_edge_clamp GL_SGIS_generate_mipmap GL_SGIS_texture[   48.353516]  GL_SGIS_texture_edge_clamp GL_SGIS_texture_lod GL_ARB_framebuffer_sRGB GL_ARB_multitexture GL_EXT_framebuffer_sRGB GL_IBM_multimode_draw_arrays GL_IBM_texture_mirrored_repeat GL_ARB_texture_cube_map GL_ARB_texture_env_add GL_ARB_transpose_matrix GL_EXT_blend_func_separate GL_EXT_fog_coord GL_EXT_multi_draw_arrays GL_EXT_secondary_color GL_EXT_texture_env_add GL_EXT_texture_filter_anisotropic GL_EXT_texture_lod_bias GL_INGR_blend_func_separate GL_NV_blend_square GL_NV_light_max_exponent GL_NV[   48.397934] ction GL_NV_texture_env_combine4 GL_S3_s3tc GL_SUN_multi_draw_arrays GL_ARB_texture_border_clamp GL_ARB_texture_compression GL_EXT_framebuffer_object GL_EXT_texture_compression_s3tc GL_EXT_texture_env_combine GL_EXT_texture_env_dot3 GL_MESA_window_pos GL_NV_packed_depth_stencil GL_NV_texture_rectangle GL_ARB_depth_texture GL_ARB_occlusion_query GL_ARB_shadow GL_ARB_texture_env_combine GL_ARB_texture_env_crossbar GL_ARB_texture_env_dot3 GL_ARB_texture_mirrored_repeat GL_ARB_window_pos GL_ATI_f[   48.442356] r GL_EXT_stencil_two_side GL_EXT_texture_cube_map GL_NV_depth_clamp GL_NV_fog_distance GL_NV_half_float GL_APPLE_packed_pixels GL_ARB_draw_buffers GL_ARB_fragment_program GL_ARB_fragment_shader GL_ARB_shader_objects GL_ARB_vertex_program GL_ARB_vertex_shader GL_ATI_draw_buffers GL_ATI_texture_env_combine3 GL_ATI_texture_float GL_EXT_shadow_funcs GL_EXT_stencil_wrap GL_MESA_pack_invert GL_NV_primitive_restart GL_ARB_depth_clamp GL_ARB_fragment_program_shadow GL_ARB_half_float_pixel GL_ARB_occl[   48.486771] GL_ARB_[   48.503145] (\drivers\directx\dxgkrnl\d3dkmt.c:3488) D3DKMT CREATEALLOC #6 enter
[   48.507669] (\drivers\directx\dxgkrnl\d3dkmt.c:3491) D3DKMT CREATEALLOC #6 exit 0x00000000
[   48.515912] (\drivers\directx\dxgkrnl\d3dkmt.c:3878) D3DKMT MAP: ioctl reached hAlloc=0x4d4d414a pages=257 ctx=0000000000000000
[   48.527355] (\drivers\directx\dxgkrnl\d3dkmt.c:3921) D3DKMT MAP exit hAlloc=0x4d4d414a va=40272000
[   48.536361] (\drivers\directx\dxgkrnl\d3dkmt.c:3524) D3DKMT LOCK #3 enter hAlloc=0x4d4d414a
[   48.545322] (\drivers\directx\dxgkrnl\vidmm.c:3077) VidMm usermap #3 h=0x4D4D414A va=0000000042FE0000 resident=1 seg=1 pa=40272000 cache=2
[   48.557027] (\drivers\directx\dxgkrnl\d3dkmt.c:3570) D3DKMT LOCK #3 exit va=0000000042FE0000
[   48.582944] (\drivers\directx\dxgkrnl\d3dkmt.c:3488) D3DKMT CREATEALLOC #7 enter
[   48.587458] (\drivers\directx\dxgkrnl\d3dkmt.c:3491) D3DKMT CREATEALLOC #7 exit 0x00000000
[   48.595699] (\drivers\directx\dxgkrnl\d3dkmt.c:3878) D3DKMT MAP: ioctl reached hAlloc=0x4d4d414b pages=1 ctx=0000000000000000
[   48.606973] (\drivers\directx\dxgkrnl\d3dkmt.c:3921) D3DKMT MAP exit hAlloc=0x4d4d414b va=40373000
[   48.615945] (\drivers\directx\dxgkrnl\d3dkmt.c:3524) D3DKMT LOCK #4 enter hAlloc=0x4d4d414b
[   48.624408] (\drivers\directx\dxgkrnl\vidmm.c:3077) VidMm usermap #4 h=0x4D4D414B va=00000000430F0000 resident=1 seg=1 pa=40373000 cache=2
[   48.636647] (\drivers\directx\dxgkrnl\d3dkmt.c:3570) D3DKMT LOCK #4 exit va=00000000430F0000
[   48.645084] (\sdk\lib\rtl\heap.c:2995) Realloc in place failed, but it was the only option
[   48.653312] (\sdk\lib\rtl\heap.c:2995) Realloc in place failed, but it was the only option
[   48.667604] (\drivers\directx\dxgkrnl\d3dkmt.c:3488) D3DKMT CREATEALLOC #8 enter
[   48.672116] (\drivers\directx\dxgkrnl\d3dkmt.c:3491) D3DKMT CREATEALLOC #8 exit 0x00000000
[   48.680367] (\drivers\directx\dxgkrnl\d3dkmt.c:3878) D3DKMT MAP: ioctl reached hAlloc=0x4d4d4144 pages=129 ctx=0000000000000000
[   48.691809] (\drivers\directx\dxgkrnl\d3dkmt.c:3921) D3DKMT MAP exit hAlloc=0x4d4d4144 va=40374000
[   48.700757] (\drivers\directx\dxgkrnl\d3dkmt.c:3524) D3DKMT LOCK #5 enter hAlloc=0x4d4d4144
[   48.709554] (\drivers\directx\dxgkrnl\vidmm.c:3077) VidMm usermap #5 h=0x4D4D4144 va=0000000043100000 resident=1 seg=1 pa=40374000 cache=2
[   48.721482] (\drivers\directx\dxgkrnl\d3dkmt.c:3570) D3DKMT LOCK #5 exit va=0000000043100000
[   48.758850] (\sdk\lib\rtl\heap.c:2995) Realloc in place failed, but it was the only option
[   48.764482] (\sdk\lib\rtl\heap.c:2995) Realloc in place failed, but it was the only option
[   48.810494] (\drivers\directx\dxgkrnl\d3dkmt.c:3878) D3DKMT MAP: ioctl reached hAlloc=0x4d4d4145 pages=1 ctx=0000000000000000
[   48.818910] (\drivers\directx\dxgkrnl\d3dkmt.c:3921) D3DKMT MAP exit hAlloc=0x4d4d4145 va=403f5000
[   48.827848] (\drivers\directx\dxgkrnl\d3dkmt.c:3524) D3DKMT LOCK #6 enter hAlloc=0x4d4d4145
[   48.836429] (\drivers\directx\dxgkrnl\vidmm.c:3077) VidMm usermap #6 h=0x4D4D4145 va=00000000431A0000 resident=1 seg=1 pa=403f5000 cache=2
[   48.848582] (\drivers\directx\dxgkrnl\d3dkmt.c:3570) D3DKMT LOCK #6 exit va=00000000431A0000
[   48.857281] (\sdk\lib\rtl\heap.c:2995) Realloc in place failed, but it was the only option
[   48.869542] (\drivers\directx\dxgkrnl\d3dkmt.c:3878) D3DKMT MAP: ioctl reached hAlloc=0x4d4d4146 pages=2 ctx=0000000000000000
[   48.877954] (\drivers\directx\dxgkrnl\d3dkmt.c:3921) D3DKMT MAP exit hAlloc=0x4d4d4146 va=403f6000
[   48.886902] (\drivers\directx\dxgkrnl\d3dkmt.c:3524) D3DKMT LOCK #7 enter hAlloc=0x4d4d4146
[   48.895605] (\drivers\directx\dxgkrnl\vidmm.c:3077) VidMm usermap #7 h=0x4D4D4146 va=00000000433B0000 resident=1 seg=1 pa=403f6000 cache=2
[   48.907630] (\drivers\directx\dxgkrnl\d3dkmt.c:3570) D3DKMT LOCK #7 exit va=00000000433B0000
[   48.916187] (\drivers\directx\dxgkrnl\d3dkmt.c:3921) D3DKMT MAP exit hAlloc=0x4d4d4147 va=403f8000
[   48.925008] (\drivers\directx\dxgkrnl\d3dkmt.c:3921) D3DKMT MAP exit hAlloc=0x4d4d4140 va=40400000
[   48.933941] (\drivers\directx\dxgkrnl\d3dkmt.c:3921) D3DKMT MAP exit hAlloc=0x4d4d4141 va=40402000
[   48.942864] (\drivers\directx\dxgkrnl\d3dkmt.c:3524) D3DKMT LOCK #8 enter hAlloc=0x4d4d4141
[   48.951557] (\drivers\directx\dxgkrnl\vidmm.c:3077) VidMm usermap #8 h=0x4D4D4141 va=00000000433C0000 resident=1 seg=1 pa=40402000 cache=2
[   48.963593] (\drivers\directx\dxgkrnl\d3dkmt.c:3570) D3DKMT LOCK #8 exit va=00000000433C0000
[   48.972100] (\drivers\directx\dxgkrnl\vidsch.c:385) VidSch kick #2 fence=2 node=0 size=64
[   48.980164] (\drivers\directx\rpi5vc4\rpi5vc4_wddm.c:1913) RPI5VC4: submit queued fence=2 node=0 bcl=01198000..011981c0
[   48.990929] (\drivers\directx\rpi5vc4\rpi5vc4_wddm.c:295) RPI5VC4: CL kick fence=2 bcl=01198000..011981c0 rcl=01227000..012270a8 qma=0121d000 qms=8000 qts=01225000
[   49.005714] (\drivers\directx\dxgkrnl\d3dkmt.c:3921) D3DKMT MAP exit hAlloc=0x4d4d4142 va=40403000
[   49.014710] (\drivers\directx\dxgkrnl\vidsch.c:293) VidSch nokick #1 state=1
[   49.021955] (\drivers\directx\dxgkrnl\vidmm.c:3077) VidMm usermap #9 h=0x4D4D4148 va=00000000433D0000 resident=1 seg=1 pa=401e2000 cache=2
[   49.042990] (\drivers\directx\dxgkrnl\vidsch.c:293) VidSch nokick #2 state=1
[   49.048041] (\drivers\directx\dxgkrnl\vidmm.c:3077) VidMm usermap #10 h=0x4D4D4142 va=0000000043430000 resident=1 seg=1 pa=40403000 cache=2
[   49.062482] (\drivers\directx\dxgkrnl\vidsch.c:293) VidSch nokick #3 state=1
[   49.069318] (\drivers\directx\dxgkrnl\vidsch.c:293) VidSch nokick #4 state=1
[   49.077234] (\drivers\directx\dxgkrnl\vidsch.c:293) VidSch nokick #5 state=1
[   49.084085] (\drivers\directx\dxgkrnl\vidsch.c:293) VidSch nokick #6 state=1
[   49.091069] (\drivers\directx\dxgkrnl\vidsch.c:293) VidSch nokick #7 state=1
[   49.098103] (\drivers\directx\dxgkrnl\vidsch.c:293) VidSch nokick #8 state=1
[   49.105103] (\drivers\directx\dxgkrnl\vidsch.c:293) VidSch nokick #9 state=1
[   49.113204] (\drivers\directx\dxgkrnl\vidsch.c:293) VidSch nokick #10 state=1
[   49.120165] (\drivers\directx\dxgkrnl\vidsch.c:293) VidSch nokick #11 state=1
[   49.127254] (\drivers\directx\dxgkrnl\vidsch.c:293) VidSch nokick #12 state=1
[   49.134345] (\drivers\directx\dxgkrnl\vidsch.c:293) VidSch nokick #13 state=1
[   49.141447] (\drivers\directx\dxgkrnl\vidsch.c:293) VidSch nokick #14 state=1
[   49.149405] (\drivers\directx\dxgkrnl\vidsch.c:293) VidSch nokick #15 state=1
[   49.156363] (\drivers\directx\dxgkrnl\vidsch.c:293) VidSch nokick #16 state=1
[   49.261421] MESA: error: v3d: 512 draws: shaders=14816us total=110579us
[   49.361990] (\drivers\directx\rpi5vc4\rpi5vc4_wddm.c:433) RPI5VC4: V3D job fence=2 timed out — completing (TDR)
[   49.369373] (\drivers\directx\rpi5vc4\rpi5vc4_wddm.c:443) RPI5VC4: TDR CT0CS=00000010 CT0CA=011981c0 CT0EA=011981c0 CT1CS=00000000 CT1CA=00000000 INT_STS=00000000
[   49.383860] (\drivers\directx\rpi5vc4\rpi5vc4_wddm.c:455) RPI5VC4: TDR isr=0 MMU_CTL=04090801 VIO_ADDR=00000000 bin=1/0 rend=0 bcl=01198000..011981c0
[   49.397223] (\drivers\directx\rpi5vc4\rpi5vc4_wddm.c:480) RPI5VC4: TDR L2TCACTL=00000000 PCS=00000001 BFC=00000000 RFC=00000000 CT0SYNC=00000000 CT1SYNC=00000000
[   49.411623] (\drivers\directx\rpi5vc4\rpi5vc4_wddm.c:497) RPI5VC4: TDR QMA bytes 38 42 47 44 40 62 b1 21 01 53 00 56 00 00 00 00
[   49.423163] (\drivers\directx\rpi5vc4\rpi5vc4_wddm.c:507) RPI5VC4: TDR CT1CFG=00000000 TILECT=00000000 PTCT=00000000 RA0=00000000/00000000 BPCA=01220000 BPCS=00005000
[   49.437999] (\drivers\directx\rpi5vc4\rpi5vc4_wddm.c:536) RPI5VC4: TDR RCL head 79 00 2c 01 2c 01 00 b1 01 79 02 00 7c 40 00 00
[   49.449452] (\drivers\directx\rpi5vc4\rpi5vc4_wddm.c:562) RPI5VC4: TDR BCL+0c0 00 00 00 3f 00 00 00 00 01 00 00 00 02 00 00 00
[   49.460817] (\drivers\directx\rpi5vc4\rpi5vc4_wddm.c:562) RPI5VC4: TDR BCL+0d0 03 00 00 00 00 00 00 00 01 00 00 00 02 00 00 00
[   49.472183] (\drivers\directx\rpi5vc4\rpi5vc4_wddm.c:562) RPI5VC4: TDR BCL+0e0 b2 76 25 40 6d f2 88 40 b6 ab ee 3b c2 f3 c9 3b
[   49.483549] (\drivers\directx\rpi5vc4\rpi5vc4_wddm.c:562) RPI5VC4: TDR BCL+0f0 62 4f 5e c0 da a3 07 40 5a d0 2f bf fe c3 14 bf
[   49.494915] (\drivers\directx\rpi5vc4\rpi5vc4_wddm.c:562) RPI5VC4: TDR BCL+100 a9 21 01 2c 00 70 09 01 00 10 10 00 20 84 b4 00
[   49.506281] (\drivers\directx\rpi5vc4\rpi5vc4_wddm.c:562) RPI5VC4: TDR BCL+110 00 00 00 39 00 00 47 44 40 a2 aa 21 01 2c 00 70
[   49.517647] (\drivers\directx\rpi5vc4\rpi5vc4_wddm.c:562) RPI5VC4: TDR BCL+120 09 01 00 10 10 00 20 84 f0 00 00 00 80 43 00 00
[   49.529013] (\drivers\directx\rpi5vc4\rpi5vc4_wddm.c:570) RPI5VC4: TDR BCL head 77 00 78 04 1b 00 00 2b 01 2b 01 13 5c 00 00 00
[   49.540466] (\drivers\directx\rpi5vc4\rpi5vc4_wddm.c:576) RPI5VC4: TDR BCL tail 01 00 10 10 00 20 84 3c 00 00 00 40 62 00 00 04
[   49.551919] (\drivers\directx\rpi5vc4\rpi5vc4_wddm.c:585) RPI5VC4: TDR ERR_STAT=00001000 dpcIsr=0 isr=0 msk=ffff0038 hubmsk=000000fd
[   49.563804] (\drivers\directx\rpi5vc4\rpi5vc4_wddm.c:622) RPI5VC4: TDR SMS TEE_CS=00000250 REE_CS=00000200
[   49.576941] (\drivers\directx\rpi5vc4\rpi5vc4_v3d.c:294) RPI5VC4: reset ERR_STAT after clear=00001000
[   49.583269] (\drivers\directx\rpi5vc4\rpi5vc4_wddm.c:626) RPI5VC4: TDR resetting V3D core: ok
[   49.591777] (\drivers\directx\rpi5vc4\rpi5vc4_wddm.c:748) RPI5VC4: report #2 fence=2 node=0
[   49.600104] (\drivers\directx\dxgkrnl\vidsch.c:385) VidSch kick #3 fence=3 node=0 size=64
[   49.608257] (\drivers\directx\rpi5vc4\rpi5vc4_wddm.c:1913) RPI5VC4: submit queued fence=3 node=0 bcl=0121a000..0121a1c0
[   49.619020] (\drivers\directx\rpi5vc4\rpi5vc4_wddm.c:295) RPI5VC4: CL kick fence=3 bcl=0121a000..0121a1c0 rcl=01227000..012270a8 qma=0121d000 qms=8000 qts=01225000
[   49.633592] (\drivers\directx\dxgkrnl\vidsch.c:213) VidSch comp #2 done=2 state=1 pending=84
[   49.649180] MESA: error: v3d: 512 draws: shaders=17006us total=148520us
[   49.769895] MESA: error: v3d: 512 draws: shaders=18929us total=414910us
[   49.903993] MESA: error: v3d: 512 draws: shaders=21138us total=429304us
[   49.913700] RPI5VC4: present #4992 moves=0 dirty=1 flip=3 idx=1 scan=449c4000
[   49.940334] (\drivers\directx\rpi5vc4\rpi5vc4_wddm.c:433) RPI5VC4: V3D job fence=3 timed out — completing (TDR)
[   49.947718] (\drivers\directx\rpi5vc4\rpi5vc4_wddm.c:443) RPI5VC4: TDR CT0CS=00000110 CT0CA=afc60a40 CT0EA=0121a1c0 CT1CS=00000000 CT1CA=00000000 INT_STS=00000000
[   49.962203] (\drivers\directx\rpi5vc4\rpi5vc4_wddm.c:455) RPI5VC4: TDR isr=0 MMU_CTL=04190801 VIO_ADDR=0afc60d3 bin=1/0 rend=0 bcl=0121a000..0121a1c0
[   49.975565] (\drivers\directx\rpi5vc4\rpi5vc4_wddm.c:480) RPI5VC4: TDR L2TCACTL=00000000 PCS=00000001 BFC=00000000 RFC=00000000 CT0SYNC=00000000 CT1SYNC=00000000
[   49.989967] (\drivers\directx\rpi5vc4\rpi5vc4_wddm.c:497) RPI5VC4: TDR QMA bytes 38 42 47 44 40 62 b1 21 01 53 00 56 00 00 00 00
[   50.001507] (\drivers\directx\rpi5vc4\rpi5vc4_wddm.c:507) RPI5VC4: TDR CT1CFG=00000000 TILECT=00000000 PTCT=00000000 RA0=0121a017/00000000 BPCA=01220000 BPCS=00005000
[   50.016343] (\drivers\directx\rpi5vc4\rpi5vc4_wddm.c:536) RPI5VC4: TDR RCL head 79 00 2c 01 2c 01 00 b1 01 79 02 00 7c 40 00 00
[   50.027796] (\drivers\directx\rpi5vc4\rpi5vc4_wddm.c:562) RPI5VC4: TDR BCL+0c0 58 47 44 40 02 86 19 01 2c 00 70 09 01 00 10 10
[   50.039161] (\drivers\directx\rpi5vc4\rpi5vc4_wddm.c:562) RPI5VC4: TDR BCL+0d0 00 20 84 78 00 00 00 70 2f 00 00 62 40 0f 00 00
[   50.050527] (\drivers\directx\rpi5vc4\rpi5vc4_wddm.c:562) RPI5VC4: TDR BCL+0e0 63 58 47 44 40 a1 87 19 01 2c 00 70 09 01 00 10
[   50.061896] (\drivers\directx\rpi5vc4\rpi5vc4_wddm.c:562) RPI5VC4: TDR BCL+0f0 10 00 20 84 b4 00 00 00 c0 33 00 00 47 44 40 21
[   50.073259] (\drivers\directx\rpi5vc4\rpi5vc4_wddm.c:562) RPI5VC4: TDR BCL+100 89 19 01 2c 00 70 09 01 00 10 10 00 20 84 b4 00
[   50.084622] (\drivers\directx\rpi5vc4\rpi5vc4_wddm.c:562) RPI5VC4: TDR BCL+110 00 00 00 39 00 00 47 44 40 a2 8a 19 01 2c 00 70
[   50.095988] (\drivers\directx\rpi5vc4\rpi5vc4_wddm.c:562) RPI5VC4: TDR BCL+120 09 01 00 10 10 00 20 84 f0 00 00 00 80 43 00 00
[   50.107354] (\drivers\directx\rpi5vc4\rpi5vc4_wddm.c:570) RPI5VC4: TDR BCL head 77 00 78 04 1b 00 00 2b 01 2b 01 13 5c 00 00 00
[   50.118806] (\drivers\directx\rpi5vc4\rpi5vc4_wddm.c:576) RPI5VC4: TDR BCL tail 01 00 10 10 00 20 84 3c 00 00 00 40 62 00 00 04
[   50.130259] (\drivers\directx\rpi5vc4\rpi5vc4_wddm.c:585) RPI5VC4: TDR ERR_STAT=00001000 dpcIsr=0 isr=0 msk=ffff0038 hubmsk=000000ff
[   50.142145] (\drivers\directx\rpi5vc4\rpi5vc4_wddm.c:622) RPI5VC4: TDR SMS TEE_CS=00000250 REE_CS=00000200
[   50.153633] (\drivers\directx\rpi5vc4\rpi5vc4_v3d.c:294) RPI5VC4: reset ERR_STAT after clear=00001000
[   50.160974] (\drivers\directx\rpi5vc4\rpi5vc4_wddm.c:626) RPI5VC4: TDR resetting V3D core: ok
[   50.169488] (\drivers\directx\rpi5vc4\rpi5vc4_wddm.c:748) RPI5VC4: report #3 fence=3 node=0
[   50.177812] (\drivers\directx\dxgkrnl\vidsch.c:385) VidSch kick #4 fence=4 node=0 size=64
[   50.185964] (\drivers\directx\rpi5vc4\rpi5vc4_wddm.c:1913) RPI5VC4: submit queued fence=4 node=0 bcl=01198000..011981c0
[   50.196728] (\drivers\directx\rpi5vc4\rpi5vc4_wddm.c:295) RPI5VC4: CL kick fence=4 bcl=01198000..011981c0 rcl=01227000..012270a8 qma=0121d000 qms=8000 qts=01225000
[   50.211298] (\drivers\directx\dxgkrnl\vidsch.c:213) VidSch comp #3 done=3 state=1 pending=211
[   50.234848] MESA: error: v3d: 512 draws: shaders=23252us total=443546us
[   50.370384] MESA: error: v3d: 512 draws: shaders=25579us total=625533us
[   50.506507] MESA: error: v3d: 512 draws: shaders=27775us total=639975us
[   50.518153] (\drivers\directx\rpi5vc4\rpi5vc4_wddm.c:433) RPI5VC4: V3D job fence=4 timed out — completing (TDR)
[   50.525537] (\drivers\directx\rpi5vc4\rpi5vc4_wddm.c:443) RPI5VC4: TDR CT0CS=00000010 CT0CA=01198081 CT0EA=011981c0 CT1CS=00000000 CT1CA=00000000 INT_STS=00000000
[   50.540023] (\drivers\directx\rpi5vc4\rpi5vc4_wddm.c:455) RPI5VC4: TDR isr=0 MMU_CTL=04090801 VIO_ADDR=00000000 bin=1/0 rend=0 bcl=01198000..011981c0
[   50.553385] (\drivers\directx\rpi5vc4\rpi5vc4_wddm.c:480) RPI5VC4: TDR L2TCACTL=00000000 PCS=00000001 BFC=00000000 RFC=00000000 CT0SYNC=00000000 CT1SYNC=00000000
[   50.567786] (\drivers\directx\rpi5vc4\rpi5vc4_wddm.c:497) RPI5VC4: TDR QMA bytes 38 42 47 44 40 62 b1 21 01 53 00 56 00 00 00 00
[   50.579327] (\drivers\directx\rpi5vc4\rpi5vc4_wddm.c:507) RPI5VC4: TDR CT1CFG=00000000 TILECT=00000000 PTCT=00000000 RA0=00000000/00000000 BPCA=01220000 BPCS=00005000
[   50.594162] (\drivers\directx\rpi5vc4\rpi5vc4_wddm.c:536) RPI5VC4: TDR RCL head 79 00 2c 01 2c 01 00 b1 01 79 02 00 7c 40 00 00
[   50.605616] (\drivers\directx\rpi5vc4\rpi5vc4_wddm.c:562) RPI5VC4: TDR BCL+0c0 58 47 44 40 02 a6 21 01 2c 00 70 09 01 00 10 10
[   50.616981] (\drivers\directx\rpi5vc4\rpi5vc4_wddm.c:562) RPI5VC4: TDR BCL+0d0 00 20 84 78 00 00 00 70 2f 00 00 62 40 0f 00 00
[   50.628347] (\drivers\directx\rpi5vc4\rpi5vc4_wddm.c:562) RPI5VC4: TDR BCL+0e0 63 58 47 44 40 a1 a7 21 01 2c 00 70 09 01 00 10
[   50.639713] (\drivers\directx\rpi5vc4\rpi5vc4_wddm.c:562) RPI5VC4: TDR BCL+0f0 3c ee 22 c0 29 b5 89 c0 55 78 05 3a 56 df e1 39
[   50.651078] (\drivers\directx\rpi5vc4\rpi5vc4_wddm.c:562) RPI5VC4: TDR BCL+100 03 00 00 00 00 00 20 40 19 91 bd bf f5 35 76 bf
[   50.655169] MESA: error: v3d: 512 draws: shaders=29844us total=654141us
[   50.662445] (\drivers\directx\rpi5vc4\rpi5vc4_wddm.c:562) RPI5VC4: TDR BCL+110 0b 55 50 bf 99 d8 4f c1 ac 64 3f c1 60 06 0e 42
[   50.680404] (\drivers\directx\rpi5vc4\rpi5vc4_wddm.c:562) RPI5VC4: TDR BCL+120 17 19 1d 42 00 00 16 46 00 00 16 c6 00 00 00 00
[   50.691771] (\drivers\directx\rpi5vc4\rpi5vc4_wddm.c:570) RPI5VC4: TDR BCL head 77 00 78 04 1b 00 00 2b 01 2b 01 13 5c 00 00 00
[   50.703223] (\drivers\directx\rpi5vc4\rpi5vc4_wddm.c:576) RPI5VC4: TDR BCL tail 00 00 80 3f 00 00 00 00 02 00 00 00 0b d7 23 3e
[   50.714676] (\drivers\directx\rpi5vc4\rpi5vc4_wddm.c:585) RPI5VC4: TDR ERR_STAT=00001000 dpcIsr=0 isr=0 msk=ffff0038 hubmsk=000000ff
[   50.726562] (\drivers\directx\rpi5vc4\rpi5vc4_wddm.c:622) RPI5VC4: TDR SMS TEE_CS=00000250 REE_CS=00000200
[   50.737148] (\drivers\directx\rpi5vc4\rpi5vc4_v3d.c:294) RPI5VC4: reset ERR_STAT after clear=00001000
[   50.745389] (\drivers\directx\rpi5vc4\rpi5vc4_wddm.c:626) RPI5VC4: TDR resetting V3D core: ok
[   50.753902] (\drivers\directx\rpi5vc4\rpi5vc4_wddm.c:748) RPI5VC4: report #4 fence=4 node=0
[   50.762226] (\drivers\directx\dxgkrnl\vidsch.c:385) VidSch kick #5 fence=5 node=0 size=64
[   50.770378] (\drivers\directx\rpi5vc4\rpi5vc4_wddm.c:1913) RPI5VC4: submit queued fence=5 node=0 bcl=0121a000..0121a1c0
[   50.781141] (\drivers\directx\rpi5vc4\rpi5vc4_wddm.c:295) RPI5VC4: CL kick fence=5 bcl=0121a000..0121a1c0 rcl=01227000..012270a8 qma=0121d000 qms=8000 qts=01225000
[   50.795714] (\drivers\directx\dxgkrnl\vidsch.c:213) VidSch comp #4 done=4 state=1 pending=366
[   50.805224] (\drivers\directx\rpi5vc4\rpi5vc4_wddm.c:337) RPI5VC4: kick fence=5 ERR_STAT=00001000
[   50.813501] (\drivers\directx\rpi5vc4\rpi5vc4_wddm.c:748) RPI5VC4: report #5 fence=5 node=0
[   50.821399] (\drivers\directx\dxgkrnl\vidsch.c:385) VidSch kick #6 fence=6 node=0 size=64
[   50.829550] (\drivers\directx\rpi5vc4\rpi5vc4_wddm.c:1913) RPI5VC4: submit queued fence=6 node=0 bcl=01198000..011981c0
[   50.840309] (\drivers\directx\rpi5vc4\rpi5vc4_wddm.c:295) RPI5VC4: CL kick fence=6 bcl=01198000..011981c0 rcl=01227000..012270a8 qma=0121d000 qms=8000 qts=01225000
[   50.854881] (\drivers\directx\dxgkrnl\vidsch.c:213) VidSch comp #5 done=5 state=1 pending=371
[   50.879363] MESA: error: v3d: 512 draws: shaders=31691us total=674102us
[   50.949459] MESA: error: v3d: 512 draws: shaders=32668us total=682567us
[   51.083166] MESA: error: v3d: 512 draws: shaders=34851us total=699359us
[   51.161689] (\drivers\directx\rpi5vc4\rpi5vc4_wddm.c:433) RPI5VC4: V3D job fence=6 timed out — completing (TDR)
[   51.169073] (\drivers\directx\rpi5vc4\rpi5vc4_wddm.c:443) RPI5VC4: TDR CT0CS=00000010 CT0CA=01198081 CT0EA=011981c0 CT1CS=00000000 CT1CA=012270a8 INT_STS=00000000
[   51.183559] (\drivers\directx\rpi5vc4\rpi5vc4_wddm.c:455) RPI5VC4: TDR isr=2 MMU_CTL=04090801 VIO_ADDR=00000000 bin=1/0 rend=0 bcl=01198000..011981c0
[   51.196920] (\drivers\directx\rpi5vc4\rpi5vc4_wddm.c:480) RPI5VC4: TDR L2TCACTL=00000000 PCS=00000001 BFC=00000001 RFC=00000001 CT0SYNC=00000000 CT1SYNC=00000000
[   51.211322] (\drivers\directx\rpi5vc4\rpi5vc4_wddm.c:497) RPI5VC4: TDR QMA bytes 38 42 47 44 40 e1 8d 19 01 53 00 56 00 00 00 00
[   51.222864] (\drivers\directx\rpi5vc4\rpi5vc4_wddm.c:507) RPI5VC4: TDR CT1CFG=00000000 TILECT=00190000 PTCT=00000000 RA0=00000000/012270a7 BPCA=01220000 BPCS=00005000
[   51.237697] (\drivers\directx\rpi5vc4\rpi5vc4_wddm.c:520) RPI5VC4: TDR CT1CA bytes 00 00 00 00 00 00 00 00 00 00 00 00 00 00 00 00
[   51.249410] (\drivers\directx\rpi5vc4\rpi5vc4_wddm.c:536) RPI5VC4: TDR RCL head 79 00 2c 01 2c 01 00 b1 01 79 02 00 7c 40 00 00
[   51.260863] (\drivers\directx\rpi5vc4\rpi5vc4_wddm.c:562) RPI5VC4: TDR BCL+0c0 58 47 44 40 02 a6 21 01 2c 00 70 09 01 00 10 10
[   51.272229] (\drivers\directx\rpi5vc4\rpi5vc4_wddm.c:562) RPI5VC4: TDR BCL+0d0 00 20 84 78 00 00 00 70 2f 00 00 62 40 0f 00 00
[   51.283594] (\drivers\directx\rpi5vc4\rpi5vc4_wddm.c:562) RPI5VC4: TDR BCL+0e0 63 58 47 44 40 a1 a7 21 01 2c 00 70 09 01 00 10
[   51.294961] (\drivers\directx\rpi5vc4\rpi5vc4_wddm.c:562) RPI5VC4: TDR BCL+0f0 10 00 20 84 b4 00 00 00 c0 33 00 00 47 44 40 21
[   51.306327] (\drivers\directx\rpi5vc4\rpi5vc4_wddm.c:562) RPI5VC4: TDR BCL+100 a9 21 01 2c 00 70 09 01 00 10 10 00 20 84 b4 00
[   51.317693] (\drivers\directx\rpi5vc4\rpi5vc4_wddm.c:562) RPI5VC4: TDR BCL+110 00 00 00 39 00 00 47 44 40 a2 aa 21 01 2c 00 70
[   51.329058] (\drivers\directx\rpi5vc4\rpi5vc4_wddm.c:562) RPI5VC4: TDR BCL+120 09 01 00 10 10 00 20 84 f0 00 00 00 80 43 00 00
[   51.340424] (\drivers\directx\rpi5vc4\rpi5vc4_wddm.c:570) RPI5VC4: TDR BCL head 77 00 78 04 1b 00 00 2b 01 2b 01 13 5c 00 00 00
[   51.351874] (\drivers\directx\rpi5vc4\rpi5vc4_wddm.c:576) RPI5VC4: TDR BCL tail 01 00 10 10 00 20 84 3c 00 00 00 40 62 00 00 04
[   51.363327] (\drivers\directx\rpi5vc4\rpi5vc4_wddm.c:585) RPI5VC4: TDR ERR_STAT=00001000 dpcIsr=2 isr=2 msk=ffff0038 hubmsk=000000fd
[   51.375213] (\drivers\directx\rpi5vc4\rpi5vc4_wddm.c:622) RPI5VC4: TDR SMS TEE_CS=00000250 REE_CS=00000200
[   51.386702] (\drivers\directx\rpi5vc4\rpi5vc4_v3d.c:294) RPI5VC4: reset ERR_STAT after clear=00001000
[   51.394042] (\drivers\directx\rpi5vc4\rpi5vc4_wddm.c:626) RPI5VC4: TDR resetting V3D core: ok
[   51.402553] (\drivers\directx\rpi5vc4\rpi5vc4_wddm.c:748) RPI5VC4: report #6 fence=6 node=0
[   51.410879] (\drivers\directx\dxgkrnl\vidsch.c:385) VidSch kick #7 fence=7 node=0 size=64
[   51.419031] (\drivers\directx\rpi5vc4\rpi5vc4_wddm.c:1913) RPI5VC4: submit queued fence=7 node=0 bcl=0121a000..0121a1c0
[   51.429796] (\drivers\directx\rpi5vc4\rpi5vc4_wddm.c:295) RPI5VC4: CL kick fence=7 bcl=0121a000..0121a1c0 rcl=01227000..012270a8 qma=0121d000 qms=8000 qts=01225000
[   51.444366] (\drivers\directx\dxgkrnl\vidsch.c:213) VidSch comp #6 done=6 state=1 pending=506
[   51.465912] MESA: error: v3d: 512 draws: shaders=37007us total=718540us
[   51.505568] RPI5VC4: present #5056 moves=0 dirty=1 flip=3 idx=0 scan=441db000
[   51.632618] MESA: error: v3d: 512 draws: shaders=39220us total=980357us
[   51.751201] (\drivers\directx\rpi5vc4\rpi5vc4_wddm.c:433) RPI5VC4: V3D job fence=7 timed out — completing (TDR)
[   51.758585] (\drivers\directx\rpi5vc4\rpi5vc4_wddm.c:443) RPI5VC4: TDR CT0CS=00000010 CT0CA=0121a001 CT0EA=0121a1c0 CT1CS=00000000 CT1CA=00000000 INT_STS=00000000
[   51.773072] (\drivers\directx\rpi5vc4\rpi5vc4_wddm.c:455) RPI5VC4: TDR isr=2 MMU_CTL=04090801 VIO_ADDR=00000000 bin=1/0 rend=0 bcl=0121a000..0121a1c0
[   51.786431] (\drivers\directx\rpi5vc4\rpi5vc4_wddm.c:480) RPI5VC4: TDR L2TCACTL=00000000 PCS=00000000 BFC=00000000 RFC=00000000 CT0SYNC=00000000 CT1SYNC=00000000
[   51.800834] (\drivers\directx\rpi5vc4\rpi5vc4_wddm.c:497) RPI5VC4: TDR QMA bytes 38 42 47 44 40 e1 8d 19 01 53 00 56 00 00 00 00
[   51.812373] (\drivers\directx\rpi5vc4\rpi5vc4_wddm.c:507) RPI5VC4: TDR CT1CFG=00000000 TILECT=00000000 PTCT=00000000 RA0=00000000/00000000 BPCA=00000000 BPCS=00000000
[   51.827209] (\drivers\directx\rpi5vc4\rpi5vc4_wddm.c:536) RPI5VC4: TDR RCL head 79 00 2c 01 2c 01 00 b1 01 79 02 00 7c 40 00 00
[   51.838662] (\drivers\directx\rpi5vc4\rpi5vc4_wddm.c:562) RPI5VC4: TDR BCL+0c0 58 47 44 40 02 86 19 01 2c 00 70 09 01 00 10 10
[   51.850028] (\drivers\directx\rpi5vc4\rpi5vc4_wddm.c:562) RPI5VC4: TDR BCL+0d0 00 20 84 78 00 00 00 70 2f 00 00 62 40 0f 00 00
[   51.861394] (\drivers\directx\rpi5vc4\rpi5vc4_wddm.c:562) RPI5VC4: TDR BCL+0e0 63 58 47 44 40 a1 87 19 01 2c 00 70 09 01 00 10
[   51.872760] (\drivers\directx\rpi5vc4\rpi5vc4_wddm.c:562) RPI5VC4: TDR BCL+0f0 10 00 20 84 b4 00 00 00 c0 33 00 00 47 44 40 21
[   51.884126] (\drivers\directx\rpi5vc4\rpi5vc4_wddm.c:562) RPI5VC4: TDR BCL+100 03 00 00 00 00 00 20 40 19 91 bd bf f5 35 76 bf
[   51.895492] (\drivers\directx\rpi5vc4\rpi5vc4_wddm.c:562) RPI5VC4: TDR BCL+110 0b 55 50 bf 99 d8 4f c1 ac 64 3f c1 60 06 0e 42
[   51.906858] (\drivers\directx\rpi5vc4\rpi5vc4_wddm.c:562) RPI5VC4: TDR BCL+120 17 19 1d 42 00 00 16 46 00 00 16 c6 00 00 00 00
[   51.918224] (\drivers\directx\rpi5vc4\rpi5vc4_wddm.c:570) RPI5VC4: TDR BCL head 00 00 00 00 00 00 00 00 00 00 00 00 00 00 80 3f
[   51.929677] (\drivers\directx\rpi5vc4\rpi5vc4_wddm.c:576) RPI5VC4: TDR BCL tail 01 00 10 10 00 20 84 3c 00 00 00 40 62 00 00 04
[   51.941129] (\drivers\directx\rpi5vc4\rpi5vc4_wddm.c:585) RPI5VC4: TDR ERR_STAT=00001000 dpcIsr=2 isr=2 msk=ffff0038 hubmsk=000000ff
[   51.953015] (\drivers\directx\rpi5vc4\rpi5vc4_wddm.c:622) RPI5VC4: TDR SMS TEE_CS=00000250 REE_CS=00000200
[   51.963601] (\drivers\directx\rpi5vc4\rpi5vc4_v3d.c:294) RPI5VC4: reset ERR_STAT after clear=00001000
[   51.971842] (\drivers\directx\rpi5vc4\rpi5vc4_wddm.c:626) RPI5VC4: TDR resetting V3D core: ok
[   51.980352] (\drivers\directx\rpi5vc4\rpi5vc4_wddm.c:748) RPI5VC4: report #7 fence=7 node=0
[   51.988678] (\drivers\directx\dxgkrnl\vidsch.c:385) VidSch kick #8 fence=8 node=0 size=64
[   51.996830] (\drivers\directx\rpi5vc4\rpi5vc4_wddm.c:1913) RPI5VC4: submit queued fence=8 node=0 bcl=01198000..011981c0
[   52.007595] (\drivers\directx\rpi5vc4\rpi5vc4_wddm.c:295) RPI5VC4: CL kick fence=8 bcl=01198000..011981c0 rcl=01227000..012270a8 qma=0121d000 qms=8000 qts=01225000
[   52.022165] (\drivers\directx\dxgkrnl\vidsch.c:213) VidSch comp #7 done=7 state=1 pending=591
[   52.051858] MESA: error: v3d: 512 draws: shaders=41402us total=1027698us
[   52.182687] MESA: error: v3d: 512 draws: shaders=43591us total=1322300us
[   52.312667] MESA: error: v3d: 512 draws: shaders=45801us total=1336759us
[   52.332528] (\drivers\directx\rpi5vc4\rpi5vc4_wddm.c:433) RPI5VC4: V3D job fence=8 timed out — completing (TDR)
[   52.339910] (\drivers\directx\rpi5vc4\rpi5vc4_wddm.c:443) RPI5VC4: TDR CT0CS=00000010 CT0CA=01198001 CT0EA=011981c0 CT1CS=00000000 CT1CA=00000000 INT_STS=00000000
[   52.354398] (\drivers\directx\rpi5vc4\rpi5vc4_wddm.c:455) RPI5VC4: TDR isr=2 MMU_CTL=04090801 VIO_ADDR=00000000 bin=1/0 rend=0 bcl=01198000..011981c0
[   52.367760] (\drivers\directx\rpi5vc4\rpi5vc4_wddm.c:480) RPI5VC4: TDR L2TCACTL=00000000 PCS=00000000 BFC=00000000 RFC=00000000 CT0SYNC=00000000 CT1SYNC=00000000
[   52.382162] (\drivers\directx\rpi5vc4\rpi5vc4_wddm.c:497) RPI5VC4: TDR QMA bytes 38 42 47 44 40 e1 8d 19 01 53 00 56 00 00 00 00
[   52.393702] (\drivers\directx\rpi5vc4\rpi5vc4_wddm.c:507) RPI5VC4: TDR CT1CFG=00000000 TILECT=00000000 PTCT=00000000 RA0=00000000/00000000 BPCA=00000000 BPCS=00000000
[   52.408538] (\drivers\directx\rpi5vc4\rpi5vc4_wddm.c:536) RPI5VC4: TDR RCL head 79 00 2c 01 2c 01 00 b1 01 79 02 00 7c 40 00 00
[   52.419991] (\drivers\directx\rpi5vc4\rpi5vc4_wddm.c:562) RPI5VC4: TDR BCL+0c0 58 47 44 40 02 a6 21 01 2c 00 70 09 01 00 10 10
[   52.431357] (\drivers\directx\rpi5vc4\rpi5vc4_wddm.c:562) RPI5VC4: TDR BCL+0d0 00 20 84 78 00 00 00 70 2f 00 00 62 40 0f 00 00
[   52.442722] (\drivers\directx\rpi5vc4\rpi5vc4_wddm.c:562) RPI5VC4: TDR BCL+0e0 63 58 47 44 40 a1 a7 21 01 2c 00 70 09 01 00 10
[   52.454088] (\drivers\directx\rpi5vc4\rpi5vc4_wddm.c:562) RPI5VC4: TDR BCL+0f0 10 00 20 84 b4 00 00 00 c0 33 00 00 47 44 40 21
[   52.465454] (\drivers\directx\rpi5vc4\rpi5vc4_wddm.c:562) RPI5VC4: TDR BCL+100 a9 21 01 2c 00 70 09 01 00 10 10 00 20 84 b4 00
[   52.476820] (\drivers\directx\rpi5vc4\rpi5vc4_wddm.c:562) RPI5VC4: TDR BCL+110 00 00 00 39 00 00 47 44 40 a2 aa 21 01 2c 00 70
[   52.488186] (\drivers\directx\rpi5vc4\rpi5vc4_wddm.c:562) RPI5VC4: TDR BCL+120 09 01 00 10 10 00 20 84 f0 00 00 00 80 43 00 00
[   52.499552] (\drivers\directx\rpi5vc4\rpi5vc4_wddm.c:570) RPI5VC4: TDR BCL head 00 00 00 00 00 00 00 00 00 00 00 00 00 00 80 3f
[   52.511005] (\drivers\directx\rpi5vc4\rpi5vc4_wddm.c:576) RPI5VC4: TDR BCL tail 00 00 80 3f 00 00 00 00 02 00 00 00 0b d7 23 3e
[   52.522458] (\drivers\directx\rpi5vc4\rpi5vc4_wddm.c:585) RPI5VC4: TDR ERR_STAT=00001000 dpcIsr=2 isr=2 msk=ffff0038 hubmsk=000000ff
[   52.534344] (\drivers\directx\rpi5vc4\rpi5vc4_wddm.c:622) RPI5VC4: TDR SMS TEE_CS=00000250 REE_CS=00000200
[   52.544930] (\drivers\directx\rpi5vc4\rpi5vc4_v3d.c:294) RPI5VC4: reset ERR_STAT after clear=00001000
[   52.553170] (\drivers\directx\rpi5vc4\rpi5vc4_wddm.c:626) RPI5VC4: TDR resetting V3D core: ok
[   52.561680] (\drivers\directx\rpi5vc4\rpi5vc4_wddm.c:748) RPI5VC4: report #8 fence=8 node=0
[   52.570008] (\drivers\directx\dxgkrnl\vidsch.c:385) VidSch kick #9 fence=9 node=0 size=64
[   52.578159] (\drivers\directx\rpi5vc4\rpi5vc4_wddm.c:1913) RPI5VC4: submit queued fence=9 node=0 bcl=0121a000..0121a1c0
[   52.588923] (\drivers\directx\rpi5vc4\rpi5vc4_wddm.c:295) RPI5VC4: CL kick fence=9 bcl=0121a000..0121a1c0 rcl=01227000..012270a8 qma=0121d000 qms=8000 qts=01225000
[   52.603494] (\drivers\directx\dxgkrnl\vidsch.c:213) VidSch comp #8 done=8 state=1 pending=681
[   52.724844] MESA: error: v3d: 512 draws: shaders=48035us total=1351445us
[   52.851896] MESA: error: v3d: 512 draws: shaders=50219us total=1368639us
[   52.853688] RPI5VC4: present #5120 moves=0 dirty=1 flip=3 idx=0 scan=441db000
[   52.882811] (\win32ss\drivers\wddm\wddm_bridge.c:417) WddmBridgeSendIoctl: IOCTL 0x002305C0 failed with 0x80000011
[   52.890319] (\win32ss\drivers\wddm\wddm_bridge.c:417) WddmBridgeSendIoctl: IOCTL 0x002305C0 failed with 0x80000011
[   52.901327] (\win32ss\drivers\wddm\wddm_bridge.c:417) WddmBridgeSendIoctl: IOCTL 0x002305C0 failed with 0x80000011
[   52.910331] (\drivers\directx\rpi5vc4\rpi5vc4_wddm.c:433) RPI5VC4: V3D job fence=9 timed out — completing (TDR)
[   52.924671] (\drivers\directx\rpi5vc4\rpi5vc4_v3d.c:294) RPI5VC4: reset ERR_STAT after clear=00001000
[   52.930999] (\drivers\directx\rpi5vc4\rpi5vc4_wddm.c:626) RPI5VC4: TDR resetting V3D core: ok
[   52.939504] (\drivers\directx\rpi5vc4\rpi5vc4_wddm.c:748) RPI5VC4: report #9 fence=9 node=0
[   52.947834] (\drivers\directx\dxgkrnl\vidsch.c:385) VidSch kick #10 fence=10 node=0 size=64
[   52.956161] (\drivers\directx\rpi5vc4\rpi5vc4_wddm.c:1913) RPI5VC4: submit queued fence=10 node=0 bcl=01198000..011981c0
[   52.967010] (\drivers\directx\rpi5vc4\rpi5vc4_wddm.c:295) RPI5VC4: CL kick fence=10 bcl=01198000..011981c0 rcl=01227000..012270a8 qma=0121d000 qms=8000 qts=01225000
[   52.981669] (\drivers\directx\dxgkrnl\vidsch.c:213) VidSch comp #9 done=9 state=1 pending=765
[   52.990191] (\win32ss\drivers\wddm\wddm_bridge.c:417) WddmBridgeSendIoctl: IOCTL 0x002305C0 failed with 0x80000011
[   53.001187] (\win32ss\drivers\wddm\wddm_bridge.c:417) WddmBridgeSendIoctl: IOCTL 0x002305C0 failed with 0x80000011
[   53.011188] (\win32ss\drivers\wddm\wddm_bridge.c:417) WddmBridgeSendIoctl: IOCTL 0x002305C0 failed with 0x80000011
[   53.021191] (\win32ss\drivers\wddm\wddm_bridge.c:417) WddmBridgeSendIoctl: IOCTL 0x002305C0 failed with 0x80000011
[   53.032207] (\win32ss\drivers\wddm\wddm_bridge.c:417) WddmBridgeSendIoctl: IOCTL 0x002305C0 failed with 0x80000011
[   53.288444] (\drivers\directx\rpi5vc4\rpi5vc4_wddm.c:433) RPI5VC4: V3D job fence=10 timed out — completing (TDR)
[   53.299414] (\drivers\directx\rpi5vc4\rpi5vc4_v3d.c:294) RPI5VC4: reset ERR_STAT after clear=00001000
[   53.305742] (\drivers\directx\rpi5vc4\rpi5vc4_wddm.c:626) RPI5VC4: TDR resetting V3D core: ok
[   53.314249] (\drivers\directx\rpi5vc4\rpi5vc4_wddm.c:748) RPI5VC4: report #10 fence=10 node=0
[   53.322749] (\drivers\directx\dxgkrnl\vidsch.c:385) VidSch kick #11 fence=11 node=0 size=64
[   53.331077] (\drivers\directx\rpi5vc4\rpi5vc4_wddm.c:1913) RPI5VC4: submit queued fence=11 node=0 bcl=0121a000..0121a1c0
[   53.341926] (\drivers\directx\rpi5vc4\rpi5vc4_wddm.c:295) RPI5VC4: CL kick fence=11 bcl=0121a000..0121a1c0 rcl=01227000..012270a8 qma=0121d000 qms=8000 qts=01225000
[   53.356585] (\drivers\directx\dxgkrnl\vidsch.c:213) VidSch comp #10 done=10 state=1 pending=764
[   53.663484] (\drivers\directx\rpi5vc4\rpi5vc4_wddm.c:433) RPI5VC4: V3D job fence=11 timed out — completing (TDR)
[   53.674453] (\drivers\directx\rpi5vc4\rpi5vc4_v3d.c:294) RPI5VC4: reset ERR_STAT after clear=00001000
[   53.680780] (\drivers\directx\rpi5vc4\rpi5vc4_wddm.c:626) RPI5VC4: TDR resetting V3D core: ok
[   53.689288] (\drivers\directx\rpi5vc4\rpi5vc4_wddm.c:748) RPI5VC4: report #11 fence=11 node=0
[   53.697788] (\drivers\directx\dxgkrnl\vidsch.c:385) VidSch kick #12 fence=12 node=0 size=64
[   53.706116] (\drivers\directx\rpi5vc4\rpi5vc4_wddm.c:1913) RPI5VC4: submit queued fence=12 node=0 bcl=01198000..011981c0
[   53.716963] (\drivers\directx\rpi5vc4\rpi5vc4_wddm.c:295) RPI5VC4: CL kick fence=12 bcl=01198000..011981c0 rcl=01227000..012270a8 qma=0121d000 qms=8000 qts=01225000
[   53.731624] (\drivers\directx\dxgkrnl\vidsch.c:213) VidSch comp #11 done=11 state=1 pending=763
[   54.038581] (\drivers\directx\rpi5vc4\rpi5vc4_wddm.c:433) RPI5VC4: V3D job fence=12 timed out — completing (TDR)
[   54.049500] (\drivers\directx\rpi5vc4\rpi5vc4_v3d.c:294) RPI5VC4: reset ERR_STAT after clear=00001000
[   54.055828] (\drivers\directx\rpi5vc4\rpi5vc4_wddm.c:626) RPI5VC4: TDR resetting V3D core: ok
[   54.064335] (\drivers\directx\rpi5vc4\rpi5vc4_wddm.c:748) RPI5VC4: report #12 fence=12 node=0
[   54.072835] (\drivers\directx\dxgkrnl\vidsch.c:385) VidSch kick #13 fence=13 node=0 size=64
[   54.081163] (\drivers\directx\rpi5vc4\rpi5vc4_wddm.c:1913) RPI5VC4: submit queued fence=13 node=0 bcl=0121a000..0121a1c0
[   54.092011] (\drivers\directx\rpi5vc4\rpi5vc4_wddm.c:295) RPI5VC4: CL kick fence=13 bcl=0121a000..0121a1c0 rcl=01227000..012270a8 qma=0121d000 qms=8000 qts=01225000
[   54.106671] (\drivers\directx\dxgkrnl\vidsch.c:213) VidSch comp #12 done=12 state=1 pending=762
[   54.285545] (\win32ss\drivers\wddm\wddm_bridge.c:408) WddmBridgeSendIoctl: IOCTL 0x002305C0 failed with 0x80000011 (x1024)
[   54.413707] (\drivers\directx\rpi5vc4\rpi5vc4_wddm.c:433) RPI5VC4: V3D job fence=13 timed out — completing (TDR)
[   54.422136] (\drivers\directx\rpi5vc4\rpi5vc4_v3d.c:294) RPI5VC4: reset ERR_STAT after clear=00001000
[   54.430366] (\drivers\directx\rpi5vc4\rpi5vc4_wddm.c:626) RPI5VC4: TDR resetting V3D core: ok
[   54.438962] (\drivers\directx\rpi5vc4\rpi5vc4_wddm.c:748) RPI5VC4: report #13 fence=13 node=0
[   54.447451] (\drivers\directx\dxgkrnl\vidsch.c:385) VidSch kick #14 fence=14 node=0 size=64
[   54.455708] (\drivers\directx\rpi5vc4\rpi5vc4_wddm.c:1913) RPI5VC4: submit queued fence=14 node=0 bcl=01198000..011981c0
[   54.466552] (\drivers\directx\rpi5vc4\rpi5vc4_wddm.c:295) RPI5VC4: CL kick fence=14 bcl=01198000..011981c0 rcl=01227000..012270a8 qma=0121d000 qms=8000 qts=01225000
[   54.481210] (\drivers\directx\dxgkrnl\vidsch.c:213) VidSch comp #13 done=13 state=1 pending=761
[   54.788167] (\drivers\directx\rpi5vc4\rpi5vc4_wddm.c:433) RPI5VC4: V3D job fence=14 timed out — completing (TDR)
[   54.796595] (\drivers\directx\rpi5vc4\rpi5vc4_v3d.c:294) RPI5VC4: reset ERR_STAT after clear=00001000
[   54.804826] (\drivers\directx\rpi5vc4\rpi5vc4_wddm.c:626) RPI5VC4: TDR resetting V3D core: ok
[   54.813421] (\drivers\directx\rpi5vc4\rpi5vc4_wddm.c:748) RPI5VC4: report #14 fence=14 node=0
[   54.821912] (\drivers\directx\dxgkrnl\vidsch.c:385) VidSch kick #15 fence=15 node=0 size=64
[   54.830168] (\drivers\directx\rpi5vc4\rpi5vc4_wddm.c:1913) RPI5VC4: submit queued fence=15 node=0 bcl=0121a000..0121a1c0
[   54.841012] (\drivers\directx\rpi5vc4\rpi5vc4_wddm.c:295) RPI5VC4: CL kick fence=15 bcl=0121a000..0121a1c0 rcl=01227000..012270a8 qma=0121d000 qms=8000 qts=01225000
[   54.855672] (\drivers\directx\dxgkrnl\vidsch.c:213) VidSch comp #14 done=14 state=1 pending=760
[   54.865353] (\drivers\directx\rpi5vc4\rpi5vc4_wddm.c:337) RPI5VC4: kick fence=15 ERR_STAT=00001000
[   54.873541] (\drivers\directx\rpi5vc4\rpi5vc4_wddm.c:748) RPI5VC4: report #15 fence=15 node=0
[   54.881873] (\drivers\directx\dxgkrnl\vidsch.c:385) VidSch kick #16 fence=16 node=0 size=64
[   54.890120] (\drivers\directx\rpi5vc4\rpi5vc4_wddm.c:1913) RPI5VC4: submit queued fence=16 node=0 bcl=01198000..011981c0
[   54.900966] (\drivers\directx\rpi5vc4\rpi5vc4_wddm.c:295) RPI5VC4: CL kick fence=16 bcl=01198000..011981c0 rcl=01227000..012270a8 qma=0121d000 qms=8000 qts=01225000
[   54.915623] (\drivers\directx\dxgkrnl\vidsch.c:213) VidSch comp #15 done=15 state=1 pending=759
[   55.222549] (\drivers\directx\rpi5vc4\rpi5vc4_wddm.c:433) RPI5VC4: V3D job fence=16 timed out — completing (TDR)
[   55.233520] (\drivers\directx\rpi5vc4\rpi5vc4_v3d.c:294) RPI5VC4: reset ERR_STAT after clear=00001000
[   55.239847] (\drivers\directx\rpi5vc4\rpi5vc4_wddm.c:626) RPI5VC4: TDR resetting V3D core: ok
[   55.248355] (\drivers\directx\rpi5vc4\rpi5vc4_wddm.c:748) RPI5VC4: report #16 fence=16 node=0
[   55.256855] (\drivers\directx\dxgkrnl\vidsch.c:385) VidSch kick #17 fence=17 node=0 size=64
[   55.265183] (\drivers\directx\rpi5vc4\rpi5vc4_wddm.c:1913) RPI5VC4: submit queued fence=17 node=0 bcl=0121a000..0121a1c0
[   55.276031] (\drivers\directx\rpi5vc4\rpi5vc4_wddm.c:295) RPI5VC4: CL kick fence=17 bcl=0121a000..0121a1c0 rcl=01227000..012270a8 qma=0121d000 qms=8000 qts=01225000
[   55.290692] (\drivers\directx\dxgkrnl\vidsch.c:213) VidSch comp #16 done=16 state=1 pending=758
[   55.300370] (\drivers\directx\rpi5vc4\rpi5vc4_wddm.c:337) RPI5VC4: kick fence=17 ERR_STAT=00001000
[   55.308386] (\drivers\directx\rpi5vc4\rpi5vc4_wddm.c:748) RPI5VC4: report #17 fence=17 node=0
[   55.316808] (\drivers\directx\dxgkrnl\vidsch.c:385) VidSch kick #18 fence=18 node=0 size=64
[   55.325135] (\drivers\directx\rpi5vc4\rpi5vc4_wddm.c:1913) RPI5VC4: submit queued fence=18 node=0 bcl=01198000..011981c0
[   55.335990] (\drivers\directx\rpi5vc4\rpi5vc4_wddm.c:295) RPI5VC4: CL kick fence=18 bcl=01198000..011981c0 rcl=01227000..012270a8 qma=0121d000 qms=8000 qts=01225000
[   55.350647] (\drivers\directx\dxgkrnl\vidsch.c:213) VidSch comp #17 done=17 state=1 pending=757
[   55.657565] (\drivers\directx\rpi5vc4\rpi5vc4_wddm.c:433) RPI5VC4: V3D job fence=18 timed out — completing (TDR)
[   55.666879] (\drivers\directx\rpi5vc4\rpi5vc4_v3d.c:294) RPI5VC4: reset ERR_STAT after clear=00001000
[   55.674220] (\drivers\directx\rpi5vc4\rpi5vc4_wddm.c:626) RPI5VC4: TDR resetting V3D core: ok
[   55.682736] (\drivers\directx\rpi5vc4\rpi5vc4_wddm.c:748) RPI5VC4: report #18 fence=18 node=0
[   55.691229] (\drivers\directx\dxgkrnl\vidsch.c:385) VidSch kick #19 fence=19 node=0 size=64
[   55.699555] (\drivers\directx\rpi5vc4\rpi5vc4_wddm.c:1913) RPI5VC4: submit queued fence=19 node=0 bcl=0121a000..0121a1c0
[   55.710407] (\drivers\directx\rpi5vc4\rpi5vc4_wddm.c:295) RPI5VC4: CL kick fence=19 bcl=0121a000..0121a1c0 rcl=01227000..012270a8 qma=0121d000 qms=8000 qts=01225000
[   55.725066] (\drivers\directx\dxgkrnl\vidsch.c:213) VidSch comp #18 done=18 state=1 pending=756
[   55.733775] (\win32ss\drivers\wddm\wddm_bridge.c:408) WddmBridgeSendIoctl: IOCTL 0x002305C0 failed with 0x80000011 (x2048)
[   55.734744] (\drivers\directx\rpi5vc4\rpi5vc4_wddm.c:337) RPI5VC4: kick fence=19 ERR_STAT=00001000
[   55.753850] (\drivers\directx\rpi5vc4\rpi5vc4_wddm.c:748) RPI5VC4: report #19 fence=19 node=0
[   55.762201] (\drivers\directx\dxgkrnl\vidsch.c:385) VidSch kick #20 fence=20 node=0 size=64
[   55.770527] (\drivers\directx\rpi5vc4\rpi5vc4_wddm.c:1913) RPI5VC4: submit queued fence=20 node=0 bcl=01198000..011981c0
[   55.781379] (\drivers\directx\rpi5vc4\rpi5vc4_wddm.c:295) RPI5VC4: CL kick fence=20 bcl=01198000..011981c0 rcl=01227000..012270a8 qma=0121d000 qms=8000 qts=01225000
[   55.796036] (\drivers\directx\dxgkrnl\vidsch.c:213) VidSch comp #19 done=19 state=1 pending=755
[   56.102963] (\drivers\directx\rpi5vc4\rpi5vc4_wddm.c:433) RPI5VC4: V3D job fence=20 timed out — completing (TDR)
[   56.113932] (\drivers\directx\rpi5vc4\rpi5vc4_v3d.c:294) RPI5VC4: reset ERR_STAT after clear=00001000
[   56.120260] (\drivers\directx\rpi5vc4\rpi5vc4_wddm.c:626) RPI5VC4: TDR resetting V3D core: ok
[   56.128768] (\drivers\directx\rpi5vc4\rpi5vc4_wddm.c:748) RPI5VC4: report #20 fence=20 node=0
[   56.137268] (\drivers\directx\dxgkrnl\vidsch.c:385) VidSch kick #21 fence=21 node=0 size=64
[   56.145596] (\drivers\directx\rpi5vc4\rpi5vc4_wddm.c:1913) RPI5VC4: submit queued fence=21 node=0 bcl=0121a000..0121a1c0
[   56.156444] (\drivers\directx\rpi5vc4\rpi5vc4_wddm.c:295) RPI5VC4: CL kick fence=21 bcl=0121a000..0121a1c0 rcl=01227000..012270a8 qma=0121d000 qms=8000 qts=01225000
[   56.171105] (\drivers\directx\dxgkrnl\vidsch.c:213) VidSch comp #20 done=20 state=1 pending=754
[   56.180782] (\drivers\directx\rpi5vc4\rpi5vc4_wddm.c:337) RPI5VC4: kick fence=21 ERR_STAT=00001000
[   56.188799] (\drivers\directx\rpi5vc4\rpi5vc4_wddm.c:748) RPI5VC4: report #21 fence=21 node=0
[   56.197220] (\drivers\directx\dxgkrnl\vidsch.c:385) VidSch kick #22 fence=22 node=0 size=64
[   56.205548] (\drivers\directx\rpi5vc4\rpi5vc4_wddm.c:1913) RPI5VC4: submit queued fence=22 node=0 bcl=01198000..011981c0
[   56.216402] (\drivers\directx\rpi5vc4\rpi5vc4_wddm.c:295) RPI5VC4: CL kick fence=22 bcl=01198000..011981c0 rcl=01227000..012270a8 qma=0121d000 qms=8000 qts=01225000
[   56.231059] (\drivers\directx\dxgkrnl\vidsch.c:213) VidSch comp #21 done=21 state=1 pending=753
[   56.537986] (\drivers\directx\rpi5vc4\rpi5vc4_wddm.c:433) RPI5VC4: V3D job fence=22 timed out — completing (TDR)
[   56.548955] (\drivers\directx\rpi5vc4\rpi5vc4_v3d.c:294) RPI5VC4: reset ERR_STAT after clear=00001000
[   56.555283] (\drivers\directx\rpi5vc4\rpi5vc4_wddm.c:626) RPI5VC4: TDR resetting V3D core: ok
[   56.563791] (\drivers\directx\rpi5vc4\rpi5vc4_wddm.c:748) RPI5VC4: report #22 fence=22 node=0
[   56.572291] (\drivers\directx\dxgkrnl\vidsch.c:385) VidSch kick #23 fence=23 node=0 size=64
[   56.580619] (\drivers\directx\rpi5vc4\rpi5vc4_wddm.c:1913) RPI5VC4: submit queued fence=23 node=0 bcl=0121a000..0121a1c0
[   56.591467] (\drivers\directx\rpi5vc4\rpi5vc4_wddm.c:295) RPI5VC4: CL kick fence=23 bcl=0121a000..0121a1c0 rcl=01227000..012270a8 qma=0121d000 qms=8000 qts=01225000
[   56.606128] (\drivers\directx\dxgkrnl\vidsch.c:213) VidSch comp #22 done=22 state=1 pending=752
[   56.615806] (\drivers\directx\rpi5vc4\rpi5vc4_wddm.c:337) RPI5VC4: kick fence=23 ERR_STAT=00001000
[   56.623822] (\drivers\directx\rpi5vc4\rpi5vc4_wddm.c:748) RPI5VC4: report #23 fence=23 node=0
[   56.632244] (\drivers\directx\dxgkrnl\vidsch.c:385) VidSch kick #24 fence=24 node=0 size=64
[   56.640572] (\drivers\directx\rpi5vc4\rpi5vc4_wddm.c:1913) RPI5VC4: submit queued fence=24 node=0 bcl=01198000..011981c0
[   56.651426] (\drivers\directx\rpi5vc4\rpi5vc4_wddm.c:295) RPI5VC4: CL kick fence=24 bcl=01198000..011981c0 rcl=01227000..012270a8 qma=0121d000 qms=8000 qts=01225000
[   56.666083] (\drivers\directx\dxgkrnl\vidsch.c:213) VidSch comp #23 done=23 state=1 pending=751
[   56.973007] (\drivers\directx\rpi5vc4\rpi5vc4_wddm.c:433) RPI5VC4: V3D job fence=24 timed out — completing (TDR)
[   56.983976] (\drivers\directx\rpi5vc4\rpi5vc4_v3d.c:294) RPI5VC4: reset ERR_STAT after clear=00001000
[   56.990303] (\drivers\directx\rpi5vc4\rpi5vc4_wddm.c:626) RPI5VC4: TDR resetting V3D core: ok
[   56.998811] (\drivers\directx\rpi5vc4\rpi5vc4_wddm.c:748) RPI5VC4: report #24 fence=24 node=0
[   57.007311] (\drivers\directx\dxgkrnl\vidsch.c:385) VidSch kick #25 fence=25 node=0 size=64
[   57.015639] (\drivers\directx\rpi5vc4\rpi5vc4_wddm.c:1913) RPI5VC4: submit queued fence=25 node=0 bcl=0121a000..0121a1c0
[   57.026487] (\drivers\directx\rpi5vc4\rpi5vc4_wddm.c:295) RPI5VC4: CL kick fence=25 bcl=0121a000..0121a1c0 rcl=01227000..012270a8 qma=0121d000 qms=8000 qts=01225000
[   57.041148] (\drivers\directx\dxgkrnl\vidsch.c:213) VidSch comp #24 done=24 state=1 pending=750
[   57.050826] (\drivers\directx\rpi5vc4\rpi5vc4_wddm.c:337) RPI5VC4: kick fence=25 ERR_STAT=00001000
[   57.058841] (\drivers\directx\rpi5vc4\rpi5vc4_wddm.c:748) RPI5VC4: report #25 fence=25 node=0
[   57.067264] (\drivers\directx\dxgkrnl\vidsch.c:385) VidSch kick #26 fence=26 node=0 size=64
[   57.075592] (\drivers\directx\rpi5vc4\rpi5vc4_wddm.c:1913) RPI5VC4: submit queued fence=26 node=0 bcl=01198000..011981c0
[   57.086446] (\drivers\directx\rpi5vc4\rpi5vc4_wddm.c:295) RPI5VC4: CL kick fence=26 bcl=01198000..011981c0 rcl=01227000..012270a8 qma=0121d000 qms=8000 qts=01225000
[   57.101103] (\drivers\directx\dxgkrnl\vidsch.c:213) VidSch comp #25 done=25 state=1 pending=749
[   57.134814] (\drivers\directx\dxgkrnl\adapter.c:249) DXGKRNL: ERROR: DxgkpTdrWorker: GPU timeout — fence 520 stuck on adapter FFFFB21A023C8B60
[   57.144883] (\drivers\directx\dxgkrnl\vidsch.c:213) VidSch comp #26 done=25 state=4 pending=749
[   57.225909] (\win32ss\drivers\wddm\wddm_bridge.c:408) WddmBridgeSendIoctl: IOCTL 0x002305C0 failed with 0x80000011 (x3072)
[   57.252926] (\drivers\directx\dxgkrnl\adapter.c:270) DXGKRNL: ERROR: DxgkpTdrWorker: preemption recovered adapter FFFFB21A023C8B60 (fence 520 -> 25), skipping reset
[   57.408067] (\drivers\directx\rpi5vc4\rpi5vc4_wddm.c:433) RPI5VC4: V3D job fence=26 timed out — completing (TDR)
[   57.417382] (\drivers\directx\rpi5vc4\rpi5vc4_v3d.c:294) RPI5VC4: reset ERR_STAT after clear=00001000
[   57.424722] (\drivers\directx\rpi5vc4\rpi5vc4_wddm.c:626) RPI5VC4: TDR resetting V3D core: ok
[   57.433237] (\drivers\directx\rpi5vc4\rpi5vc4_wddm.c:748) RPI5VC4: report #26 fence=26 node=0
[   57.441731] (\drivers\directx\dxgkrnl\vidsch.c:385) VidSch kick #27 fence=27 node=0 size=64
[   57.450059] (\drivers\directx\rpi5vc4\rpi5vc4_wddm.c:1913) RPI5VC4: submit queued fence=27 node=0 bcl=0121a000..0121a1c0
[   57.460909] (\drivers\directx\rpi5vc4\rpi5vc4_wddm.c:295) RPI5VC4: CL kick fence=27 bcl=0121a000..0121a1c0 rcl=01227000..012270a8 qma=0121d000 qms=8000 qts=01225000
[   57.475569] (\drivers\directx\dxgkrnl\vidsch.c:213) VidSch comp #27 done=26 state=1 pending=748
[   57.485248] (\drivers\directx\rpi5vc4\rpi5vc4_wddm.c:337) RPI5VC4: kick fence=27 ERR_STAT=00001000
[   57.493336] (\drivers\directx\rpi5vc4\rpi5vc4_wddm.c:748) RPI5VC4: report #27 fence=27 node=0
[   57.501685] (\drivers\directx\dxgkrnl\vidsch.c:385) VidSch kick #28 fence=28 node=0 size=64
[   57.510011] (\drivers\directx\rpi5vc4\rpi5vc4_wddm.c:1913) RPI5VC4: submit queued fence=28 node=0 bcl=01198000..011981c0
[   57.520857] (\drivers\directx\rpi5vc4\rpi5vc4_wddm.c:295) RPI5VC4: CL kick fence=28 bcl=01198000..011981c0 rcl=01227000..012270a8 qma=0121d000 qms=8000 qts=01225000
[   57.535517] (\drivers\directx\dxgkrnl\vidsch.c:213) VidSch comp #28 done=27 state=1 pending=747
[   57.842442] (\drivers\directx\rpi5vc4\rpi5vc4_wddm.c:433) RPI5VC4: V3D job fence=28 timed out — completing (TDR)
[   57.851756] (\drivers\directx\rpi5vc4\rpi5vc4_v3d.c:294) RPI5VC4: reset ERR_STAT after clear=00001000
[   57.859097] (\drivers\directx\rpi5vc4\rpi5vc4_wddm.c:626) RPI5VC4: TDR resetting V3D core: ok
[   57.867611] (\drivers\directx\rpi5vc4\rpi5vc4_wddm.c:748) RPI5VC4: report #28 fence=28 node=0
[   57.876106] (\drivers\directx\dxgkrnl\vidsch.c:385) VidSch kick #29 fence=29 node=0 size=64
[   57.884433] (\drivers\directx\rpi5vc4\rpi5vc4_wddm.c:1913) RPI5VC4: submit queued fence=29 node=0 bcl=0121a000..0121a1c0
[   57.895284] (\drivers\directx\rpi5vc4\rpi5vc4_wddm.c:295) RPI5VC4: CL kick fence=29 bcl=0121a000..0121a1c0 rcl=01227000..012270a8 qma=0121d000 qms=8000 qts=01225000
[   57.909943] (\drivers\directx\dxgkrnl\vidsch.c:213) VidSch comp #29 done=28 state=1 pending=746
[   57.919778] (\drivers\directx\rpi5vc4\rpi5vc4_wddm.c:748) RPI5VC4: report #29 fence=29 node=0
[   57.927123] (\drivers\directx\dxgkrnl\vidsch.c:385) VidSch kick #30 fence=30 node=0 size=64
[   57.935449] (\drivers\directx\rpi5vc4\rpi5vc4_wddm.c:1913) RPI5VC4: submit queued fence=30 node=0 bcl=01198000..011981c0
[   57.946300] (\drivers\directx\rpi5vc4\rpi5vc4_wddm.c:295) RPI5VC4: CL kick fence=30 bcl=01198000..011981c0 rcl=01227000..012270a8 qma=0121d000 qms=8000 qts=01225000
[   57.960958] (\drivers\directx\dxgkrnl\vidsch.c:213) VidSch comp #30 done=29 state=1 pending=745
[   58.267933] (\drivers\directx\rpi5vc4\rpi5vc4_wddm.c:433) RPI5VC4: V3D job fence=30 timed out — completing (TDR)
[   58.276352] (\drivers\directx\rpi5vc4\rpi5vc4_v3d.c:294) RPI5VC4: reset ERR_STAT after clear=00001000
[   58.284590] (\drivers\directx\rpi5vc4\rpi5vc4_wddm.c:626) RPI5VC4: TDR resetting V3D core: ok
[   58.293105] (\drivers\directx\rpi5vc4\rpi5vc4_wddm.c:748) RPI5VC4: report #30 fence=30 node=0
[   58.301599] (\drivers\directx\dxgkrnl\vidsch.c:385) VidSch kick #31 fence=31 node=0 size=64
[   58.309925] (\drivers\directx\rpi5vc4\rpi5vc4_wddm.c:1913) RPI5VC4: submit queued fence=31 node=0 bcl=0121a000..0121a1c0
[   58.320776] (\drivers\directx\rpi5vc4\rpi5vc4_wddm.c:295) RPI5VC4: CL kick fence=31 bcl=0121a000..0121a1c0 rcl=01227000..012270a8 qma=0121d000 qms=8000 qts=01225000
[   58.335436] (\drivers\directx\dxgkrnl\vidsch.c:213) VidSch comp #31 done=30 state=1 pending=744
[   58.345270] (\drivers\directx\rpi5vc4\rpi5vc4_wddm.c:748) RPI5VC4: report #31 fence=31 node=0
[   58.352615] (\drivers\directx\dxgkrnl\vidsch.c:385) VidSch kick #32 fence=32 node=0 size=64
[   58.360942] (\drivers\directx\rpi5vc4\rpi5vc4_wddm.c:1913) RPI5VC4: submit queued fence=32 node=0 bcl=01198000..011981c0
[   58.371793] (\drivers\directx\rpi5vc4\rpi5vc4_wddm.c:295) RPI5VC4: CL kick fence=32 bcl=01198000..011981c0 rcl=01227000..012270a8 qma=0121d000 qms=8000 qts=01225000
[   58.386450] (\drivers\directx\dxgkrnl\vidsch.c:213) VidSch comp #32 done=31 state=1 pending=743
[   58.559047] MESA: error: Draw call returned Invalid argument.  Expect corruption.
[   58.661422] (\win32ss\drivers\wddm\wddm_bridge.c:408) WddmBridgeSendIoctl: IOCTL 0x002305C0 failed with 0x80000011 (x4096)
[   58.693444] (\drivers\directx\rpi5vc4\rpi5vc4_wddm.c:433) RPI5VC4: V3D job fence=32 timed out — completing (TDR)
[   58.704415] (\drivers\directx\rpi5vc4\rpi5vc4_v3d.c:294) RPI5VC4: reset ERR_STAT after clear=00001000
[   58.710743] (\drivers\directx\rpi5vc4\rpi5vc4_wddm.c:626) RPI5VC4: TDR resetting V3D core: ok
[   58.719251] (\drivers\directx\rpi5vc4\rpi5vc4_wddm.c:748) RPI5VC4: report #32 fence=32 node=0
[   59.027956] (\drivers\directx\rpi5vc4\rpi5vc4_wddm.c:433) RPI5VC4: V3D job fence=33 timed out — completing (TDR)
[   59.038924] (\drivers\directx\rpi5vc4\rpi5vc4_v3d.c:294) RPI5VC4: reset ERR_STAT after clear=00001000
[   59.045252] (\drivers\directx\rpi5vc4\rpi5vc4_wddm.c:626) RPI5VC4: TDR resetting V3D core: ok
[   59.355011] (\drivers\directx\rpi5vc4\rpi5vc4_wddm.c:433) RPI5VC4: V3D job fence=35 timed out — completing (TDR)
[   59.364327] (\drivers\directx\rpi5vc4\rpi5vc4_v3d.c:294) RPI5VC4: reset ERR_STAT after clear=00001000
[   59.371667] (\drivers\directx\rpi5vc4\rpi5vc4_wddm.c:626) RPI5VC4: TDR resetting V3D core: ok
[   59.681424] (\drivers\directx\rpi5vc4\rpi5vc4_wddm.c:433) RPI5VC4: V3D job fence=37 timed out — completing (TDR)
[   59.692396] (\drivers\directx\rpi5vc4\rpi5vc4_v3d.c:294) RPI5VC4: reset ERR_STAT after clear=00001000
[   59.698724] (\drivers\directx\rpi5vc4\rpi5vc4_wddm.c:626) RPI5VC4: TDR resetting V3D core: ok
[   59.802292] (\win32ss\drivers\wddm\wddm_bridge.c:408) WddmBridgeSendIoctl: IOCTL 0x002305C0 failed with 0x80000011 (x5120)
[   60.008479] (\drivers\directx\rpi5vc4\rpi5vc4_wddm.c:433) RPI5VC4: V3D job fence=39 timed out — completing (TDR)
[   60.019450] (\drivers\directx\rpi5vc4\rpi5vc4_v3d.c:294) RPI5VC4: reset ERR_STAT after clear=00001000
[   60.025778] (\drivers\directx\rpi5vc4\rpi5vc4_wddm.c:626) RPI5VC4: TDR resetting V3D core: ok
[   60.335477] (\drivers\directx\rpi5vc4\rpi5vc4_wddm.c:433) RPI5VC4: V3D job fence=41 timed out — completing (TDR)
[   60.346446] (\drivers\directx\rpi5vc4\rpi5vc4_v3d.c:294) RPI5VC4: reset ERR_STAT after clear=00001000
[   60.352774] (\drivers\directx\rpi5vc4\rpi5vc4_wddm.c:626) RPI5VC4: TDR resetting V3D core: ok
[   60.662515] (\drivers\directx\rpi5vc4\rpi5vc4_wddm.c:433) RPI5VC4: V3D job fence=43 timed out — completing (TDR)
[   60.672830] (\drivers\directx\rpi5vc4\rpi5vc4_v3d.c:294) RPI5VC4: reset ERR_STAT after clear=00001000
[   60.679169] (\drivers\directx\rpi5vc4\rpi5vc4_wddm.c:626) RPI5VC4: TDR resetting V3D core: ok
[   60.908849] (\win32ss\drivers\wddm\wddm_bridge.c:408) WddmBridgeSendIoctl: IOCTL 0x002305C0 failed with 0x80000011 (x6144)
[   60.988919] (\drivers\directx\rpi5vc4\rpi5vc4_wddm.c:433) RPI5VC4: V3D job fence=45 timed out — completing (TDR)
[   60.999888] (\drivers\directx\rpi5vc4\rpi5vc4_v3d.c:294) RPI5VC4: reset ERR_STAT after clear=00001000
[   61.006216] (\drivers\directx\rpi5vc4\rpi5vc4_wddm.c:626) RPI5VC4: TDR resetting V3D core: ok
[   61.315919] (\drivers\directx\rpi5vc4\rpi5vc4_wddm.c:433) RPI5VC4: V3D job fence=47 timed out — completing (TDR)
[   61.326888] (\drivers\directx\rpi5vc4\rpi5vc4_v3d.c:294) RPI5VC4: reset ERR_STAT after clear=00001000
[   61.333216] (\drivers\directx\rpi5vc4\rpi5vc4_wddm.c:626) RPI5VC4: TDR resetting V3D core: ok
[   61.642925] (\drivers\directx\rpi5vc4\rpi5vc4_wddm.c:433) RPI5VC4: V3D job fence=49 timed out — completing (TDR)
[   61.653894] (\drivers\directx\rpi5vc4\rpi5vc4_v3d.c:294) RPI5VC4: reset ERR_STAT after clear=00001000
[   61.660222] (\drivers\directx\rpi5vc4\rpi5vc4_wddm.c:626) RPI5VC4: TDR resetting V3D core: ok
[   61.969932] (\drivers\directx\rpi5vc4\rpi5vc4_wddm.c:433) RPI5VC4: V3D job fence=51 timed out — completing (TDR)
[   61.980903] (\drivers\directx\rpi5vc4\rpi5vc4_v3d.c:294) RPI5VC4: reset ERR_STAT after clear=00001000
[   61.987230] (\drivers\directx\rpi5vc4\rpi5vc4_wddm.c:626) RPI5VC4: TDR resetting V3D core: ok
[   62.041762] (\win32ss\drivers\wddm\wddm_bridge.c:408) WddmBridgeSendIoctl: IOCTL 0x002305C0 failed with 0x80000011 (x7168)
[   62.296981] (\drivers\directx\rpi5vc4\rpi5vc4_wddm.c:433) RPI5VC4: V3D job fence=53 timed out — completing (TDR)
[   62.306296] (\drivers\directx\rpi5vc4\rpi5vc4_v3d.c:294) RPI5VC4: reset ERR_STAT after clear=00001000
[   62.313636] (\drivers\directx\rpi5vc4\rpi5vc4_wddm.c:626) RPI5VC4: TDR resetting V3D core: ok
[   62.623396] (\drivers\directx\rpi5vc4\rpi5vc4_wddm.c:433) RPI5VC4: V3D job fence=55 timed out — completing (TDR)
[   62.634364] (\drivers\directx\rpi5vc4\rpi5vc4_v3d.c:294) RPI5VC4: reset ERR_STAT after clear=00001000
[   62.640692] (\drivers\directx\rpi5vc4\rpi5vc4_wddm.c:626) RPI5VC4: TDR resetting V3D core: ok
[   62.933709] 775 frames in 10.0 seconds = 77.516 FPS
[   62.950405] (\drivers\directx\rpi5vc4\rpi5vc4_wddm.c:433) RPI5VC4: V3D job fence=57 timed out — completing (TDR)
[   62.961380] (\drivers\directx\rpi5vc4\rpi5vc4_v3d.c:294) RPI5VC4: reset ERR_STAT after clear=00001000
[   62.967708] (\drivers\directx\rpi5vc4\rpi5vc4_wddm.c:626) RPI5VC4: TDR resetting V3D core: ok
[   63.152378] (\win32ss\drivers\wddm\wddm_bridge.c:408) WddmBridgeSendIoctl: IOCTL 0x002305C0 failed with 0x80000011 (x8192)
[   63.276477] (\drivers\directx\rpi5vc4\rpi5vc4_wddm.c:433) RPI5VC4: V3D job fence=58 timed out — completing (TDR)
[   63.284899] (\drivers\directx\rpi5vc4\rpi5vc4_v3d.c:294) RPI5VC4: reset ERR_STAT after clear=00001000
[   63.293136] (\drivers\directx\rpi5vc4\rpi5vc4_wddm.c:626) RPI5VC4: TDR resetting V3D core: ok
[   63.536850] RPI5VC4: PV vblank latch timeout (INTSTAT semantics differ on silicon?) — disabling flip vblank waits
[   63.602894] (\drivers\directx\rpi5vc4\rpi5vc4_wddm.c:433) RPI5VC4: V3D job fence=60 timed out — completing (TDR)
[   63.611313] (\drivers\directx\rpi5vc4\rpi5vc4_v3d.c:294) RPI5VC4: reset ERR_STAT after clear=00001000
[   63.619551] (\drivers\directx\rpi5vc4\rpi5vc4_wddm.c:626) RPI5VC4: TDR resetting V3D core: ok
[   63.929308] (\drivers\directx\rpi5vc4\rpi5vc4_wddm.c:433) RPI5VC4: V3D job fence=62 timed out — completing (TDR)
[   63.940278] (\drivers\directx\rpi5vc4\rpi5vc4_v3d.c:294) RPI5VC4: reset ERR_STAT after clear=00001000
[   63.946606] (\drivers\directx\rpi5vc4\rpi5vc4_wddm.c:626) RPI5VC4: TDR resetting V3D core: ok
[   64.256369] (\drivers\directx\rpi5vc4\rpi5vc4_wddm.c:433) RPI5VC4: V3D job fence=64 timed out — completing (TDR)
[   64.267340] (\drivers\directx\rpi5vc4\rpi5vc4_v3d.c:294) RPI5VC4: reset ERR_STAT after clear=00001000
[   64.273667] (\drivers\directx\rpi5vc4\rpi5vc4_wddm.c:626) RPI5VC4: TDR resetting V3D core: ok
[   64.284181] (\win32ss\drivers\wddm\wddm_bridge.c:408) WddmBridgeSendIoctl: IOCTL 0x002305C0 failed with 0x80000011 (x9216)
[   64.583424] (\drivers\directx\rpi5vc4\rpi5vc4_wddm.c:433) RPI5VC4: V3D job fence=66 timed out — completing (TDR)
[   64.594394] (\drivers\directx\rpi5vc4\rpi5vc4_v3d.c:294) RPI5VC4: reset ERR_STAT after clear=00001000
[   64.600722] (\drivers\directx\rpi5vc4\rpi5vc4_wddm.c:626) RPI5VC4: TDR resetting V3D core: ok
[   64.910469] (\drivers\directx\rpi5vc4\rpi5vc4_wddm.c:433) RPI5VC4: V3D job fence=68 timed out — completing (TDR)
[   64.920785] (\drivers\directx\rpi5vc4\rpi5vc4_v3d.c:294) RPI5VC4: reset ERR_STAT after clear=00001000
[   64.927125] (\drivers\directx\rpi5vc4\rpi5vc4_wddm.c:626) RPI5VC4: TDR resetting V3D core: ok
[   65.236872] (\drivers\directx\rpi5vc4\rpi5vc4_wddm.c:433) RPI5VC4: V3D job fence=70 timed out — completing (TDR)
[   65.247843] (\drivers\directx\rpi5vc4\rpi5vc4_v3d.c:294) RPI5VC4: reset ERR_STAT after clear=00001000
[   65.254171] (\drivers\directx\rpi5vc4\rpi5vc4_wddm.c:626) RPI5VC4: TDR resetting V3D core: ok
[   65.391768] (\win32ss\drivers\wddm\wddm_bridge.c:408) WddmBridgeSendIoctl: IOCTL 0x002305C0 failed with 0x80000011 (x10240)
[   65.563931] (\drivers\directx\rpi5vc4\rpi5vc4_wddm.c:433) RPI5VC4: V3D job fence=72 timed out — completing (TDR)
[   65.574899] (\drivers\directx\rpi5vc4\rpi5vc4_v3d.c:294) RPI5VC4: reset ERR_STAT after clear=00001000
[   65.581226] (\drivers\directx\rpi5vc4\rpi5vc4_wddm.c:626) RPI5VC4: TDR resetting V3D core: ok
[   65.890991] (\drivers\directx\rpi5vc4\rpi5vc4_wddm.c:433) RPI5VC4: V3D job fence=74 timed out — completing (TDR)
[   65.899410] (\drivers\directx\rpi5vc4\rpi5vc4_v3d.c:294) RPI5VC4: reset ERR_STAT after clear=00001000
[   65.907648] (\drivers\directx\rpi5vc4\rpi5vc4_wddm.c:626) RPI5VC4: TDR resetting V3D core: ok
[   66.217454] (\drivers\directx\rpi5vc4\rpi5vc4_wddm.c:433) RPI5VC4: V3D job fence=76 timed out — completing (TDR)
[   66.226771] (\drivers\directx\rpi5vc4\rpi5vc4_v3d.c:294) RPI5VC4: reset ERR_STAT after clear=00001000
[   66.234110] (\drivers\directx\rpi5vc4\rpi5vc4_wddm.c:626) RPI5VC4: TDR resetting V3D core: ok
[   66.497848] (\win32ss\drivers\wddm\wddm_bridge.c:408) WddmBridgeSendIoctl: IOCTL 0x002305C0 failed with 0x80000011 (x11264)
[   66.518845] RPI5VC4: present #5184 moves=0 dirty=1 flip=3 idx=2 scan=451ad000
[   66.543870] (\drivers\directx\rpi5vc4\rpi5vc4_wddm.c:433) RPI5VC4: V3D job fence=78 timed out — completing (TDR)
[   66.554840] (\drivers\directx\rpi5vc4\rpi5vc4_v3d.c:294) RPI5VC4: reset ERR_STAT after clear=00001000
[   66.561167] (\drivers\directx\rpi5vc4\rpi5vc4_wddm.c:626) RPI5VC4: TDR resetting V3D core: ok
[   66.870877] (\drivers\directx\rpi5vc4\rpi5vc4_wddm.c:433) RPI5VC4: V3D job fence=80 timed out — completing (TDR)
[   66.881846] (\drivers\directx\rpi5vc4\rpi5vc4_v3d.c:294) RPI5VC4: reset ERR_STAT after clear=00001000
[   66.888173] (\drivers\directx\rpi5vc4\rpi5vc4_wddm.c:626) RPI5VC4: TDR resetting V3D core: ok
[   67.197931] (\drivers\directx\rpi5vc4\rpi5vc4_wddm.c:433) RPI5VC4: V3D job fence=82 timed out — completing (TDR)
[   67.207245] (\drivers\directx\rpi5vc4\rpi5vc4_v3d.c:294) RPI5VC4: reset ERR_STAT after clear=00001000
[   67.214586] (\drivers\directx\rpi5vc4\rpi5vc4_wddm.c:626) RPI5VC4: TDR resetting V3D core: ok
[   67.524336] (\drivers\directx\rpi5vc4\rpi5vc4_wddm.c:433) RPI5VC4: V3D job fence=84 timed out — completing (TDR)
[   67.533654] (\drivers\directx\rpi5vc4\rpi5vc4_v3d.c:294) RPI5VC4: reset ERR_STAT after clear=00001000
[   67.540993] (\drivers\directx\rpi5vc4\rpi5vc4_wddm.c:626) RPI5VC4: TDR resetting V3D core: ok
[   67.630598] (\win32ss\drivers\wddm\wddm_bridge.c:408) WddmBridgeSendIoctl: IOCTL 0x002305C0 failed with 0x80000011 (x12288)
[   67.850748] (\drivers\directx\rpi5vc4\rpi5vc4_wddm.c:433) RPI5VC4: V3D job fence=86 timed out — completing (TDR)
[   67.861716] (\drivers\directx\rpi5vc4\rpi5vc4_v3d.c:294) RPI5VC4: reset ERR_STAT after clear=00001000
[   67.868044] (\drivers\directx\rpi5vc4\rpi5vc4_wddm.c:626) RPI5VC4: TDR resetting V3D core: ok
[   68.176751] (\drivers\directx\rpi5vc4\rpi5vc4_wddm.c:433) RPI5VC4: V3D job fence=87 timed out — completing (TDR)
[   68.187670] (\drivers\directx\rpi5vc4\rpi5vc4_v3d.c:294) RPI5VC4: reset ERR_STAT after clear=00001000
[   68.193998] (\drivers\directx\rpi5vc4\rpi5vc4_wddm.c:626) RPI5VC4: TDR resetting V3D core: ok
[   68.502704] (\drivers\directx\rpi5vc4\rpi5vc4_wddm.c:433) RPI5VC4: V3D job fence=88 timed out — completing (TDR)
[   68.512076] (\drivers\directx\rpi5vc4\rpi5vc4_v3d.c:294) RPI5VC4: reset ERR_STAT after clear=00001000
[   68.519361] (\drivers\directx\rpi5vc4\rpi5vc4_wddm.c:626) RPI5VC4: TDR resetting V3D core: ok
[   68.738042] (\win32ss\drivers\wddm\wddm_bridge.c:408) WddmBridgeSendIoctl: IOCTL 0x002305C0 failed with 0x80000011 (x13312)
[   68.828107] (\drivers\directx\rpi5vc4\rpi5vc4_wddm.c:433) RPI5VC4: V3D job fence=89 timed out — completing (TDR)
[   68.839076] (\drivers\directx\rpi5vc4\rpi5vc4_v3d.c:294) RPI5VC4: reset ERR_STAT after clear=00001000
[   68.845404] (\drivers\directx\rpi5vc4\rpi5vc4_wddm.c:626) RPI5VC4: TDR resetting V3D core: ok
[   69.155153] (\drivers\directx\rpi5vc4\rpi5vc4_wddm.c:433) RPI5VC4: V3D job fence=91 timed out — completing (TDR)
[   69.164467] (\drivers\directx\rpi5vc4\rpi5vc4_v3d.c:294) RPI5VC4: reset ERR_STAT after clear=00001000
[   69.171808] (\drivers\directx\rpi5vc4\rpi5vc4_wddm.c:626) RPI5VC4: TDR resetting V3D core: ok
[   69.481553] (\drivers\directx\rpi5vc4\rpi5vc4_wddm.c:433) RPI5VC4: V3D job fence=93 timed out — completing (TDR)
[   69.492521] (\drivers\directx\rpi5vc4\rpi5vc4_v3d.c:294) RPI5VC4: reset ERR_STAT after clear=00001000
[   69.498848] (\drivers\directx\rpi5vc4\rpi5vc4_wddm.c:626) RPI5VC4: TDR resetting V3D core: ok
[   69.808553] (\drivers\directx\rpi5vc4\rpi5vc4_wddm.c:433) RPI5VC4: V3D job fence=95 timed out — completing (TDR)
[   69.819526] (\drivers\directx\rpi5vc4\rpi5vc4_v3d.c:294) RPI5VC4: reset ERR_STAT after clear=00001000
[   69.825853] (\drivers\directx\rpi5vc4\rpi5vc4_wddm.c:626) RPI5VC4: TDR resetting V3D core: ok
[   69.870381] (\win32ss\drivers\wddm\wddm_bridge.c:408) WddmBridgeSendIoctl: IOCTL 0x002305C0 failed with 0x80000011 (x14336)
[   70.135559] (\drivers\directx\rpi5vc4\rpi5vc4_wddm.c:433) RPI5VC4: V3D job fence=97 timed out — completing (TDR)
[   70.143977] (\drivers\directx\rpi5vc4\rpi5vc4_v3d.c:294) RPI5VC4: reset ERR_STAT after clear=00001000
[   70.152215] (\drivers\directx\rpi5vc4\rpi5vc4_wddm.c:626) RPI5VC4: TDR resetting V3D core: ok
[   70.461966] (\drivers\directx\rpi5vc4\rpi5vc4_wddm.c:433) RPI5VC4: V3D job fence=99 timed out — completing (TDR)
[   70.472938] (\drivers\directx\rpi5vc4\rpi5vc4_v3d.c:294) RPI5VC4: reset ERR_STAT after clear=00001000
[   70.479266] (\drivers\directx\rpi5vc4\rpi5vc4_wddm.c:626) RPI5VC4: TDR resetting V3D core: ok
[   70.789022] (\drivers\directx\rpi5vc4\rpi5vc4_wddm.c:433) RPI5VC4: V3D job fence=101 timed out — completing (TDR)
[   70.798427] (\drivers\directx\rpi5vc4\rpi5vc4_v3d.c:294) RPI5VC4: reset ERR_STAT after clear=00001000
[   70.805766] (\drivers\directx\rpi5vc4\rpi5vc4_wddm.c:626) RPI5VC4: TDR resetting V3D core: ok
[   70.976448] (\win32ss\drivers\wddm\wddm_bridge.c:408) WddmBridgeSendIoctl: IOCTL 0x002305C0 failed with 0x80000011 (x15360)
[   71.115566] (\drivers\directx\rpi5vc4\rpi5vc4_wddm.c:433) RPI5VC4: V3D job fence=103 timed out — completing (TDR)
[   71.124967] (\drivers\directx\rpi5vc4\rpi5vc4_v3d.c:294) RPI5VC4: reset ERR_STAT after clear=00001000
[   71.132307] (\drivers\directx\rpi5vc4\rpi5vc4_wddm.c:626) RPI5VC4: TDR resetting V3D core: ok
[   71.442065] (\drivers\directx\rpi5vc4\rpi5vc4_wddm.c:433) RPI5VC4: V3D job fence=105 timed out — completing (TDR)
[   71.453120] (\drivers\directx\rpi5vc4\rpi5vc4_v3d.c:294) RPI5VC4: reset ERR_STAT after clear=00001000
[   71.459448] (\drivers\directx\rpi5vc4\rpi5vc4_wddm.c:626) RPI5VC4: TDR resetting V3D core: ok
[   71.676365] 2 frames in 8.8 seconds =  0.228 FPS
[   71.769169] (\drivers\directx\rpi5vc4\rpi5vc4_wddm.c:433) RPI5VC4: V3D job fence=107 timed out — completing (TDR)
[   71.777681] (\drivers\directx\rpi5vc4\rpi5vc4_v3d.c:294) RPI5VC4: reset ERR_STAT after clear=00001000
[   71.785917] (\drivers\directx\rpi5vc4\rpi5vc4_wddm.c:626) RPI5VC4: TDR resetting V3D core: ok
[   72.088678] (\win32ss\drivers\wddm\wddm_bridge.c:408) WddmBridgeSendIoctl: IOCTL 0x002305C0 failed with 0x80000011 (x16384)
[   72.094668] (\drivers\directx\rpi5vc4\rpi5vc4_wddm.c:433) RPI5VC4: V3D job fence=108 timed out — completing (TDR)
[   72.108289] (\drivers\directx\rpi5vc4\rpi5vc4_v3d.c:294) RPI5VC4: reset ERR_STAT after clear=00001000
[   72.116530] (\drivers\directx\rpi5vc4\rpi5vc4_wddm.c:626) RPI5VC4: TDR resetting V3D core: ok
[   72.426325] (\drivers\directx\rpi5vc4\rpi5vc4_wddm.c:433) RPI5VC4: V3D job fence=110 timed out — completing (TDR)
[   72.436728] (\drivers\directx\rpi5vc4\rpi5vc4_v3d.c:294) RPI5VC4: reset ERR_STAT after clear=00001000
[   72.443067] (\drivers\directx\rpi5vc4\rpi5vc4_wddm.c:626) RPI5VC4: TDR resetting V3D core: ok
[   72.752812] (\drivers\directx\rpi5vc4\rpi5vc4_wddm.c:433) RPI5VC4: V3D job fence=112 timed out — completing (TDR)
[   72.762216] (\drivers\directx\rpi5vc4\rpi5vc4_v3d.c:294) RPI5VC4: reset ERR_STAT after clear=00001000
[   72.769556] (\drivers\directx\rpi5vc4\rpi5vc4_wddm.c:626) RPI5VC4: TDR resetting V3D core: ok
[