
  1.67 RPi: BOOTSYS release VERSION:2226a853 DATE: 2025/12/08 TIME: 19:29:54
  1.67 BOOTMODE: 0x06 partition 0 build-ts BUILD_TIMESTAMP=1765222194 serial 09a00d1d boardrev d04171 stc 1675547
  1.68 AON_RESET: 00000003 PM_RSTS 00001000
  1.68 POWER_OFF_ON_HALT: 0 WAIT_FOR_POWER_BUTTON 0 power-on-reset 1
  1.69 RP1_BOOT chip ID: 0x20001927
  1.70 PCIEx1: PWR 0 DET_WAKE 0
  1.70 part 00000000 reset_info 00000000
  1.70 PMIC reset-event 00000000 rtc 00000001 alarm 00000000 enabled 0
  1.71 uSD voltage 3.3V
  1.71 SDRAM_CONFIG: 14
  1.71 Initialising SDRAM rank 2 total-size: 64 Gbit 4267 (0x14 0x14)
  1.72 DDR 4267 1 0 64 152 BL:1
  2.44 RP1 FW: load 0
  2.46 RP1_BOOT chip ID: 0x20001927
  3.69 RP1 FW: load 1
  4.12 OTP boardrev d04171 bootrom a a
  4.12 Customer key hash 0000000000000000000000000000000000000000000000000000000000000000
  4.13 VC-JTAG unlocked
  4.15 RP1_BOOT chip ID: 0x20001927

  4.79 PCI2 init
  4.79 PCI2 reset
  4.83 PCIe scan 00001de4:00000001
  4.83 RP1_CHIP_INFO 20001927

  4.83 RPi: BOOTLOADER release VERSION:2226a853 DATE: 2025/12/08 TIME: 19:29:54
  4.84 BOOTMODE: 0x06 partition 0 build-ts BUILD_TIMESTAMP=1765222194 serial 09a00d1d boardrev d04171 stc 4845678
  4.85 PCIEx1: PWR 0 DET_WAKE 0
  4.58 M.2 PCIe HAT not detected.
  4.88 usb_pd_init status 1
  4.88 XHCI-STOP
  4.88 xHC0 ver: 272 HCS: 03000440 140000f1 07ff000a HCC: 0240fe6d
  4.89 USBSTS 11
  4.89 xHC0 ver: 272 HCS: 03000440 140000f1 07ff000a HCC: 0240fe6d
  4.89 xHC0 ports 3 slots 64 intrs 4
  4.91 XHCI-STOP
  4.91 xHC1 ver: 272 HCS: 03000440 140000f1 07ff000a HCC: 0240fe6d
  4.91 USBSTS 1
  4.91 xHC1 ver: 272 HCS: 03000440 140000f1 07ff000a HCC: 0240fe6d
  4.92 xHC1 ports 3 slots 64 intrs 4
  4.97 SD_OC: 0
  4.70 Boot mode: USB-MSD (04) order f1
  4.72 USB2[2] 00020ae1 connected
  5.25 USB2[2] 00200a03 connected enabled
  5.26 USB2 root HUB port 2 init
  5.04 DEV [01:00] 2.00 000000:02 class 0 VID 413c PID 301a
  5.74 USB3[3] 00021203 connected enabled
  5.75 USB3 root HUB port 3 init
  5.08 DEV [02:00] 3.32 000000:03 class 0 VID 0781 PID 5581
  5.08 MSD device [02:00] 3.32 000000:03 conf 0 iface 0 ep 81#1024 02#1024
  5.91 MSD [02:00] 3.32 000000:03 register MSD
  5.10 USB3[3] 00021203 connected enabled
  5.11 USB3 root HUB port 3 init
  5.31 DEV [01:00] 3.32 000000:03 class 0 VID 0781 PID 5591
  5.31 MSD device [01:00] 3.32 000000:03 conf 0 iface 0 ep 81#1024 02#1024
  5.26 MSD [01:00] 3.32 000000:03 register MSD
  5.49 XHCI-STOP
  5.49 xHC0 ver: 272 HCS: 03000440 140000f1 07ff000a HCC: 0240fe6d
  5.49 USBSTS 18
  5.49 XHCI-STOP
  5.49 xHC1 ver: 272 HCS: 03000440 140000f1 07ff000a HCC: 0240fe6d
  5.50 USBSTS 18
  5.51 XHCI-STOP
  5.51 xHC0 ver: 272 HCS: 03000440 140000f1 07ff000a HCC: 0240fe6d
  5.51 USBSTS 19
  5.51 xHC0 ver: 272 HCS: 03000440 140000f1 07ff000a HCC: 0240fe6d
  5.52 xHC0 ports 3 slots 64 intrs 4
  5.53 XHCI-STOP
  5.53 xHC1 ver: 272 HCS: 03000440 140000f1 07ff000a HCC: 0240fe6d
  5.54 USBSTS 19
  5.54 xHC1 ver: 272 HCS: 03000440 140000f1 07ff000a HCC: 0240fe6d
  5.54 xHC1 ports 3 slots 64 intrs 4
  5.55 USB2[2] 00020ae1 connected
  5.05 USB2[2] 00200a03 connected enabled
  5.06 USB2 root HUB port 2 init
  5.62 DEV [01:00] 2.00 000000:02 class 0 VID 413c PID 301a
  5.33 USB3[3] 002a1203 connected enabled
  5.34 USB3 root HUB port 3 init
  5.63 DEV [02:00] 3.32 000000:03 class 0 VID 0781 PID 5581
  5.64 MSD device [02:00] 3.32 000000:03 conf 0 iface 0 ep 81#1024 02#1024
  5.49 MSD [02:00] 3.32 000000:03 register MSD
  5.53 MSD [02:00] 3.32 000000:03 LUN 0
  5.57 USB3[3] 002a1203 connected enabled
  5.60 USB3 root HUB port 3 init
  5.64 MSD READ_CAPACITY [02:00] 3.32 000000:03 lun 0 block-count 121024512 block-size 512
  5.67 DEV [01:00] 3.32 000000:03 class 0 VID 0781 PID 5591
  5.67 MSD device [01:00] 3.32 000000:03 conf 0 iface 0 ep 81#1024 02#1024
  5.68 MBR: 0x00000800, 1570816 type: 0xef
  5.68 MBR: 0x00000000,       0 type: 0x00
  5.69 MBR: 0x00000000,       0 type: 0x00
  5.69 MBR: 0x00000000,       0 type: 0x00
  5.99 MSD [01:00] 3.32 000000:03 register MSD
  5.03 Trying partition: 0
  5.06 type: 32 lba: 2048 'mkfs.fat' ' NO NAME    ' clusters 195964 (8)
  5.71 rsc 32 fat-sectors 1536 root dir cluster 2 sectors 0 entries 0
  5.71 FAT32 clusters 195964
  5.72 [MSD [02:00] 3.32 000000:03] autoboot.txt not found
  5.72 Select partition rsts 0 C(boot_partition) 0 EEPROM config 0 result 1
  5.34 Trying partition: 1
  5.37 type: 32 lba: 2048 'mkfs.fat' ' NO NAME    ' clusters 195959 (8)
  5.74 rsc 32 fat-sectors 1536 root dir cluster 2 sectors 0 entries 0
  5.74 FAT32 clusters 195959
  5.54 Read config.txt bytes      976 hnd 0xd04
  5.75 [MSD [02:00] 3.32 000000:03] pieeprom.upd not found
  5.61 usb_max_current_enable forced to 1
  5.77 MESS:00:00:05.776686:0: *** Restart logging
  5.78 Read /config.txt bytes      976 hnd 0xd04
  6.83 PCI1 reset
  6.84 PCI2 reset
  6.85 set_reboot_order 0
  6.85 set_reboot_arg1 0
  6.85 USB-OTG disconnect
  6.90 MESS:00:00:06.902530:0: Starting OS 6902 ms
  6.90 MESS:00:00:06.908052:0: 00000040: -> 00000480
  6.90 MESS:00:00:06.909903:0: 00000030: -> 00100080
  6.91 MESS:00:00:06.914615:0: 00000034: -> 00100080
  6.91 MESS:00:00:06.919329:0: 00000038: -> 00100080
  6.92 MESS:00:00:06.924041:0: 0000003c: -> 00100080

NOTICE:  BL31: v2.13.0(release):v2.13.0-304-g000fe221b
NOTICE:  BL31: Built : 19:45:01, Jul 17 2025
UEFI firmware (version EDK2-DEV built at 20:07:13 on Jun 21 2026)
[2J[004D[=3h[2J[009DESC (setup), F1 (shell), ENTER (boot)
[*] Boot menu prompt detected; sending enter
......[EUART] init: override=0x0000000000000000 override-interface=unknown
[EUART] detect: begin
[EUART] SPCR: search
[EUART] SPCR: not found
[EUART] DBG2: search
[EUART] DBG2: rev=0x00 len=0x00000061 oem=RPIFDN table=RPI5 oemrev=0x00000200 creator=EDK2 creatorrev=0x00000300
[EUART] DBG2: count=1 offset=0x0000002C length=0x00000061
[EUART] DBG2: entry 0 type=0x8000 subtype=0x0003 regs=1 baroff=0x0016 name=\_SB.SOCB.URT0 oemdata-len=0x0000
[EUART] DBG2: GAS space=0x00 addr=0x000000107D001000
[EUART] DBG2: interface=pl011
[EUART] detect: base=0x000000107D001000 interface=pl011 ready=0
[EUART] init: done base=0x000000107D001000 interface=pl011 ready=1
[EUART] init: already initialized base=0x000000107D001000 interface=pl011 ready=1
(\boot\freeldr\freeldr\arch\uefi\uefimem.c:273) trace: UefiMemGetMemoryMap: Gather memory map
(\boot\freeldr\freeldr\arch\uefi\uefimem.c:285) trace: Value of MapKey: 5700
(\boot\freeldr\freeldr\arch\uefi\uefimem.c:286) trace: Value of MapSize: 4560
(\boot\freeldr\freeldr\arch\uefi\uefimem.c:287) trace: Value of DescriptorSize: 48
(\boot\freeldr\freeldr\arch\uefi\uefimem.c:288) trace: Value of DescriptorVersion: 1
(\boot\freeldr\freeldr\arch\uefi\uefidisk.c:1058) trace: Found boot handle at index 1
(\boot\freeldr\freeldr\arch\uefi\uefidisk.c:1071) trace: Boot handle: LogicalPartition=TRUE, RemovableMedia=TRUE, BlockSize=512
(\boot\freeldr\freeldr\arch\uefi\uefidisk.c:1129) trace: Found root block device at index 0: BlockSize=512, LastBlock=121024511
(\boot\freeldr\freeldr\arch\uefi\uefidisk.c:1151) trace: Calling GetHarddiskInformation for drive 128 (BlockDeviceIndex=0)
(\boot\freeldr\freeldr\disk\disk.c:102) trace: DiskInitialize(0x80, 'multi(0)disk(0)rdisk(0)', Type: 25)
(\boot\freeldr\freeldr\disk\disk.c:130) trace: Signature: 0
(\boot\freeldr\freeldr\disk\disk.c:139) trace: Checksum: 4d3b9ec2
(\boot\freeldr\freeldr\disk\disk.c:142) trace: IsPartitionValid: TRUE
(\boot\freeldr\freeldr\lib\fs\fs.c:673) trace: FsRegisterDevice(multi(0)disk(0)rdisk(0)partition(0))
(\boot\freeldr\freeldr\disk\partition.c:82) trace: Drive 0x80 partition type MBR
(\boot\freeldr\freeldr\lib\fs\fs.c:673) trace: FsRegisterDevice(multi(0)disk(0)rdisk(0)partition(1))
(\boot\freeldr\freeldr\arch\uefi\uefidisk.c:976) trace: Identifier: 4d3b9ec2-00000000-A
(\boot\freeldr\freeldr\arch\uefi\uefidisk.c:1123) trace: Skipping logical partition handle 1
(\boot\freeldr\freeldr\arch\uefi\uefidisk.c:1129) trace: Found root block device at index 2: BlockSize=512, LastBlock=240353279
(\boot\freeldr\freeldr\arch\uefi\uefidisk.c:1151) trace: Calling GetHarddiskInformation for drive 129 (BlockDeviceIndex=1)
(\boot\freeldr\freeldr\disk\disk.c:102) trace: DiskInitialize(0x81, 'multi(0)disk(0)rdisk(1)', Type: 25)
(\boot\freeldr\freeldr\disk\disk.c:130) trace: Signature: 0
(\boot\freeldr\freeldr\disk\disk.c:139) trace: Checksum: 55bbc18b
(\boot\freeldr\freeldr\disk\disk.c:142) trace: IsPartitionValid: TRUE
(\boot\freeldr\freeldr\disk\disk.c:163) trace: Disk 0x81 is GPT, DiskGuid: {9df3f58f-f8ad-4f63-9de5-0e0a91c4e2a0}
(\boot\freeldr\freeldr\lib\fs\fs.c:673) trace: FsRegisterDevice(multi(0)disk(0)rdisk(1)partition(0))
(\boot\freeldr\freeldr\disk\partition.c:82) trace: Drive 0x81 partition type GPT
(\boot\freeldr\freeldr\lib\fs\fs.c:673) trace: FsRegisterDevice(multi(0)disk(0)rdisk(1)partition(1))
(\boot\freeldr\freeldr\lib\fs\fs.c:673) trace: FsRegisterDevice(multi(0)disk(0)rdisk(1)partition(2))
(\boot\freeldr\freeldr\lib\fs\fs.c:673) trace: FsRegisterDevice(multi(0)disk(0)rdisk(1)partition(3))
(\boot\freeldr\freeldr\arch\uefi\uefidisk.c:976) trace: Identifier: 55bbc18b-00000000-A
(\boot\freeldr\freeldr\arch\uefi\uefidisk.c:1123) trace: Skipping logical partition handle 3
(\boot\freeldr\freeldr\arch\uefi\uefidisk.c:1123) trace: Skipping logical partition handle 4
(\boot\freeldr\freeldr\arch\uefi\uefidisk.c:1123) trace: Skipping logical partition handle 5
(\boot\freeldr\freeldr\arch\uefi\uefidisk.c:1173) trace: Boot handle is a logical partition, searching for parent root device
(\boot\freeldr\freeldr\arch\uefi\uefidisk.c:1176) trace: Boot partition: BlockSize=512, RemovableMedia=TRUE
(\boot\freeldr\freeldr\arch\uefi\uefidisk.c:1212) trace: Found boot parent device by device path at ARC drive index 0
(\boot\freeldr\freeldr\arch\uefi\uefidisk.c:1266) trace: Found 2 root block devices
(\boot\freeldr\freeldr\arch\uefi\uefidisk.c:1279) trace: UefiSetBootpath: Setting up boot path
(\boot\freeldr\freeldr\arch\uefi\uefidisk.c:1362) trace: Boot handle is logical partition, using partition 1
(\boot\freeldr\freeldr\arch\uefi\uefidisk.c:1377) trace: Boot path set to hard disk: multi(0)disk(0)rdisk(0)partition(1)
(\boot\freeldr\freeldr\arch\uefi\uefildr.c:88) trace: ExecuteLoaderCleanly Entry
(\boot\freeldr\freeldr\lib\fs\iso.c:595) trace: Enter IsoMount(0)
(\boot\freeldr\freeldr\lib\fs\iso.c:609) warn: Unrecognized CD-ROM format
(\boot\freeldr\freeldr\lib\fs\fat.c:1592) trace: Enter FatMount(0)
(\boot\freeldr\freeldr\lib\fs\fat.c:168) trace: FatOpenVolume() DeviceId = 0
(\boot\freeldr\freeldr\lib\fs\fat.c:181) trace: Dumping boot sector:
(\boot\freeldr\freeldr\lib\fs\fat.c:199) trace: sizeof(FAT32_BOOTSECTOR) = 0x200.
(\boot\freeldr\freeldr\lib\fs\fat.c:201) trace: JumpBoot: 0xeb 0xfe 0x90
(\boot\freeldr\freeldr\lib\fs\fat.c:202) trace: OemName: mkfs.fat
(\boot\freeldr\freeldr\lib\fs\fat.c:203) trace: BytesPerSector: 512
(\boot\freeldr\freeldr\lib\fs\fat.c:204) trace: SectorsPerCluster: 8
(\boot\freeldr\freeldr\lib\fs\fat.c:205) trace: ReservedSectors: 32
(\boot\freeldr\freeldr\lib\fs\fat.c:206) trace: NumberOfFats: 2
(\boot\freeldr\freeldr\lib\fs\fat.c:207) trace: RootDirEntries: 0
(\boot\freeldr\freeldr\lib\fs\fat.c:208) trace: TotalSectors: 0
(\boot\freeldr\freeldr\lib\fs\fat.c:209) trace: MediaDescriptor: 0xf8
(\boot\freeldr\freeldr\lib\fs\fat.c:210) trace: SectorsPerFat: 0
(\boot\freeldr\freeldr\lib\fs\fat.c:211) trace: SectorsPerTrack: 63
(\boot\freeldr\freeldr\lib\fs\fat.c:212) trace: NumberOfHeads: 32
(\boot\freeldr\freeldr\lib\fs\fat.c:213) trace: HiddenSectors: 2048
(\boot\freeldr\freeldr\lib\fs\fat.c:214) trace: TotalSectorsBig: 1570779
(\boot\freeldr\freeldr\lib\fs\fat.c:215) trace: SectorsPerFatBig: 1536
(\boot\freeldr\freeldr\lib\fs\fat.c:216) trace: ExtendedFlags: 0x0
(\boot\freeldr\freeldr\lib\fs\fat.c:217) trace: FileSystemVersion: 0x0
(\boot\freeldr\freeldr\lib\fs\fat.c:218) trace: RootDirStartCluster: 2
(\boot\freeldr\freeldr\lib\fs\fat.c:219) trace: FsInfo: 1
(\boot\freeldr\freeldr\lib\fs\fat.c:220) trace: BackupBootSector: 6
(\boot\freeldr\freeldr\lib\fs\fat.c:221) trace: Reserved: 0x2533b34
(\boot\freeldr\freeldr\lib\fs\fat.c:222) trace: DriveNumber: 0xff
(\boot\freeldr\freeldr\lib\fs\fat.c:223) trace: Reserved1: 0x0
(\boot\freeldr\freeldr\lib\fs\fat.c:224) trace: BootSignature: 0x29
(\boot\freeldr\freeldr\lib\fs\fat.c:225) trace: VolumeSerialNumber: 0x92b7b3a6
(\boot\freeldr\freeldr\lib\fs\fat.c:226) trace: VolumeLabel: NO NAME    
(\boot\freeldr\freeldr\lib\fs\fat.c:227) trace: FileSystemType: FAT32   
(\boot\freeldr\freeldr\lib\fs\fat.c:228) trace: BootSectorMagic: 0xaa55
(\boot\freeldr\freeldr\lib\fs\fat.c:361) trace: FAT cache is 512 sectors, 262144 bytes
(\boot\freeldr\freeldr\lib\fs\fat.c:1665) trace: FatMount(0) success
(\boot\freeldr\freeldr\lib\fs\fat.c:1426) trace: FatGetFileInformation(1) -> FileSize = 1293, FilePointer = 0x0
(\boot\freeldr\freeldr\bootmgr.c:282) trace: Argv[0]: '(null)'
(\boot\freeldr\freeldr\bootmgr.c:282) trace: Argv[1]: 'SystemPartition=multi(0)disk(0)rdisk(0)partition(1)'
(\boot\freeldr\freeldr\bootmgr.c:282) trace: Argv[2]: 'LoadIdentifier=ReactOS (Debug, SMP)'
(\boot\freeldr\freeldr\bootmgr.c:282) trace: Argv[3]: 'BootType=Windows2003'
(\boot\freeldr\freeldr\bootmgr.c:282) trace: Argv[4]: 'SystemPath=\ReactOS'
(\boot\freeldr\freeldr\bootmgr.c:282) trace: Argv[5]: 'Options=/HAL=hal.dll /KERNEL=ntkrnlmp.exe /DEBUG /DEBUGPORT=COM1 /BAUDRATE=115200 /SOS /FASTDETECT'
(\boot\freeldr\freeldr\lib\fs\fat.c:965) trace: FAT cache miss: read sector 0x239 from disk
(\boot\freeldr\freeldr\lib\fs\fat.c:965) trace: FAT cache miss: read sector 0x325 from disk
(\boot\freeldr\freeldr\lib\fs\fat.c:965) trace: FAT cache miss: read sector 0x36f from disk
(\boot\freeldr\freeldr\lib\fs\fat.c:965) trace: FAT cache miss: read sector 0x414 from disk
(\boot\freeldr\freeldr\lib\fs\fat.c:1426) trace: FatGetFileInformation(1) -> FileSize = 233472, FilePointer = 0x0
(\boot\freeldr\freeldr\lib\fs\fat.c:1426) trace: FatGetFileInformation(1) -> FileSize = 66082, FilePointer = 0x0
(\boot\freeldr\freeldr\lib\fs\fat.c:1426) trace: FatGetFileInformation(2) -> FileSize = 66594, FilePointer = 0x0
(\boot\freeldr\freeldr\lib\fs\fat.c:1426) trace: FatGetFileInformation(3) -> FileSize = 4870, FilePointer = 0x0
(\boot\freeldr\freeldr\lib\fs\fat.c:965) trace: FAT cache miss: read sector 0x240 from disk
(\boot\freeldr\freeldr\lib\fs\fat.c:965) trace: FAT cache miss: read sector 0x349 from disk
(\boot\freeldr\freeldr\lib\fs\fat.c:965) trace: FAT cache miss: read sector 0x34d from disk
(\boot\freeldr\freeldr\lib\fs\fat.c:965) trace: FAT cache miss: read sector 0x223 from disk
(\boot\freeldr\freeldr\arch\uefi\uefimem.c:273) trace: UefiMemGetMemoryMap: Gather memory map
(\boot\freeldr\freeldr\arch\uefi\uefimem.c:285) trace: Value of MapKey: 17318
(\boot\freeldr\freeldr\arch\uefi\uefimem.c:286) trace: Value of MapSize: 4752
(\boot\freeldr\freeldr\arch\uefi\uefimem.c:287) trace: Value of DescriptorSize: 48
(\boot\freeldr\freeldr\arch\uefi\uefimem.c:288) trace: Value of DescriptorVersion: 1
(\boot\freeldr\freeldr\arch\uefi\uefimem.c:420) trace: Attempting to exit bootsevices
(\boot\freeldr\freeldr\arch\uefi\uefimem.c:486) trace: Exited bootservices
(\boot\freeldr\freeldr\arch\arm64\mmu_v2.c:1124) trace: ARM64: Forcing va_bits from 36 to 47 for NT ARM64 page tables
[   12.775987] (\ntoskrnl\kd64\kdinit.c:94) -----------------------------------------------------
[   12.781711] (\ntoskrnl\kd64\kdinit.c:95) ReactOS 0.4.17-arm64-dev (Build 20260705-nt10.0-003-26-gfe90dcf) (Commit fe90dcff5ed47ffe266a87289933a34977d8b52f)
[   12.795593] (\ntoskrnl\kd64\kdinit.c:96) 1 System Processor [8166 MB Memory]
[   12.802621] (\ntoskrnl\kd64\kdinit.c:100) Command Line: HAL=HAL.DLL KERNEL=NTKRNLMP.EXE DEBUG DEBUGPORT=COM1 BAUDRATE=115200 SOS FASTDETECT
[   12.815115] (\ntoskrnl\kd64\kdinit.c:103) ARC Paths: multi(0)disk(0)rdisk(0)partition(1) \ multi(0)disk(0)rdisk(0)partition(1) \ReactOS\
[   12.827398] HAL: About to lookup FADT (signature=50434146)
[   12.832816] HAL: HalAcpiGetTable(FADT) returned FFFFFC000040B010
[   12.838808] (\hal\halarm64\acpi\rsdt.c:331) ACPI: XSDT 000000003dad4f18 00005c (v01 RPIFDN RPI5     00000200      01000013)
[   12.849911] (\hal\halarm64\acpi\rsdt.c:423) ACPI: FACP 000000003dad4b98 000114 (v06 RPIFDN RPI5     00000200 EDK2 00000300)
[   12.861016] (\hal\halarm64\acpi\rsdt.c:461) ACPI: DSDT 000000003ce90018 0015ea (v02 RPIFDN RPI5     00000002 INTL 20260408)
[   12.872121] (\hal\halarm64\acpi\rsdt.c:581) ACPI: BGRT 000000003dad4b18 000038 (v01 INTEL  EDK2     00000002      01000013)
[   12.883226] (\hal\halarm64\acpi\rsdt.c:581) ACPI: DBG2 000000003dad4e18 000061 (v00 RPIFDN RPI5     00000200 EDK2 00000300)
[   12.894332] (\hal\halarm64\acpi\rsdt.c:581) ACPI: GTDT 000000003dad4d18 000068 (v03 RPIFDN RPI5     00000200 EDK2 00000300)
[   12.905437] (\hal\halarm64\acpi\rsdt.c:581) ACPI: APIC 000000003dad4098 000184 (v05 RPIFDN RPI5     00000200 EDK2 00000300)
[   12.916543] (\hal\halarm64\acpi\rsdt.c:581) ACPI: [   12.921141] (\hal\halarm64\acpi\rsdt.c:581) ACPI: PPTT 000000003dad4318 000130 (v02 RPIFDN RPI5     00000200 EDK2 00000300)
[   12.932250] (\hal\halarm64\acpi\halacpi.c:2611) ACPI Timer resource unavailable (EXT: 0)
[   12.940323] (\hal\halarm64\acpi\halacpi.c:3065) ACPI v6.3-6.3_A detected. Tables: [XSDT] [FACP] [BGRT] [DBG2] [GTDT] [APIC] [ [PPTT]
[   12.952206] (\hal\halarm64\gic\gic_init.c:926) [arm64][GIC] GIC probe: PFR0.GIC=0 SRE=0 PIDR2=0x0000002b ARCHREV=2
[   12.962527] (\hal\halarm64\gic\gic_init.c:928) [arm64][GIC] Using GICv2 legacy (GICC) CPU interface
[   12.971551] (\hal\halarm64\gic\gic_init.c:538) [arm64][GIC] Initializing distributor (version=2, sysregs=0)
[   12.981268] (\hal\halarm64\gic\gic_init.c:551) [arm64][GIC] GICD typer=0x0000fc69 lines=320 nregs=10
[   12.990382] (\hal\halarm64\gic\gicv2.c:309) [arm64][GICv2] SPI targets set to CPU0
[   12.997926] (\hal\halarm64\gic\gicv2.c:119) [arm64][GICv2] Saved PPI enables: 0x0800ffff
[   13.005995] (\hal\halarm64\gic\gicv2.c:155) [arm64][GICv2] Restored PPI enables: 0x0800ffff
[   13.014324] (\hal\halarm64\gic\gicv2.c:159) [arm64][GICv2] SGI/PPI bank configured with preserved enables
[   13.023868] (\hal\halarm64\gic\gic_init.c:633) [arm64][GIC] Distributor initialized and enabled
[   13.032545] (\hal\halarm64\gic\gicv2.c:89) [arm64][GICv2] CPU interface initialized (PMR=0xFF, CTLR=0x3)
[   13.042001] (\hal\halarm64\gic\gic_init.c:822) [arm64][GIC] Version detection complete:
[   13.049983] (\hal\halarm64\gic\gic_init.c:823) [arm64][GIC]   Architecture: GICv2
[   13.057444] (\hal\halarm64\gic\gic_init.c:825) [arm64][GIC]   Interrupt lines: 320 (max SPI INTID: 319)
[   13.275168] (\ntoskrnl\mm\ARM3\largepag.c:37) MiInitializeLargePageSupport: PAE/x64 Not Implemented
[   13.282758] (\ntoskrnl\mm\ARM3\mminit.c:2235) Paged pool: 398 MB at FFFFC33CFC000000
[   13.291782] (\sdk\include\reactos\drivers\bootvid\framebuf.c:512) Display: loader UEFI GOP framebuffer 0x3F400000 size=8294400 1920x1080 stride=1920 bpp=32
[   13.302935] (\sdk\include\reactos\drivers\bootvid\framebuf.c:674) 
[   13.309092] Boot Display found on Interface 0, Bus 0
[   13.314040]     VideoRamAddress   : 0x3F400000
[   13.318462]     VideoRamSize      : 8294400
[   13.322627]     Version           : 1.3
[   13.326446]     VideoClock        : 0
[   13.330088] Framebuffer format:
[   13.333212]     BaseAddress       : 0x3F400000
[   13.337638]     ScreenWidth       : 1920
[   13.341541]     ScreenHeight      : 1080
[   13.345445]     PixelsPerScanLine : 1920
[   13.349350]     BitsPerPixel      : 32
[   13.353081]     ARGB masks:       : ff000000/00ff0000/0000ff00/000000ff
[   13.360715] (\drivers\base\bootvid\framebuf\bootvid.c:297) Scaling X = 2, Y = 2
[   13.366963] (\drivers\base\bootvid\framebuf\bootvid.c:304) Borders X = 320, Y = 60
[   13.383185] (\ntoskrnl\ke\arm64\stubs.c:653) [arm64] KeStartAllProcessors: Max=64 (numproc=0 bootproc=0)
[   13.389800] (\ntoskrnl\ke\arm64\stubs.c:738) [arm64] KeStartAllProcessors: Attempting to start CPU 1
[   13.398891] (\hal\halarm64\smp.c:315) [arm64][HAL] Identity-map page table: L0[0]→L1[0]→L2[2] block=0x400000 (trampoline PA=0x420000)
[   13.411207] (\hal\halarm64\smp.c:415) [arm64][HAL] AP trampoline initialized at PA=0x420000 VA=FFFFFC0000420000 size=448 idmap_ttbr0=0x500000
[   13.423873] (\hal\halarm64\smp.c:592) [arm64][HAL] Discovered 4 CPUs, parking protocol not available
[   13.433012] (\ntoskrnl\ke\arm64\stubs.c:771) [arm64] KeStartAllProcessors: CPU 1 started successfully
[   13.442198] (\ntoskrnl\ke\arm64\stubs.c:738) [arm64] KeStartAllProcessors: Attempting to start CPU 2
[   13.451327] (\ntoskrnl\ke\arm64\stubs.c:771) [arm64] KeStartAllProcessors: CPU 2 started successfully
[   13.460517] (\ntoskrnl\ke\arm64\stubs.c:738) [arm64] KeStartAllProcessors: Attempting to start CPU 3
[   13.469632] (\ntoskrnl\ke\arm64\stubs.c:771) [arm64] KeStartAllProcessors: CPU 3 started successfully
[   13.478823] (\ntoskrnl\ke\arm64\stubs.c:738) [arm64] KeStartAllProcessors: Attempting to start CPU 4
[   13.487905] (\hal\halarm64\halarm64.c:5909) [arm64][HAL] HalStartNextProcessor: no more processors (started=4, available=4)
[   13.499012] (\ntoskrnl\ke\arm64\stubs.c:744) [arm64] KeStartAllProcessors: HalStartNextProcessor failed for CPU 4
[   13.509282] (\ntoskrnl\ke\arm64\stubs.c:789) [arm64] KeStartAllProcessors: Successfully started 3 APs
[   13.518451] (\ntoskrnl\ke\arm64\stubs.c:824) [arm64] KeStartAllProcessors: Updating process affinities to 0xf
[   13.528339] (\ntoskrnl\ke\arm64\stubs.c:859) [arm64] KeStartAllProcessors: System process affinity 0x1 -> 0xf
[   13.538895] (\ntoskrnl\mm\mminit.c:224)           0xFFFFF80000000000 - 0xFFFFF80200000000	Boot Loaded Image
[   13.547945] (\ntoskrnl\mm\mminit.c:235)           0xFFFFF524FC600000 - 0xFFFFF52505601000	PFN Database
[   13.557228] (\ntoskrnl\mm\mminit.c:239)           0xFFFFF4C1AF400000 - 0xFFFFF4C1B0420000	ARM3 Non Paged Pool
[   13.567118] (\ntoskrnl\mm\mminit.c:243)           0xFFFFF97FBA000000 - 0xFFFFF97FDA000000	System View Space
[   13.576837] (\ntoskrnl\mm\mminit.c:247)           0xFFFFF97FDA000000 - 0xFFFFF98000000000	Session Space
[   13.586206] (\ntoskrnl\mm\mminit.c:250)           0xFFFFE48000000000 - 0xFFFFE4FFFFFFFFFF	Page Tables
[   13.595404] (\ntoskrnl\mm\mminit.c:253)           0xFFFFE4F240000000 - 0xFFFFE4F27FFFFFFF	Page Directories
[   13.605034] (\ntoskrnl\mm\mminit.c:256)           0xFFFFF70000000000 - 0xFFFFF77FFFFFFFFF	Hyperspace
[   13.614145] (\ntoskrnl\mm\mminit.c:259)           0xFFFF9B0000000000 - 0xFFFF9CFFFFFFFFFF	System Cache
[   13.623427] (\ntoskrnl\mm\mminit.c:263)           0xFFFFC33CFC000000 - 0xFFFFC33D15000000	ARM3 Paged Pool
[   13.632972] (\ntoskrnl\mm\mminit.c:269)           0xFFFFCC9F67E00000 - 0xFFFFCC9F74151000	System PTE Space
[   13.642603] (\ntoskrnl\mm\mminit.c:273)           0xFFFFF4C1B0420000 - 0xFFFFF4C1BBB70000	Non Paged Pool Expansion PTE Space
[   13.657656] (\hal\halarm64\acpi\halacpi.c:3482) HAL: ARM64 PCI stubs initialized (ECAM-only mode)
[   13.663639] 
====== PCI BUS HARDWARE DETECTION (ACPI HAL) =======

[   13.669976] HAL: ARM64 PCI ECAM path not exercised.
[   13.674831] 
====== END PCI BUS DETECTION =======

[   13.679778] ACPI ARM64-based System initialized
[   13.684509] WARNING:  ArbBuildAssignmentOrdering at \sdk\lib\drivers\arbiter\arbiter.c:275 is UNIMPLEMENTED!
[   13.694099] WARNING:  ArbBuildAssignmentOrdering at \sdk\lib\drivers\arbiter\arbiter.c:275 is UNIMPLEMENTED!
[   13.703905] WARNING:  ArbBuildAssignmentOrdering at \sdk\lib\drivers\arbiter\arbiter.c:275 is UNIMPLEMENTED!
[   13.713707] WARNING:  ArbBuildAssignmentOrdering at \sdk\lib\drivers\arbiter\arbiter.c:275 is UNIMPLEMENTED!
[   13.723515] WARNING:  ArbBuildAssignmentOrdering at \sdk\lib\drivers\arbiter\arbiter.c:275 is UNIMPLEMENTED!
[   13.733907] (\ntoskrnl\io\pnpmgr\pnproot.c:518) Failed to read the LogConf key for Root\RPI5VC4\0000
[   13.742509] (\ntoskrnl\io\pnpmgr\pnproot.c:518) Failed to read the LogConf key for Root\SOFTGPU\0000
[   13.753378] (\ntoskrnl\io\pnpmgr\pnpmap.c:656) ZwQueryValueKey(\Registry\Machine\SYSTEM\CURRENTCONTROLSET\Control\PnpDisableFirmwareMapper) failed with status 0xc0000034
[   13.773418] (\hal\halarm64\acpi\halacpi.c:4622) Resource count: 0
[   13.776626] (\hal\halarm64\acpi\halacpi.c:4627) Resource list size: 40
[   13.783142] (\hal\halarm64\acpi\halacpi.c:4622) Resource count: 0
[   13.789206] (\hal\halarm64\acpi\halacpi.c:4627) Resource list size: 40
[   13.796249] (\ntoskrnl\io\pnpmgr\pnpmgr.c:164) CDDB: set Driver='{4D36E97D-E325-11CE-BFC1-08002BE10318}\0000' for critical device (0x00000000)
[   13.814791] (\drivers\bus\sd\sdbus.c:276) SD Bus Driver: DriverEntry
[   13.818406] (\drivers\storage\port\sdport\sdport.c:69) SdPortInitialize(FFFFF4C1B02664F0 \REGISTRY\MACHINE\SYSTEM\CONTROLSET001\SERVICES\SDHC FFFFCC9F73C98A78)
[   13.832642] (\drivers\storage\port\sdport\sdport.c:173) SDPORT DriverEntry: DriverObject=FFFFF4C1B02A3070 RegistryPath=\REGISTRY\MACHINE\SYSTEM\CONTROLSET001\SERVICES\SDPORT
[   13.852388] (\drivers\storage\port\storport\storport.c:961) StorPortInitialize(FFFFF4C1B02A3C70 FFFFCC9F73C98BA0 FFFFCC9F73C98A80 0000000000000000)
[   13.862712] (\drivers\storage\port\storport\storport.c:963) HwInitializationDataSize: 136
[   13.870865] (\drivers\storage\port\storport\storport.c:964) AdapterInterfaceType: 5
[   13.878502] (\drivers\storage\port\storport\storport.c:965) HwInitialize: FFFFCC9F73E6BB48
[   13.886742] (\drivers\storage\port\storport\storport.c:966) HwStartIo: FFFFCC9F73E6C27C
[   13.894727] (\drivers\storage\port\storport\storport.c:967) HwInterrupt: FFFFCC9F73E6C168
[   13.902880] (\drivers\storage\port\storport\storport.c:968) HwFindAdapter: FFFFCC9F73E6D3D4
[   13.911212] (\drivers\storage\port\storport\storport.c:969) HwResetBus: FFFFCC9F73E6D308
[   13.919279] (\drivers\storage\port\storport\storport.c:970) HwDmaStarted: 0000000000000000
[   13.927523] (\drivers\storage\port\storport\storport.c:971) HwAdapterState: 0000000000000000
[   13.935937] (\drivers\storage\port\storport\storport.c:972) DeviceExtensionSize: 146520
[   13.943921] (\drivers\storage\port\storport\storport.c:973) SpecificLuExtensionSize: 0
[   13.951815] (\drivers\storage\port\storport\storport.c:974) SrbExtensionSize: 1592
[   13.959365] (\drivers\storage\port\storport\storport.c:975) NumberOfAccessRanges: 6
[   13.966998] (\drivers\storage\port\storport\storport.c:1001) No driver object extension!
[   13.975070] (\drivers\storage\port\storport\storport.c:1013) Driver object extension created!
[   13.983570] (\drivers\storage\port\storport\storport.c:31) PortAddDriverInitData()
[   13.991122] (\drivers\storage\port\storport\storport.c:1044) StorPortInitialize() done (Status 0x00000000)
[   14.002957] (\drivers\storage\port\storport\storport.c:461) DriverEntry(FFFFF4C1B02A3A70 FFFFCC9F73C98BA0)
[   14.019581] WDFTrace: new WDFKEY object open failed, !STATUS!
[   14.031577] (\drivers\ksfilter\swenum\swenum.c:428) SWENUM loaded
[   14.036998] (\drivers\storage\class\ramdisk\ramdisk.c:5836) RAMDISK DriverEntry: DriverObject=FFFFF4C1B0265860 RegistryPath=\REGISTRY\MACHINE\SYSTEM\CONTROLSET001\SERVICES\RAMDISK
[   14.053071] (\ntoskrnl\io\iomgr\driver.c:1442) BOOT DRIVERS LOADED
[   14.057955] (\hal\halarm64\acpi\halpnpdd.c:1720) Start device received
[   14.063718] (\drivers\bus\acpi\pnp.c:338) ACPI: Registered PCI interface: \??\ACPI_HAL#PNP0C08#0#{a7e9db84-db4c-4289-876b-e2c3e63b5f4f}
[   14.075564] (\drivers\bus\acpi\pnp.c:353) Bus_StartFdo: Calling AcpiInitializeSubsystem
[   14.083593] (\drivers\bus\acpi\pnp.c:364) Bus_StartFdo: Calling AcpiInitializeTables
[   14.108551] (\drivers\bus\acpi\pnp.c:373) Bus_StartFdo: Calling AcpiLoadTables
[   14.114818] (\drivers\bus\acpi\busmgr\utils.c:575) AcpiGetTable() for FACS failed (Status 0x00000005)
[   14.122095] (\drivers\bus\acpi\pnp.c:385) Unable to create ACPI tables in registry (0xc0000001)
[   14.130761] (\drivers\bus\acpi\pnp.c:389) Bus_StartFdo: Calling acpi_init
[   14.138573] (\drivers\bus\acpi\busmgr\bus.c:1693) ACPI: _PIC method not present; firmware assumed APIC-ready
[   14.151108] (\hal\halarm64\halarm64.c:1715) [arm64][PCI] Registered PCI routing query provider at FFFFCC9F73FC1440
[   14.158568] (\drivers\bus\acpi\busmgr\acpi_pci_routing.c:430) ACPI: PCI routing provider registered (4 entries available)
[   14.169500] (\drivers\bus\acpi\busmgr\pci_root.c:978) ACPI: Enumerating PCI root bridges (ACPI 1.0/2.0+/PCIe)
[   14.179892] (\drivers\bus\acpi\busmgr\pci_root.c:320) ACPI: _OSC calling with Support=0x19 Control=0x10
[   14.188903] (\drivers\bus\acpi\busmgr\pci_root.c:423) ACPI: _OSC success - granted control 0x10 (status 0x0)
[   14.198567] (\drivers\bus\acpi\busmgr\pci_root.c:847) ACPI: PCI Root 1: HID=PNP0A08 UID=1 SEG=1 BUS=0
[   14.207760] (\drivers\bus\acpi\busmgr\pci_root.c:853)     Bus range  : [0 - 255]
[   14.215137] (\drivers\bus\acpi\busmgr\pci_root.c:872)     Memory window: [c0000000 - 1affffffff]
[   14.223898] (\drivers\bus\acpi\busmgr\pci_root.c:876)       translation: +0
[   14.230845] (\drivers\bus\acpi\busmgr\pci_root.c:897)     _OSC status 0x0 request 0x10 grant 0x10
[   14.239690] (\hal\halarm64\halarm64.c:1651) [arm64][PCI] ACPI PCI Root Bridge: Segment=1 Bus=0 BusRange=[0-255]
[   14.249756] (\hal\halarm64\halarm64.c:1660) [arm64][PCI]   No MCFG or _CBA config-space base published for this root bridge.
[   14.260948] (\hal\halarm64\halarm64.c:1674) [arm64][PCI]   Memory Window: [0xc0000000 - 0x1affffffff]
[   14.270143] (\hal\halarm64\halarm64.c:1690) [arm64][PCI]   _OSC: Status=0x0 Control=0x10 Grant=0x10 (OK)
[   14.280368] (\drivers\bus\acpi\busmgr\pci_root.c:835) ACPI: PCI root HID=PNP0A08 UID=1 already processed (Seg 1 Bus 0-255), skipping duplicate handle FFFFF4C1B02A13C0
[   14.294628] (\drivers\bus\acpi\pnp.c:399) Bus_StartFdo: Calling ACPIEnumerateDevices
[   14.302336] (\drivers\bus\acpi\acpienum.c:159) ACPI-PCIROOT: Enumerating PCI root candidate HID=PNP0A08 UID=1 ADR=0xffffffffffffffff handle=FFFFF4C1B02A13C0
[   14.316129] (\drivers\bus\acpi\acpienum.c:169) ACPI-PCIROOT:   |_ CID[0]=PNP0A03
[   14.323773] (\drivers\bus\acpi\acpienum.c:549) ACPI-PCIROOT:   |_ _CRS Bus 0x0-0xff (len=0x100)
[   14.332180] (\drivers\bus\acpi\acpienum.c:549) ACPI-PCIROOT:   |_ _CRS Mem64 0xc0000000-0xc04fffff (len=0x500000)
[   14.342418] (\drivers\bus\acpi\acpienum.c:549) ACPI-PCIROOT:   |_ _CRS Mem64 0x1800000000-0x1affffffff (len=0x300000000)
[   14.353452] (\drivers\bus\acpi\pnp.c:401) Bus_StartFdo: ACPIEnumerateDevices done (Status 0x0)
[   14.369833] (\drivers\bus\acpi\buspdo.c:237) ACPI: Using _BBN for PCI root ACPI\PNP0A08 bus=0
[   14.375473] (\drivers\bus\acpi\buspdo.c:283) ACPI: Cached PCI root ACPI\PNP0A08 bus number 0
[   14.385636] (\ntoskrnl\io\pnpmgr\pnpmgr.c:164) CDDB: set Driver='{4D36E97D-E325-11CE-BFC1-08002BE10318}\0001' for critical device (0x00000000)
[   14.397340] (\drivers\bus\acpi\buspdo.c:237) ACPI: Using _BBN for PCI root ACPI\PNP0A08 bus=0
[   14.405143] (\drivers\bus\acpi\buspdo.c:283) ACPI: Cached PCI root ACPI\PNP0A08 bus number 0
[   14.414378] (\drivers\bus\pci\fdo.c:474) PCI: FdoStartDevice called
[   14.419807] (\drivers\bus\pci\arb.c:666) PCI: Creating arbiters for bus 0
[   14.426575] (\drivers\bus\pci\arb.c:709) PCI: Created 3 arbiters for bus 0
[   14.433551] (\drivers\bus\pci\fdo.c:274) PCI: FdoQueryBusRelations called
[   14.440197] (\hal\halarm64\acpi\halacpi.c:139) HAL: PCI Express MMCONFIG unavailable because the ACPI MCFG table is missing or empty.
[   14.452171] (\drivers\bus\pci\fdo.c:133) PCI: Bus 0 slot 0 empty (Size=64 VendorID=0xffff), but scanning root bus anyway
[   14.463018] (\drivers\bus\pci\fdo.c:290) PCI: FdoQueryBusRelations enumerated 0 devices
[   14.475084] (\ntoskrnl\io\pnpmgr\pnpmgr.c:164) CDDB: set Driver='{36FC9E60-C465-11CF-8056-444553540000}\0000' for critical device (0x00000000)
[   14.486771] (\drivers\bus\acpi\interface.c:823) Invalid GUID
[   14.490617] (\drivers\usb\usbport\pnp.c:1615) USBPORT_StartDevice: no PCI config space (ACPI-enumerated controller), continuing
[   14.502068] (\drivers\bus\acpi\interface.c:823) Invalid GUID
[   14.510315] (\drivers\usb\usbxhci\usbxhci.c:9233) usbxhci: no PCI config space (ACPI-enumerated controller), skipping bus-master enable
[   14.521402] (\drivers\usb\usbxhci\osc.c:447) usbxhci: _OSC: Using IOCTL to evaluate _OSC method
[   14.528526] (\drivers\usb\usbxhci\osc.c:480) usbxhci: _OSC Query phase - asking what controls are available
[   14.538280] (\drivers\usb\usbxhci\osc.c:234) usbxhci: ACPI _OSC IOCTL failed: 0xC0000034
[   14.546314] (\drivers\usb\usbxhci\osc.c:497) usbxhci: _OSC not available (Status=0xC0000034) - using legacy defaults
[   14.556813] (\drivers\usb\usbxhci\osc.c:401) usbxhci: _OSC: Set legacy defaults (full OS control)
[   14.589790] (\drivers\usb\usbxhci\usbxhci.c:4211) usbxhci: bounce pool ready slots=32 size=65536
[   14.596864] (\drivers\usb\usbport\pnp.c:2537) USBPORT_CreatePdo: HubPdo=FFFFF4C1B0397070 DevExt=FFFFF4C1B03971C0
[   14.607015] (\ntoskrnl\io\pnpmgr\pnpmgr.c:164) CDDB: set Driver='{36FC9E60-C465-11CF-8056-444553540000}\0001' for critical device (0x00000000)
[   14.618924] (\drivers\usb\usbhub\usbhub.c:963) USBH_SyncGetRootHubPdo: Target=FFFFF4C1B0397070 Driver=\Driver\usbxhci StackSize=2
[   14.630225] (\drivers\usb\usbhub\usbhub.c:991) USBH_SyncGetRootHubPdo: Irp=FFFFF4C1B03974E0 Major=0f IoCtl=0022000f Arg1=FFFFF4C1B03979D0 Arg2=FFFFF4C1B03979D8
[   14.644452] (\drivers\usb\usbport\ioctl.c:661) USBPORT_PdoInternalDeviceControl: IOCTL_INTERNAL_USB_GET_ROOTHUB_PDO Pdo=FFFFF4C1B0397070 Arg1=FFFFF4C1B03979D0 Arg2=FFFFF4C1B03979D8
[   14.661168] (\drivers\usb\usbhub\usbhub.c:1273) USBH_GetConfigurationDescriptor: NTSTATUS=0x00000000 wTotalLength=25 FirstBytes=09 02 19 00 01 01
[   14.673517] (\drivers\bus\acpi\main.c:374) Unsupported IOCTL: 32c020
[   14.680072] (\drivers\usb\usbhub\pnp.c:344) USBH_OpenConfiguration: using interface 0 alt 0 Pipes=1 MaxPacket0=8
[   14.690015] (\drivers\usb\usbhub\pnp.c:372) USBH_OpenConfiguration: SelectConfig succeeded (PipeHandle=FFFFF4C1B022FB20 wTotalLength=25)
[   14.722277] (\drivers\usb\usbhub\usbhub.c:3695) USBD_RegisterRootHubCallBack: HubExtension - FFFFF4C1B03979B0
[   14.729300] (\drivers\usb\usbport\iface.c:1283) USBHI_RootHubInitNotification: stored callback FFFFCC9F73F415B0 ctx=FFFFF4C1B03979B0 seq=1 caller=FFFFCC9F73F41698
[   14.743790] (\drivers\usb\usbhub\usbhub.c:3711) USBD_RegisterRootHubCallBack: RootHubInitNotification -> 0x00000000
[   14.743792] (\drivers\usb\usbhub\usbhub.c:3143) USBH_SubmitStatusChangeTransfer: HubExtension - FFFFF4C1B03979B0, SCEIrp - FFFFF4C1B02A2CF0
[   14.754252] (\drivers\usb\usbhub\pnp.c:1190) USBH_FdoQueryBusRelations: NumberPorts - 3
[   14.766718] (\drivers\usb\usbhub\usbhub.c:2550) USBH_ChangeIndicationWorker: HubExt=FFFFF4C1B03979B0 WorkItem=FFFFF4C1B0336420
[   14.786049] (\drivers\usb\usbhub\usbhub.c:2798) USBH_ChangeIndicationWorker: Port 2 Status=0x0301 Change=0x0001
[   14.796139] (\drivers\usb\usbhub\usbhub.c:2317) USBH_ProcessPortStateChange: Port 2 connect -> enumerate
[   14.805596] (\drivers\usb\usbhub\usbhub.c:2798) USBH_ChangeIndicationWorker: Port 3 Status=0x1103 Change=0x0031
[   14.815654] (\drivers\usb\usbhub\usbhub.c:2317) USBH_ProcessPortStateChange: Port 3 connect -> enumerate
[   14.825134] (\drivers\usb\usbhub\usbhub.c:3143) USBH_SubmitStatusChangeTransfer: HubExtension - FFFFF4C1B03979B0, SCEIrp - FFFFF4C1B02A2CF0
[   14.837629] (\drivers\usb\usbhub\usbhub.c:3143) USBH_SubmitStatusChangeTransfer: HubExtension - FFFFF4C1B03979B0, SCEIrp - FFFFF4C1B02A2CF0
[   14.850108] (\drivers\usb\usbhub\usbhub.c:5707) USBH_CreateDevice: Port - 2, UsbPortStatus - 0x0303
[   14.859137] (\drivers\usb\usbhub\usbhub.c:5743) USBH_CreateDevice: PortDevice - FFFFF4C1B029A650, <\Device\USBPDO-1>
[   14.869598] (\drivers\usb\usbhub\usbhub.c:5745) USBH_CreateDevice: PortExtension - FFFFF4C1B029A7A0
[   14.963296] (\drivers\usb\usbhub\usbhub.c:3143) USBH_SubmitStatusChangeTransfer: HubExtension - FFFFF4C1B03979B0, SCEIrp - FFFFF4C1B02A2CF0
[   14.989642] (\drivers\usb\usbxhci\usbxhci.c:5018) usbxhci: ResetDeviceOnPort: RESET_DEV succeeded for slot 1 on port 2, now in Default state
[   15.047309] (\drivers\usb\usbhub\usbhub.c:5617) USBH: announcing usb 1-2 port 2 (VID=413C PID=301A)
[   15.053467] (\drivers\usb\usbhub\usbhub.c:5640) usb 1-2: new low-speed USB device on port 2
[   15.061795] (\drivers\usb\usbhub\usbhub.c:5648) usb 1-2: New USB device found, idVendor=413C, idProduct=301A, bcdDevice=01.00
[   15.073075] (\drivers\usb\usbhub\usbhub.c:5655) usb 1-2: New USB device strings: Mfr=1, Product=2, SerialNumber=0
[   15.108228] (\drivers\usb\usbhub\usbhub.c:5661) usb 1-2: Product: Dell MS116 USB Optical Mouse
[   15.113949] (\drivers\usb\usbhub\usbhub.c:5666) usb 1-2: Manufacturer: PixArt
[   15.127228] (\drivers\usb\usbhub\usbhub.c:1273) USBH_GetConfigurationDescriptor: NTSTATUS=0x00000000 wTotalLength=34 FirstBytes=09 02 22 00 01 01
[   15.137375] (\drivers\usb\usbhub\pnp.c:1261) USBH_FdoQueryBusRelations: cached connect (no PDO) port 3 (ConnStatus=1)
[   15.147959] (\drivers\usb\usbhub\pnp.c:1302) USBH_FdoQueryBusRelations: forcing PDO creation from cached state on port 3
[   15.265094] (\drivers\usb\usbhub\usbhub.c:3143) USBH_SubmitStatusChangeTransfer: HubExtension - FFFFF4C1B03979B0, SCEIrp - FFFFF4C1B02A2CF0
[   15.289647] (\drivers\usb\usbhub\usbhub.c:5707) USBH_CreateDevice: Port - 3, UsbPortStatus - 0x1103
[   15.295819] (\drivers\usb\usbhub\usbhub.c:5743) USBH_CreateDevice: PortDevice - FFFFF4C1B0332070, <\Device\USBPDO-2>
[   15.306300] (\drivers\usb\usbhub\usbhub.c:5745) USBH_CreateDevice: PortExtension - FFFFF4C1B03321C0
[   15.455908] (\drivers\usb\usbhub\usbhub.c:3143) USBH_SubmitStatusChangeTransfer: HubExtension - FFFFF4C1B03979B0, SCEIrp - FFFFF4C1B02A2CF0
[   15.479685] (\drivers\usb\usbxhci\usbxhci.c:5018) usbxhci: ResetDeviceOnPort: RESET_DEV succeeded for slot 2 on port 3, now in Default state
[   15.503563] (\drivers\usb\usbhub\usbhub.c:5617) USBH: announcing usb 1-3 port 3 (VID=0781 PID=5581)
[   15.509717] (\drivers\usb\usbhub\usbhub.c:5640) usb 1-3: new super-speed USB device on port 3
[   15.518219] (\drivers\usb\usbhub\usbhub.c:5648) usb 1-3: New USB device found, idVendor=0781, idProduct=5581, bcdDevice=01.00
[   15.529499] (\drivers\usb\usbhub\usbhub.c:5655) usb 1-3: New USB device strings: Mfr=1, Product=2, SerialNumber=3
[   15.541687] (\drivers\usb\usbhub\usbhub.c:5661) usb 1-3: Product:  SanDisk 3.2Gen1
[   15.547284] (\drivers\usb\usbhub\usbhub.c:5666) usb 1-3: Manufacturer:  USB
[   15.554228] (\drivers\usb\usbhub\usbhub.c:5681) usb 1-3: SerialNumber: 0901da96cc5f2a6e98145c166ee0bf8579199debc6f1126c17dcbe55724e3388e11a00000000000000000000897c8cadff082920815581076e327e7a
[   15.571689] (\drivers\usb\usbhub\usbhub.c:1273) USBH_GetConfigurationDescriptor: NTSTATUS=0x00000000 wTotalLength=44 FirstBytes=09 02 2c 00 01 01
[   15.584859] (\ntoskrnl\io\pnpmgr\pnpmgr.c:164) CDDB: set Driver='{745a17a0-74d3-11d0-b6fe-00a0c90f57da}\0000' for critical device (0x00000000)
[   15.598305] (\ntoskrnl\io\pnpmgr\pnpmgr.c:164) CDDB: set Driver='{36FC9E60-C465-11CF-8056-444553540000}\0002' for critical device (0x00000000)
[   15.675029] (\ntoskrnl\io\pnpmgr\pnpmgr.c:164) CDDB: set Driver='{4D36E967-E325-11CE-BFC1-08002BE10318}\0000' for critical device (0x00000000)
[   15.685387] (\drivers\usb\usbstor\disk.c:143) SRB_FUNCTION_CLAIM_DEVICE
[   15.880579] (\ntoskrnl\io\pnpmgr\pnpmgr.c:164) CDDB: set Driver='{36FC9E60-C465-11CF-8056-444553540000}\0003' for critical device (0x00000000)
[   15.892249] (\drivers\bus\acpi\interface.c:823) Invalid GUID
[   15.896112] (\drivers\usb\usbport\pnp.c:1615) USBPORT_StartDevice: no PCI config space (ACPI-enumerated controller), continuing
[   15.907565] (\drivers\bus\acpi\interface.c:823) Invalid GUID
[   15.915664] (\drivers\usb\usbxhci\usbxhci.c:9233) usbxhci: no PCI config space (ACPI-enumerated controller), skipping bus-master enable
[   15.926718] (\drivers\usb\usbxhci\osc.c:447) usbxhci: _OSC: Using IOCTL to evaluate _OSC method
[   15.934022] (\drivers\usb\usbxhci\osc.c:480) usbxhci: _OSC Query phase - asking what controls are available
[   15.943773] (\drivers\usb\usbxhci\osc.c:234) usbxhci: ACPI _OSC IOCTL failed: 0xC0000034
[   15.951809] (\drivers\usb\usbxhci\osc.c:497) usbxhci: _OSC not available (Status=0xC0000034) - using legacy defaults
[   15.962308] (\drivers\usb\usbxhci\osc.c:401) usbxhci: _OSC: Set legacy defaults (full OS control)
[   15.995636] (\drivers\usb\usbxhci\usbxhci.c:4211) usbxhci: bounce pool ready slots=32 size=65536
[   16.002643] (\drivers\usb\usbport\pnp.c:2537) USBPORT_CreatePdo: HubPdo=FFFFF4C1B0216070 DevExt=FFFFF4C1B02161C0
[   16.012938] (\ntoskrnl\io\pnpmgr\pnpmgr.c:164) CDDB: set Driver='{36FC9E60-C465-11CF-8056-444553540000}\0004' for critical device (0x00000000)
[   16.024759] (\drivers\usb\usbhub\usbhub.c:963) USBH_SyncGetRootHubPdo: Target=FFFFF4C1B0216070 Driver=\Driver\usbxhci StackSize=2
[   16.036071] (\drivers\usb\usbhub\usbhub.c:991) USBH_SyncGetRootHubPdo: Irp=FFFFF4C1B0330010 Major=0f IoCtl=0022000f Arg1=FFFFF4C1B02168B0 Arg2=FFFFF4C1B02168B8
[   16.050299] (\drivers\usb\usbport\ioctl.c:661) USBPORT_PdoInternalDeviceControl: IOCTL_INTERNAL_USB_GET_ROOTHUB_PDO Pdo=FFFFF4C1B0216070 Arg1=FFFFF4C1B02168B0 Arg2=FFFFF4C1B02168B8
[   16.066995] (\drivers\usb\usbhub\usbhub.c:1273) USBH_GetConfigurationDescriptor: NTSTATUS=0x00000000 wTotalLength=25 FirstBytes=09 02 19 00 01 01
[   16.079369] (\drivers\bus\acpi\main.c:374) Unsupported IOCTL: 32c020
[   16.086222] (\drivers\usb\usbhub\pnp.c:344) USBH_OpenConfiguration: using interface 0 alt 0 Pipes=1 MaxPacket0=8
[   16.095869] (\drivers\usb\usbhub\pnp.c:372) USBH_OpenConfiguration: SelectConfig succeeded (PipeHandle=FFFFF4C1B0330CA0 wTotalLength=25)
[   16.128121] (\drivers\usb\usbhub\usbhub.c:3695) USBD_RegisterRootHubCallBack: HubExtension - FFFFF4C1B0216890
[   16.135145] (\drivers\usb\usbport\iface.c:1283) USBHI_RootHubInitNotification: stored callback FFFFCC9F73F415B0 ctx=FFFFF4C1B0216890 seq=1 caller=FFFFCC9F73F41698
[   16.149635] (\drivers\usb\usbhub\usbhub.c:3711) USBD_RegisterRootHubCallBack: RootHubInitNotification -> 0x00000000
[   16.149637] (\drivers\usb\usbhub\usbhub.c:3143) USBH_SubmitStatusChangeTransfer: HubExtension - FFFFF4C1B0216890, SCEIrp - FFFFF4C1B03974E0
[   16.160095] (\drivers\usb\usbhub\pnp.c:1190) USBH_FdoQueryBusRelations: NumberPorts - 3
[   16.172569] (\drivers\usb\usbhub\usbhub.c:3143) USBH_SubmitStatusChangeTransfer: HubExtension - FFFFF4C1B0216890, SCEIrp - FFFFF4C1B03974E0
[   16.299000] (\drivers\usb\usbhub\usbhub.c:3143) USBH_SubmitStatusChangeTransfer: HubExtension - FFFFF4C1B0216890, SCEIrp - FFFFF4C1B03974E0
[   16.323046] (\drivers\usb\usbhub\usbhub.c:5707) USBH_CreateDevice: Port - 3, UsbPortStatus - 0x1103
[   16.329219] (\drivers\usb\usbhub\usbhub.c:5743) USBH_CreateDevice: PortDevice - FFFFF4C1B0394CC0, <\Device\USBPDO-4>
[   16.339698] (\drivers\usb\usbhub\usbhub.c:5745) USBH_CreateDevice: PortExtension - FFFFF4C1B0394E10
[   16.488806] (\drivers\usb\usbhub\usbhub.c:3143) USBH_SubmitStatusChangeTransfer: HubExtension - FFFFF4C1B0216890, SCEIrp - FFFFF4C1B03974E0
[   16.513076] (\drivers\usb\usbxhci\usbxhci.c:5018) usbxhci: ResetDeviceOnPort: RESET_DEV succeeded for slot 1 on port 3, now in Default state
[   16.536883] (\drivers\usb\usbhub\usbhub.c:5617) USBH: announcing usb 2-3 port 3 (VID=0781 PID=5591)
[   16.543038] (\drivers\usb\usbhub\usbhub.c:5640) usb 2-3: new super-speed USB device on port 3
[   16.551540] (\drivers\usb\usbhub\usbhub.c:5648) usb 2-3: New USB device found, idVendor=0781, idProduct=5591, bcdDevice=01.00
[   16.562820] (\drivers\usb\usbhub\usbhub.c:5655) usb 2-3: New USB device strings: Mfr=1, Product=2, SerialNumber=3
[   16.575008] (\drivers\usb\usbhub\usbhub.c:5661) usb 2-3: Product:  SanDisk 3.2Gen1
[   16.580605] (\drivers\usb\usbhub\usbhub.c:5666) usb 2-3: Manufacturer:  USB
[   16.587549] (\drivers\usb\usbhub\usbhub.c:5681) usb 2-3: SerialNumber: 01016e01ffd6f47ad7a9a904dc54438de8ee4ed362c463e23b37a4d9b83f12b6b3e3000000000000000000004ca60268000d5400915581077b32dc12
[   16.604885] (\drivers\usb\usbhub\usbhub.c:1273) USBH_GetConfigurationDescriptor: NTSTATUS=0x00000000 wTotalLength=44 FirstBytes=09 02 2c 00 01 01
[   16.618897] (\ntoskrnl\io\pnpmgr\pnpmgr.c:164) CDDB: set Driver='{36FC9E60-C465-11CF-8056-444553540000}\0005' for critical device (0x00000000)
[   16.676951] (\ntoskrnl\io\pnpmgr\pnpmgr.c:164) CDDB: set Driver='{4D36E967-E325-11CE-BFC1-08002BE10318}\0001' for critical device (0x00000000)
[   16.687315] (\drivers\usb\usbstor\disk.c:143) SRB_FUNCTION_CLAIM_DEVICE
[   16.773055] (\ntoskrnl\io\pnpmgr\pnpmgr.c:164) CDDB: set Driver='{a0a588a4-c46f-4b37-b7ea-c82fe89870c6}\0000' for critical device (0x00000000)
[   16.783230] (\drivers\bus\sd\sdbus.c:57) SdBusAddDevice: PhysicalDeviceObject FFFFF4C1B029DC70
[   16.791542] (\drivers\bus\sd\sdbus.c:133) SdBusAddDevice: FDO FFFFF4C1B0291040 attached to FFFFF4C1B029DC70
[   16.801888] (\drivers\bus\sd\fdo.c:630) SDHCI: Memory resource at 0x1000fff000 length 0x260
[   16.809700] (\drivers\bus\sd\fdo.c:646) SDHCI: Interrupt vector 305 level 6
[   16.817288] (\drivers\bus\sd\fdo.c:283) SdBusInitializeController: RegisterBase FFFFCC9F72A55000
[   16.825292] (\drivers\bus\sd\fdo.c:303) SDHCI: Version 1.02, Caps 0x15e2c832, Caps2 0x8000a577, BaseClock 200000 kHz
[   16.846571] (\drivers\bus\sd\fdo.c:537) SDHCI: SDMA buffer at VA=FFFFCC9F72A15000 PA=0x00d5c000 (262144 bytes)
[   16.854959] (\ntoskrnl\io\pnpmgr\pnpmgr.c:164) CDDB: set Driver='{a0a588a4-c46f-4b37-b7ea-c82fe89870c6}\0001' for critical device (0x00000000)
[   16.866714] (\drivers\bus\sd\sdbus.c:57) SdBusAddDevice: PhysicalDeviceObject FFFFF4C1B029D870
[   16.875037] (\drivers\bus\sd\sdbus.c:133) SdBusAddDevice: FDO FFFFF4C1B01CFBA0 attached to FFFFF4C1B029D870
[   16.885333] (\drivers\bus\sd\fdo.c:630) SDHCI: Memory resource at 0x1001100000 length 0x260
[   16.893074] (\drivers\bus\sd\fdo.c:646) SDHCI: Interrupt vector 306 level 7
[   16.900714] (\drivers\bus\sd\fdo.c:283) SdBusInitializeController: RegisterBase FFFFCC9F72A0B000
[   16.908780] (\drivers\bus\sd\fdo.c:303) SDHCI: Version 1.02, Caps 0x55e6c832, Caps2 0x8000a527, BaseClock 200000 kHz
[   16.926586] (\drivers\bus\sd\fdo.c:537) SDHCI: SDMA buffer at VA=FFFFCC9F729CB000 PA=0x00da5000 (262144 bytes)
[   16.945803] (\drivers\bus\sd\enum.c:945) SdBusEnumerateCard: CMD8 not supported (SD v1.x, MMC, or SDIO)
[   16.952590] (\drivers\bus\sd\enum.c:966) SdBusEnumerateCard: CMD5 detected SDIO funcs=3 memory=0 OCR=0x30ffff00
[   16.962658] (\drivers\bus\sd\enum.c:1005) SdBusEnumerateCard: SDIO card ready, OCR=0xb0ffff00 funcs=3
[   16.971844] (\drivers\bus\sd\enum.c:1291) SdBusEnumerateCard: RCA = 0x0001
[   16.981065] (\drivers\bus\sd\sdio.c:525) SdBusSdioEnumerateFunctions: CCCR rev=0x43 spec=0x03 cap=0x02 bus_if=0x40 uhs=0x07 CIS=0x0010AC NumFuncs=3
[   16.995197] (\drivers\bus\sd\sdio.c:532) SdBusSdioEnumerateFunctions: Common CIS VID=0x02D0 DID=0x4345 class=0x0C
[   17.002848] (\drivers\bus\sd\sdio.c:556) SdBusSdioEnumerateFunctions: SDIO 4-bit bus enabled
[   17.011556] (\drivers\bus\sd\sdio.c:568) SdBusSdioEnumerateFunctions: SDIO high-speed enabled
[   17.024587] (\drivers\bus\sd\sdio.c:632) SdBusSdioEnumerateFunctions: func 1 std=0x00 ext=0x00 class=0x0C CIS=0x001000 VID=0x02D0 DID=0x4345
[   17.034307] (\drivers\bus\sd\sdio.c:468) SdBusCreateSdioFunctionPdo: func=1 VID=02D0 DID=4345 class=12 PDO=FFFFF4C1B01CE070
[   17.050505] (\drivers\bus\sd\sdio.c:632) SdBusSdioEnumerateFunctions: func 2 std=0x00 ext=0x00 class=0x0C CIS=0x001038 VID=0x02D0 DID=0x4345
[   17.060224] (\drivers\bus\sd\sdio.c:468) SdBusCreateSdioFunctionPdo: func=2 VID=02D0 DID=4345 class=12 PDO=FFFFF4C1B01CEAF0
[   17.077029] (\drivers\bus\sd\sdio.c:632) SdBusSdioEnumerateFunctions: func 3 std=0x02 ext=0x00 class=0x02 CIS=0x001070 VID=0x02D0 DID=0x4345
[   17.086748] (\drivers\bus\sd\sdio.c:468) SdBusCreateSdioFunctionPdo: func=3 VID=02D0 DID=4345 class=2 PDO=FFFFF4C1B0326070
[   17.097761] (\drivers\bus\sd\enum.c:1569) SdBusEnumerateCard: Enumeration complete, CardType=5, HighCapacity=0, TotalSectors=0
[   17.109126] (\drivers\bus\sd\enum.c:1604) SdBusProgramClock: Setting transfer clock to 50000 kHz
[   17.515282] (\ntoskrnl\mm\ARM3\sysldr.c:170) Loading: \SystemRoot\system32\drivers\rpi5vc4.sys at FFFFCC9F729AE000 with 14 pages
[   17.655897] (\ntoskrnl\mm\ARM3\sysldr.c:170) Loading: \SystemRoot\system32\drivers\dxgkrnl.sys at FFFFCC9F7297C000 with 32 pages
[   18.031403] (\drivers\directx\dxgkrnl\adapter.c:3376) DXGKRNL: ERROR: DxgkAdapterStart: NO translated resources! (PDO=FFFFF4C1B03A0900 DOD=0)
[   18.073204] RPI5VC4: HVS IOMMU CTRL=00000000 (enable=0 bypass=0) PT=00000000 MISC=80003ffc DBG=20804774
[   18.079711] RPI5VC4: HVS IOMMU ADDR_CAP=00000fff (disabled, cap=1048320 MB) BYPASS=[00000000..00000fff] ILLEGAL=00000000
[   18.092908] (\drivers\directx\rpi5vc4\rpi5vc4.c:447) RPI5VC4: VideoCore firmware revision 0x69372732
[   18.104324] (\drivers\directx\rpi5vc4\rpi5vc4.c:460) RPI5VC4: V3D clock at 960 MHz
[   18.116369] (\drivers\directx\rpi5vc4\rpi5vc4_v3d.c:390) RPI5VC4: timer resolution granted 10000
[   18.122268] (\drivers\directx\rpi5vc4\rpi5vc4_v3d.c:394) RPI5VC4: init ERR_STAT after clear=00001000
[   18.131381] (\drivers\directx\rpi5vc4\rpi5vc4_v3d.c:404) RPI5VC4: V3D 7.1 online — hub 0x42554856/0x00081117 core 0x07443356, slab GPU VA 0x01000000 (65536 KB)
[   18.145789] (\drivers\directx\rpi5vc4\rpi5vc4_v3d.c:583) RPI5VC4: V3D interrupt connected (INTID 282)
[   18.157788] RPI5VC4: LPTRS@0x110=000002a0 head=672 ctl0=600cc007 ptr1=3f400000 valid=1 match=1
[   18.163569] RPI5VC4: LPTRS@0x03c=ffffffff head=4095 (skip)
[   18.169036] RPI5VC4: takeover OK reg=0x110 head=672 fb=00:3f400000 cursor=0 start=0 count=10
[   18.177982] RPI5VC4: LPTRS@0x110=000002a0 head=672 ctl0=490cc007 ptr1=3f400000 valid=1 match=1
[   18.186039] RPI5VC4: LPTRS@0x03c=ffffffff head=4095 (skip)
[   18.191505] RPI5VC4: takeover OK reg=0x110 head=672 fb=00:3f400000 cursor=0 start=9 count=10
[   18.199925] RPI5VC4: LPTRS@0x110=000002a0 head=672 ctl0=490cc007 ptr1=3f400000 valid=1 match=1
[   18.208509] RPI5VC4: LPTRS@0x03c=ffffffff head=4095 (skip)
[   18.213978] RPI5VC4: takeover OK reg=0x110 head=672 fb=00:3f400000 cursor=0 start=9 count=10
[   18.310903] (\ntoskrnl\mm\ARM3\sysldr.c:170) Loading: \SystemRoot\system32\drivers\softgpu.sys at FFFFCC9F6CD75000 with 8 pages
[   18.442553] (\drivers\directx\dxgkrnl\adapter.c:3376) DXGKRNL: ERROR: DxgkAdapterStart: NO translated resources! (PDO=FFFFF4C1B03A06E0 DOD=0)
[   18.452472] (\drivers\directx\softgpu\softgpu.c:370) SOFTGPU: no acquirable boot framebuffer -- declining (none exists, or a real GPU miniport owns the display)
[   18.466673] (\drivers\directx\dxgkrnl\adapter.c:3613) DXGKRNL: ERROR: DxgkAdapterStart: DxgkDdiStartDevice failed 0xC0000182 (IRQs fired during start=0, vec=0 msgbased=0)
[   18.481863] (\ntoskrnl\io\pnpmgr\pnproot.c:1373) IRP_MJ_PNP / Unknown minor function 0x1
[   18.489930] (\ntoskrnl\io\pnpmgr\devaction.c:1936) Removal vetoed by Root\SOFTGPU\0000
[   18.497821] (\ntoskrnl\io\pnpmgr\devaction.c:2057) Removal vetoed by failing the query remove request
[   18.507015] (\ntoskrnl\io\pnpmgr\pnproot.c:1373) IRP_MJ_PNP / Unknown minor function 0x3
[   18.578378] (\ntoskrnl\mm\ARM3\sysldr.c:170) Loading: \SystemRoot\system32\drivers\hidusb.sys at FFFFCC9F6BD6C000 with 9 pages
[   18.724451] (\ntoskrnl\mm\ARM3\sysldr.c:170) Loading: \SystemRoot\system32\drivers\hidclass.sys at FFFFCC9F6BD5E000 with e pages
[   18.846768] (\ntoskrnl\mm\ARM3\sysldr.c:170) Loading: \SystemRoot\system32\drivers\hidparse.sys at FFFFCC9F6BD52000 with c pages
[   19.263483] (\drivers\hid\hidusb\hidusb.c:1957) Status 0
[   19.276836] (\ntoskrnl\io\pnpmgr\pnpmgr.c:164) CDDB: set Driver='{4D36E96F-E325-11CE-BFC1-08002BE10318}\0000' for critical device (0x00000000)
[   19.342983] (\ntoskrnl\mm\ARM3\sysldr.c:170) Loading: \SystemRoot\system32\drivers\mouhid.sys at FFFFCC9F6BD42000 with 8 pages
[   19.798604] (\ntoskrnl\mm\ARM3\sysldr.c:170) Loading: \SystemRoot\system32\drivers\mouclass.sys at FFFFCC9F6BD38000 with a pages
[   20.063524] (\ntoskrnl\mm\ARM3\sysldr.c:170) Loading: \SystemRoot\system32\drivers\fs_rec.sys at FFFFCC9F6BD2E000 with a pages
[   20.327585] (\ntoskrnl\mm\ARM3\sysldr.c:170) Loading: \SystemRoot\system32\drivers\null.sys at FFFFCC9F6BD26000 with 8 pages
[   20.497583] (\ntoskrnl\mm\ARM3\sysldr.c:170) Loading: \SystemRoot\system32\drivers\beep.sys at FFFFCC9F6BD1F000 with 7 pages
[   20.760239] (\ntoskrnl\mm\ARM3\sysldr.c:170) Loading: \SystemRoot\system32\drivers\i8042prt.sys at FFFFCC9F6BD0E000 with 11 pages
[   20.898974] (\ntoskrnl\wmi\smbios.c:172) Could not find the SMBIOS entry point
[   20.903315] (\ntoskrnl\wmi\smbios.c:233) WmipGetRawSMBiosTableData failed: 0xc0000225
[   20.911120] (\drivers\input\i8042prt\hwhacks.c:208) IoWMIOpenBlock failed: 0xc0000225
[   21.041074] (\ntoskrnl\mm\ARM3\sysldr.c:170) Loading: \SystemRoot\system32\drivers\kbdclass.sys at FFFFCC9F6BD03000 with b pages
[   21.294692] (\ntoskrnl\mm\ARM3\sysldr.c:170) Loading: \SystemRoot\system32\drivers\dxgmms1.sys at FFFFCC9F6BCF1000 with 12 pages
[   21.446118] (\drivers\directx\dxgmms1\dxgmms1.c:62) DXGMMS1: DriverEntry: DirectX GPU Memory Manager and Scheduler loading
[   21.454272] (\drivers\directx\dxgmms1\dxgmms1.c:69) DXGMMS1: DriverEntry: dxgmms1 loaded successfully
[   21.501825] (\ntoskrnl\mm\ARM3\sysldr.c:170) Loading: \SystemRoot\system32\drivers\blue.sys at FFFFCC9F6BCE7000 with a pages
[   21.733184] (\ntoskrnl\mm\ARM3\sysldr.c:170) Loading: \SystemRoot\system32\drivers\viogpudo.sys at FFFFCC9F6BCC9000 with 1e pages
[   21.945004] (\ntoskrnl\mm\ARM3\sysldr.c:170) Loading: \SystemRoot\system32\drivers\msfs.sys at FFFFCC9F6BCC2000 with 7 pages
[   22.205747] (\ntoskrnl\mm\ARM3\sysldr.c:170) Loading: \SystemRoot\system32\drivers\npfs.sys at FFFFCC9F6BCAD000 with 15 pages
[   22.350019] (\ntoskrnl\mm\ARM3\sysldr.c:170) Loading: \SystemRoot\system32\drivers\nwifi.sys at FFFFCC9F6BC9C000 with 11 pages
[   22.609397] (\drivers\network\nwifi\nwifi.c:197) NWIFI: DriverEntry
[   22.612824] (\drivers\network\nwifi\control.c:633) NWIFI: control device \Device\Nwifi created
[   22.621368] (\drivers\network\nwifi\nwifi.c:239) NWIFI: DriverEntry succeeded
[   22.726151] (\ntoskrnl\mm\ARM3\sysldr.c:170) Loading: \SystemRoot\system32\drivers\afd.sys at FFFFCC9F6BC82000 with 1a pages
[   22.989745] (\ntoskrnl\mm\ARM3\sysldr.c:170) Loading: \SystemRoot\system32\drivers\netio.sys at FFFFCC9F6BC74000 with e pages
[   23.223259] (\ntoskrnl\io\pnpmgr\pnproot.c:1373) IRP_MJ_PNP / Unknown minor function 0x1
[   23.228518] (\ntoskrnl\io\pnpmgr\devaction.c:1936) Removal vetoed by Root\SOFTGPU\0000
[   23.236385] (\ntoskrnl\io\pnpmgr\devaction.c:2057) Removal vetoed by failing the query remove request
[   23.245662] (\ntoskrnl\io\pnpmgr\pnproot.c:1373) IRP_MJ_PNP / Unknown minor function 0x3
KDB: Executing KDBinit file...
KDB: KDBinit executed
[   23.368990] (\ntoskrnl\io\iomgr\driver.c:309) Deleting driver object '\Driver\KdDriver'
[   23.438360] WARNING:  RtlCreateTagHeap at \sdk\lib\rtl\heap.c:4043 is UNIMPLEMENTED!
[   23.929408] (\base\system\smss\pagefile.c:969) SMSS:PFILE: Volume `\??\C:\' (121) cannot store a paging file
[   24.073888] (\base\system\smss\pagefile.c:969) SMSS:PFILE: Volume `\??\D:\' (121) cannot store a paging file
[   24.195043] (\base\system\smss\pagefile.c:930) SMSS:PFILE: Open volume `\??\E:\' failed with status C000014F
[   24.317078] (\base\system\smss\pagefile.c:930) SMSS:PFILE: Open volume `\??\F:\' failed with status C000014F
[   24.324014] (\base\system\smss\pagefile.c:1048) SMSS:PFILE: No paging-file-capable volumes found
[   24.332784] (\ntoskrnl\config\cmsysini.c:1214) CmpGetRegistryPath: ConfigPath = '\SystemRoot\System32\Config\'
[   24.342796] (\ntoskrnl\config\cmsysini.c:1214) CmpGetRegistryPath: ConfigPath = '\SystemRoot\System32\Config\'
[   24.342821] (\ntoskrnl\config\cmsysini.c:1214) CmpGetRegistryPath: ConfigPath = '\SystemRoot\System32\Config\'
[   24.352745] (\ntoskrnl\config\cmsysini.c:1214) CmpGetRegistryPath: ConfigPath = '\SystemRoot\System32\Config\'
[   24.342852] (\ntoskrnl\config\cmsysini.c:1214) CmpGetRegistryPath: ConfigPath = '\SystemRoot\System32\Config\'
[   24.362955] (\ntoskrnl\config\cmsysini.c:1214) CmpGetRegistryPath: ConfigPath = '\SystemRoot\System32\Config\'
[   24.342942] (\ntoskrnl\config\cmsysini.c:1214) CmpGetRegistryPath: ConfigPath = '\SystemRoot\System32\Config\'
[   24.476758] (\ntoskrnl\mm\ARM3\session.c:846) Session 0 is ready to go: 0xFFFFF97FFF010000 0xFFFFCC9F6BC18000, 2221 0x0000000000000000
[   24.621485] (\ntoskrnl\mm\ARM3\sysldr.c:170) Loading: \SystemRoot\System32\win32k.sys at FFFFCC9F6BA9E000 with 17a pages
[   24.796478] (\ntoskrnl\mm\ARM3\sysldr.c:170) Loading: \SystemRoot\System32\ftfd.dll at FFFFCC9F6B9FC000 with a2 pages
[   25.613777] (\win32ss\gdi\ntgdi\d3dkmt.c:183) DxStartupDxgkInt: Entry
[   25.617373] (\win32ss\reactx\ntddraw\ddraw.c:57) Warning: trying loading xp/2003/windows7/reactos dxg.sys
[   25.658143] (\ntoskrnl\mm\ARM3\sysldr.c:170) Loading: \SystemRoot\System32\drivers\dxg.sys at FFFFCC9F6B9DE000 with b pages
[   25.787598] (\ntoskrnl\mm\ARM3\sysldr.c:170) Loading: \SystemRoot\System32\drivers\dxgthk.sys at FFFFCC9F6B9D9000 with 5 pages
[   25.936130] (\win32ss\reactx\ntddraw\ddraw.c:112) DirectX interface is activated
[   26.422802] (\win32ss\user\ntuser\winsta.c:243) err: Invalid window station handle
[   26.427552] (\win32ss\user\ntuser\clipboard.c:31) err: Cannot open winsta
[   26.702984] (\win32ss\user\ntuser\class.c:2396) err: SYSTEMCUR(ARROW) == NULL, should not happen!!
[   26.702987] (\win32ss\user\ntuser\keyboard.c:221) err: NtDeviceIoControlFile() failed, ignored
[   26.709071] (\win32ss\user\ntuser\class.c:2396) err: SYSTEMCUR(ARROW) == NULL, should not happen!!
[   26.726592] (\win32ss\user\ntuser\class.c:2396) err: SYSTEMCUR(ARROW) == NULL, should not happen!!
[   26.735526] (\win32ss\user\ntuser\class.c:2396) err: SYSTEMCUR(ARROW) == NULL, should not happen!!
[   26.744466] (\win32ss\user\ntuser\class.c:2396) err: SYSTEMCUR(ARROW) == NULL, should not happen!!
[   26.753399] (\win32ss\user\ntuser\class.c:2396) err: SYSTEMCUR(ARROW) == NULL, should not happen!!
[   26.765913] (\win32ss\user\ntuser\desktop.c:3395) err: The process 0xFFFFF4C1B0010B30 'winlogon.exe' didn't have an assigned startup desktop before, assigning it now!
[   26.777927] (\win32ss\user\ntuser\desktop.c:3333) err: Attempted to change thread desktop although the thread has windows!
[   26.789069] (\win32ss\user\winsrv\usersrv\init.c:171) We are logged off
[   26.845958] (\ntoskrnl\mm\ARM3\sysldr.c:170) Loading: \SystemRoot\System32\kbdus.dll at FFFFCC9F6B99B000 with 5 pages
[   27.177854] (\base\system\services\services.c:64) CheckSetup()
[   27.180872] (\base\system\services\services.c:108) Running on LiveCD
[   27.187146] (\base\system\services\services.c:130) ReactOS Setup currently in progress!
[   27.226456] WARNING:  HvHiveWillShrink at \sdk\lib\cmlib\hivewrt.c:584 is UNIMPLEMENTED!
[   27.514116] (\win32ss\gdi\eng\mouse.c:811) Failed to lock the DC.
[   27.535994] fixme:(\dll\win32\rpcrt4\rpc_server.c:1736) (0x1000): stub
[   27.555260] (\base\system\services\services.c:185) ScmLogEvent: RegisterEventSourceW failed 1722
[   27.562307] WARNING:  getMacAddress at \base\services\dcomlaunch\network.c:32 is UNIMPLEMENTED!
[   27.569841] (\base\services\dcomlaunch\network.c:136) Failed finding a proper MAC address, will generate seed
[   27.581464] (\base\system\services\services.c:185) ScmLogEvent: RegisterEventSourceW failed 1722
[   27.625763] (\ntoskrnl\mm\ARM3\sysldr.c:170) Loading: \SystemRoot\System32\cdd.dll at FFFFCC9F6B898000 with 9 pages
[   27.696707] (\ntoskrnl\mm\ARM3\sysldr.c:170) Loading: \SystemRoot\System32\framebuf.dll at FFFFCC9F6B898000 with 9 pages
[   27.697581] (\base\system\services\services.c:185) ScmLogEvent: RegisterEventSourceW failed 1722
[   28.095386] (\ntoskrnl\mm\ARM3\sysldr.c:170) Loading: \SystemRoot\System32\cdd.dll at FFFFCC9F6B898000 with 9 pages
[   28.104723] (\win32ss\reactx\ntddraw\dxeng.c:286) ReactX Calling : DxEngGetHdevData, Type: 12
[   28.111440] (\win32ss\reactx\ntddraw\dxeng.c:289) hDev: FFFFC33CFC2DB900
[   28.118118] (\win32ss\reactx\ntddraw\dxeng.c:343) requested DxEGShDevData_display
[   28.125581] (\win32ss\reactx\ntddraw\dxeng.c:376) retVal: 00000001
[   28.131740] (\win32ss\reactx\ntddraw\dxeng.c:286) ReactX Calling : DxEngGetHdevData, Type: 7
[   28.140158] (\win32ss\reactx\ntddraw\dxeng.c:289) hDev: FFFFC33CFC2DB900
[   28.146836] (\win32ss\reactx\ntddraw\dxeng.c:323) requested DxEGShDevData_eddg
[   28.154039] (\win32ss\reactx\ntddraw\dxeng.c:376) retVal: ffffc33cfc2dc010
[   28.160892] (\win32ss\reactx\ntddraw\dxeng.c:286) ReactX Calling : DxEngGetHdevData, Type: 6
[   28.169310] (\win32ss\reactx\ntddraw\dxeng.c:289) hDev: FFFFC33CFC2DB900
[   28.175988] (\win32ss\reactx\ntddraw\dxeng.c:319) requested DxEGShDevData_dhpdev
[   28.183365] (\win32ss\reactx\ntddraw\dxeng.c:376) retVal: ffffc33cfc2da3d0
[   28.190218] (\win32ss\reactx\ntddraw\dxeng.c:534) ReactX Calling : DxEngLockHdev
[   28.197594] (\win32ss\reactx\ntddraw\dxeng.c:536) hDev: FFFFC33CFC2DB900
[   28.203859] RPI5VC4: present #1 moves=0 dirty=1 flip=0 idx=0 scan=3f400000
[   28.204273] (\win32ss\reactx\ntddraw\dxeng.c:286) ReactX Calling : DxEngGetHdevData, Type: 5
[   28.219546] (\win32ss\reactx\ntddraw\dxeng.c:289) hDev: FFFFC33CFC2DB900
[   28.226224] (\win32ss\reactx\ntddraw\dxeng.c:315) requested DxEGShDevData_DrvFuncs
[   28.230617] RPI5VC4: flip ring: 3 x 8100 KB at 00:441db000
[   28.233775] (\win32ss\reactx\ntddraw\dxeng.c:376) retVal: ffffc33cfc2dbc68
[   28.241966] RPI5VC4: LPTRS@0x110=000002a0 head=672 ctl0=490cc007 ptr1=3f400000 valid=1 match=1
[   28.246100] (\win32ss\reactx\ntddraw\dxeng.c:571) ReactX Calling : DxEngUnlockHdev
[   28.254685] RPI5VC4: LPTRS@0x03c=ffffffff head=4095 (skip)
[   28.267700] RPI5VC4: flip OK head=672 -> 00:441db000
[   28.287020] err:(\win32ss\user\user32\windows\cursoricon.c:274) Loading System Cursors
[   28.534114] RPI5VC4: present #2 moves=0 dirty=1 flip=3 idx=0 scan=441db000
[   28.542763] RPI5VC4: LPTRS@0x110=000002a0 head=672 ctl0=490cc007 ptr1=441db000 valid=1 match=1
[   28.548491] RPI5VC4: LPTRS@0x03c=ffffffff head=4095 (skip)
[   28.553955] RPI5VC4: flip OK head=672 -> 00:449c4000
[   28.634119] err:(\dll\win32\lsasrv\lsarpc.c:1452) LsapOpenDbObject(Accounts/S-1-5-6) failed (Status 0xc0000034)
[   28.773008] fixme:(\dll\win32\rpcrt4\rpc_server.c:1736) (0x1000): stub
[   28.826571] RPI5VC4: present #3 moves=0 dirty=1 flip=3 idx=1 scan=449c4000
[   28.835332] RPI5VC4: LPTRS@0x110=000002a0 head=672 ctl0=490cc007 ptr1=449c4000 valid=1 match=1
[   28.841060] RPI5VC4: LPTRS@0x03c=ffffffff head=4095 (skip)
[   28.846524] RPI5VC4: flip OK head=672 -> 00:451ad000
[   29.015709] err:(\win32ss\user\user32\misc\dllmain.c:668) hIconSmWindows 0000000000020070 hIconWindows 000000000002006E 
[   29.023703] (\win32ss\user\ntuser\callback.c:1149) err: hIconSmWindows 0000000000020070 hIconWindows 000000000002006E 
[   29.034857] (\win32ss\user\ntuser\desktop.c:3333) err: Attempted to change thread desktop although the thread has windows!
[   29.047926] RPI5VC4: present #4 moves=0 dirty=1 flip=3 idx=2 scan=451ad000
[   29.057416] RPI5VC4: LPTRS@0x110=000002a0 head=672 ctl0=490cc007 ptr1=451ad000 valid=1 match=1
[   29.063141] RPI5VC4: LPTRS@0x03c=ffffffff head=4095 (skip)
[   29.068644] RPI5VC4: flip OK head=672 -> 00:441db000
[   29.104593] RPI5VC4: present #64 moves=0 dirty=1 flip=3 idx=0 scan=441db000
[   29.109472] RPI5VC4: LPTRS@0x110=000002a0 head=672 ctl0=490cc007 ptr1=441db000 valid=1 match=1
[   29.117260] RPI5VC4: LPTRS@0x03c=ffffffff head=4095 (skip)
[   29.122732] RPI5VC4: takeover OK reg=0x110 head=672 fb=00:441db000 cursor=1 start=9 count=19
[   29.255469] err:(\win32ss\user\user32\windows\window.c:496) CreateWindowExW RegisterSystemControls
[   29.367216] RPI5VC4: present #128 moves=0 dirty=1 flip=3 idx=0 scan=441db000
[   29.381620] RPI5VC4: LPTRS@0x110=000002a0 head=672 ctl0=490cc007 ptr1=441db000 valid=1 match=1
[   29.387349] RPI5VC4: flip OK head=672 -> 00:449c4000
[   29.534038] (\win32ss\user\ntuser\desktop.c:1370) err: ptiLastInput is CLEARED!!
[   29.534225] (\ntoskrnl\config\cmcontrl.c:269) CmpSaveBootControlSet(1)
[   29.540129] (\win32ss\user\ntuser\desktop.c:3333) err: Attempted to change thread desktop although the thread has windows!
[   29.563893] RPI5VC4: LPTRS@0x110=000002a0 head=672 ctl0=490cc007 ptr1=449c4000 valid=1 match=1
[   29.569689] RPI5VC4: flip OK head=672 -> 00:451ad000
[   29.584199] RPI5VC4: present #192 moves=0 dirty=1 flip=3 idx=2 scan=451ad000
[   29.590071] RPI5VC4: LPTRS@0x110=000002a0 head=672 ctl0=490cc007 ptr1=451ad000 valid=1 match=1
[   29.597015] RPI5VC4: takeover OK reg=0x110 head=672 fb=00:451ad000 cursor=0 start=9 count=10
[   29.605416] RPI5VC4: LPTRS@0x110=000002a0 head=672 ctl0=490cc007 ptr1=451ad000 valid=1 match=1
[   29.613962] RPI5VC4: takeover OK reg=0x110 head=672 fb=00:451ad000 cursor=1 start=9 count=19
[   30.101095] RPI5VC4: present #256 moves=0 dirty=1 flip=3 idx=0 scan=441db000
[   30.111397] V3DSMOKE: rpi5vc4 V3dReady=1 ver=71 slab=64MB gpuva=0x01000000
[   30.115414] (\drivers\directx\dxgkrnl\d3dkmt.c:3488) D3DKMT CREATEALLOC #1 enter
[   30.122781] (\drivers\directx\dxgkrnl\d3dkmt.c:3491) D3DKMT CREATEALLOC #1 exit 0x00000000
[   30.131132] (\drivers\directx\dxgkrnl\d3dkmt.c:3524) D3DKMT LOCK #1 enter hAlloc=0x4d4d414d
[   30.131151] err:(\base\services\wkssvc\wkssvc.c:82) ServiceInit()
[   30.139713] (\drivers\directx\dxgkrnl\vidmm.c:3077) VidMm usermap #1 h=0x4D4D414D va=0000000040520000 resident=1 seg=1 pa=401db000 cache=2
[   30.145240] fixme:(\win32ss\printing\providers\localspl\monitors.c:265) InitializePrintMonitor2 loaded.
[   30.157885] (\drivers\directx\dxgkrnl\d3dkmt.c:3570) D3DKMT LOCK #1 exit va=0000000040520000
[   30.150532] err:(\base\services\wkssvc\rpcserver.c:61) RpcServerListen() failed (Status 6b1)
[   30.175670] (\drivers\directx\dxgkrnl\vidsch.c:385) VidSch kick #1 fence=1 node=0 size=64
[   30.167248] fixme:(\win32ss\printing\providers\localspl\monitors.c:304) InitializePrintMonitorList Handle 00000000401368F0
[   30.192184] (\drivers\directx\rpi5vc4\rpi5vc4_wddm.c:1941) RPI5VC4: submit queued fence=1 node=0 bcl=00000000..00000000
[   30.213962] (\drivers\directx\rpi5vc4\rpi5vc4_wddm.c:304) RPI5VC4: V3D job fence=1 EMPTY ranges bcl=00000000..00000000 rcl=01000000..01000000 qts=00000000 — completing without kick
[   30.230188] (\drivers\directx\rpi5vc4\rpi5vc4_wddm.c:776) RPI5VC4: report #1 fence=1 node=0
[   30.238512] (\drivers\directx\dxgkrnl\vidsch.c:213) VidSch comp #1 done=1 state=0 pending=0
[   30.247551] V3DSMOKE: alloc-relative submit status=0x00000000
[   30.252591] (\drivers\directx\dxgkrnl\d3dkmt.c:3488) D3DKMT CREATEALLOC #2 enter
[   30.259954] (\drivers\directx\dxgkrnl\d3dkmt.c:3491) D3DKMT CREATEALLOC #2 exit 0x00000000
[   30.712829] (\base\system\services\database.c:1836) Service V3dProbe exited without connecting the control pipe
[   30.720039] (\base\system\services\database.c:2107) Connecting control pipe failed! (Error 1053)
[   30.728804] (\base\system\services\database.c:753) ScmRemoveServiceImage() called
[   30.746369] fixme:(\win32ss\printing\providers\localspl\forms.c:234) InitializeFormList
[   30.752129] fixme:(\win32ss\printing\providers\localspl\printerdrivers.c:788) LocalGetPrinterDriverDirectory((null), Windows ARM64, 1, 00000000419FF168, 520, 00000000419FF164)
[   30.809686] fixme:(\base\services\browser\browser.c:144) ServiceMain(1 0000000040139B80)
[   30.826427] fixme:(\win32ss\printing\providers\localspl\printerdrivers.c:832) => L"C:\\ReactOS\\System32\\spool\\drivers\\arm64"
[   30.835381] fixme:(\win32ss\printing\providers\localspl\printerdrivers.c:114) DriverPath : C:\ReactOS\System32\spool\drivers\arm64\3\UniDrv.dll
[   31.077682] err:(\base\services\browser\rpcserver.c:42) RpcServerListen() failed (Status 6b1)
[   31.100242] err:(\base\services\srvsvc\rpcserver.c:64) RpcServerListen() failed (Status 6b1)
[   31.124394] (\base\services\wuauserv\wuauserv.c:44) WU UpdateServiceStatus(4) called
[   31.144200] (\dll\win32\syssetup\wizard.c:1482) Applying visual theme '(Classic)'
[   31.596183] (\win32ss\user\ntuser\winpos.c:796) err: FIXME: Parent is Desktop, Min off screen!
[   31.602724] err:(\dll\win32\combase\combase.c:1796) class {56fdf344-fd6d-11d0-958a-006097c9a090} not registered
[   31.612002] err:(\dll\win32\combase\combase.c:1874) no class object {56fdf344-fd6d-11d0-958a-006097c9a090} could be created for context 0x1
[   32.173633] RPI5VC4: present #320 moves=0 dirty=1 flip=3 idx=0 scan=441db000
[   32.178025] RPI5VC4: present #384 moves=0 dirty=1 flip=3 idx=0 scan=441db000
[   32.193533] RPI5VC4: present #448 moves=0 dirty=1 flip=3 idx=1 scan=449c4000
[   32.200090] RPI5VC4: present #512 moves=0 dirty=1 flip=3 idx=1 scan=449c4000
[   32.210494] RPI5VC4: present #576 moves=0 dirty=1 flip=3 idx=2 scan=451ad000
[   33.117911] (\base\services\umpnpmgr\install.c:931) Boot device install: 38 candidate(s), 36 need install
[   33.124597] (\base\services\umpnpmgr\install.c:392) Installing: batch[36 devices]
[   33.139343] (\base\services\umpnpmgr\event.c:103) Removal pending: Root\SOFTGPU\0000
[   33.144210] (\base\services\umpnpmgr\event.c:99) Removal vetoed: Root\SOFTGPU\0000
[   33.150396] RPI5VC4: present #640 moves=0 dirty=1 flip=3 idx=2 scan=451ad000
[   33.159150] (\base\services\umpnpmgr\event.c:103) Removal pending: Root\SOFTGPU\0000
[   33.166509] (\base\services\umpnpmgr\event.c:99) Removal vetoed: Root\SOFTGPU\0000
[   33.793420] (\base\services\umpnpmgr\install.c:526) Installing: ACPI\ACPI0004\0
[   33.797866] (\base\services\umpnpmgr\install.c:526) Installing: ACPI\ACPI0004\1
[   33.805148] (\base\services\umpnpmgr\install.c:526) Installing: ACPI\ACPI0007\0
[   33.812432] (\base\services\umpnpmgr\install.c:526) Installing: ACPI\ACPI0007\1
[   33.819722] (\base\services\umpnpmgr\install.c:526) Installing: ACPI\ACPI0007\2
[   33.827007] (\base\services\umpnpmgr\install.c:526) Installing: ACPI\ACPI0007\3
[   33.834301] (\base\services\umpnpmgr\install.c:526) Installing: ACPI\AMZN0001\1
[   33.841586] (\base\services\umpnpmgr\install.c:526) Installing: ACPI\ARMH0011\0
[   33.848875] (\base\services\umpnpmgr\install.c:526) Installing: ACPI\BRCM5D12\0
[   33.856160] (\base\services\umpnpmgr\install.c:526) Installing: ACPI\BRCM5D12\1
[   33.863452] (\base\services\umpnpmgr\install.c:526) Installing: ACPI\FixedButton\2&ccb86d17&FFB0
[   33.872212] (\base\services\umpnpmgr\install.c:526) Installing: ACPI\PNP0A08\1
[   33.879417] (\base\services\umpnpmgr\install.c:526) Installing: ACPI\PNP0D10\0
[   33.886614] (\base\services\umpnpmgr\install.c:526) Installing: ACPI\PNP0D10\1
[   33.893818] (\base\services\umpnpmgr\install.c:526) Installing: ACPI\PRP0001\0
[   33.901018] (\base\services\umpnpmgr\install.c:526) Installing: ACPI_HAL\PNP0C08\0
[   33.908569] (\base\services\umpnpmgr\install.c:526) Installing: DISPLAY\Default_Monitor\4&00000000&0&00
[   33.917939] (\base\services\umpnpmgr\install.c:526) Installing: DISPLAY\Default_Monitor\4&00000001&0&01
[   33.927311] (\base\services\umpnpmgr\install.c:526) Installing: HID\Vid_413c&Pid_301a\5&68ef529e&2&Col0001
[   33.936938] (\base\services\umpnpmgr\install.c:526) Installing: HTREE\ROOT\0
[   33.943971] (\base\services\umpnpmgr\install.c:526) Installing: Root\ACPI_HAL\0000
[   33.951515] (\base\services\umpnpmgr\install.c:526) Installing: SD\VID_0003&PID_FF00\00000000_00000000_B0FEFF00
[   33.961583] (\base\services\umpnpmgr\install.c:526) Installing: SDIO\VEN_02D0&DEV_4345&FUNC_1\00000000_00000000_02D0_4345_FUNC_1
[   33.973121] (\base\services\umpnpmgr\install.c:526) Installing: SDIO\VEN_02D0&DEV_4345&FUNC_2\00000000_00000000_02D0_4345_FUNC_2
[   33.984660] (\base\services\umpnpmgr\install.c:526) Installing: SDIO\VEN_02D0&DEV_4345&FUNC_3\00000000_00000000_02D0_4345_FUNC_3
[   33.996199] (\base\services\umpnpmgr\install.c:526) Installing: STORAGE\Partition\6&3c4bbb55&S00000000_O100000_L2ff00000
[   34.007048] (\base\services\umpnpmgr\install.c:526) Installing: STORAGE\Partition\6&87aea797&S9df3f58f-f8ad-4f63-9de5-0e0a91c4e2a0S_O100000_L10400000
[   34.020407] (\base\services\umpnpmgr\install.c:526) Installing: STORAGE\Partition\6&87aea797&S9df3f58f-f8ad-4f63-9de5-0e0a91c4e2a0S_O10500000_L1000000
[   34.033856] (\base\services\umpnpmgr\install.c:526) Installing: STORAGE\Partition\6&87aea797&S9df3f58f-f8ad-4f63-9de5-0e0a91c4e2a0S_O11500000_L7c0000000
[   34.047476] (\base\services\umpnpmgr\install.c:526) Installing: USB\ROOT_HUB\3&cc8c31f5
[   34.055456] (\base\services\umpnpmgr\install.c:526) Installing: USB\ROOT_HUB\3&d59700b4
[   34.063443] (\base\services\umpnpmgr\install.c:526) Installing: USB\Vid_0781&Pid_5581\0901da96cc5f2a6e98145c166ee0bf8579199debc6f1126c17dcbe55724e3388e11a00000000000000000000897c8cadff082920815581076e327e7a
[   34.081752] (\base\services\umpnpmgr\install.c:526) Installing: USB\Vid_0781&Pid_5591\01016e01ffd6f47ad7a9a904dc54438de8ee4ed362c463e23b37a4d9b83f12b6b3e3000000000000000000004ca60268000d5400915581077b32dc12
[   34.100056] (\base\services\umpnpmgr\install.c:526) Installing: USB\Vid_413c&Pid_301a\4&83bb0d7e&2
[   34.108995] (\base\services\umpnpmgr\install.c:526) Installing: USBSTOR\Disk&Ven__USB____&Prod__SanDisk_3.2Gen1&Rev_1.00\5&955e2bc9&01016e01ffd6f47ad7a9a904dc54438de8ee4ed362c463e23b37a4d9b83f12b6b3e3000000000000000000004ca60268000d5400915581077b32dc12&0
[   34.131471] (\base\services\umpnpmgr\install.c:526) Installing: USBSTOR\Disk&Ven__USB____&Prod__SanDisk_3.2Gen1&Rev_1.00\5&bb7f1351&0901da96cc5f2a6e98145c166ee0bf8579199debc6f1126c17dcbe55724e3388e11a00000000000000000000897c8cadff082920815581076e327e7a&0
[   34.272920] (\base\services\umpnpmgr\rpcserver.c:3673) PNP_SetDeviceProblem(000000004012B260 ACPI\ACPI0004\0 28 0x00000001)
[   34.281204] (\base\services\umpnpmgr\rpcserver.c:277) SetDeviceStatus(ACPI\ACPI0004\0 0x400 0x1c)
[   34.290021] (\ntoskrnl\io\pnpmgr\plugplay.c:983) Set status data is NOT SUPPORTED
[   34.300882] (\base\services\umpnpmgr\rpcserver.c:3673) PNP_SetDeviceProblem(000000004012B260 ACPI\ACPI0004\1 28 0x00000001)
[   34.309155] (\base\services\umpnpmgr\rpcserver.c:277) SetDeviceStatus(ACPI\ACPI0004\1 0x400 0x1c)
[   34.317994] (\ntoskrnl\io\pnpmgr\plugplay.c:983) Set status data is NOT SUPPORTED
[   34.910719] (\base\services\umpnpmgr\rpcserver.c:3673) PNP_SetDeviceProblem(000000004012B260 ACPI\BRCM5D12\0 28 0x00000001)
[   34.919005] (\base\services\umpnpmgr\rpcserver.c:277) SetDeviceStatus(ACPI\BRCM5D12\0 0x400 0x1c)
[   34.927836] (\ntoskrnl\io\pnpmgr\plugplay.c:983) Set status data is NOT SUPPORTED
[   34.936441] (\base\services\umpnpmgr\rpcserver.c:3673) PNP_SetDeviceProblem(000000004012B260 ACPI\BRCM5D12\1 28 0x00000001)
[   34.946478] (\base\services\umpnpmgr\rpcserver.c:277) SetDeviceStatus(ACPI\BRCM5D12\1 0x400 0x1c)
[   34.955375] (\ntoskrnl\io\pnpmgr\plugplay.c:983) Set status data is NOT SUPPORTED
[   35.242922] (\ntoskrnl\io\pnpmgr\devaction.c:2657) NOTE: attempt to start an already started/uninitialized device ACPI\PNP0A08\1
[   35.388958] (\ntoskrnl\io\pnpmgr\devaction.c:2657) NOTE: attempt to start an already started/uninitialized device ACPI\PNP0D10\0
[   35.533843] (\ntoskrnl\io\pnpmgr\devaction.c:2657) NOTE: attempt to start an already started/uninitialized device ACPI\PNP0D10\1
[   35.705863] (\ntoskrnl\mm\ARM3\sysldr.c:170) Loading: \SystemRoot\System32\drivers\rp1gem.sys at FFFFCC9F69E5A000 with c pages
[   35.728868] NDIS6-INIT: NdisAllocateBufferPool -> 0x00000000, handle=0000000000000000
[   35.733815] NDIS6-INIT: NdisAllocatePacketPool -> 0x00000000, handle=FFFFF4C1AF50D000
[   35.742261] NDIS6: InitializeEx → driver (adapter=FFFFF4C1AF5121C0 pdo=FFFFF4C1B029D070 fdo=FFFFF4C1AF512070 next=FFFFF4C1B029D070)
[   35.759431] NDIS6: NdisMRegisterInterruptEx vec=261 irql=12 affinity=0x1 mode=Level share=1
[   35.764905] NDIS6: IoConnectInterrupt -> 0x00000000, KINTERRUPT=FFFFF4C1B054B010
[   35.772403] NDIS6: adapter FFFFF4C1AF5121C0 MAC 2c:cf:67:dd:90:9a connect=2
[   35.779354] NDIS6: InitializeEx returned 0x00000000 (ctx=FFFFF4C1AF508000)
[   35.786072] (\drivers\network\nwifi\protocol.c:248) NWIFI: BindAdapterEx '\Device\{baf77aeb-f527-47c7-95da-c13927d174da}'
[   35.795149] RPI5VC4: present #704 moves=0 dirty=1 flip=3 idx=2 scan=451ad000
[   35.797001] (\drivers\network\nwifi\protocol.c:253) NWIFI: skipping non-dot11 medium 0
[   35.950603] (\ntoskrnl\io\pnpmgr\devaction.c:2657) NOTE: attempt to start an already started/uninitialized device ACPI_HAL\PNP0C08\0
[   36.246453] (\ntoskrnl\io\pnpmgr\devaction.c:2657) NOTE: attempt to start an already started/uninitialized device HID\Vid_413c&Pid_301a\5&68ef529e&2&Col0001
[   36.395511] (\ntoskrnl\io\pnpmgr\devaction.c:2657) NOTE: attempt to start an already started/uninitialized device Root\ACPI_HAL\0000
[   36.536082] (\base\services\umpnpmgr\rpcserver.c:3673) PNP_SetDeviceProblem(000000004012B260 SD\VID_0003&PID_FF00\00000000_00000000_B0FEFF00 28 0x00000001)
[   36.547142] (\base\services\umpnpmgr\rpcserver.c:277) SetDeviceStatus(SD\VID_0003&PID_FF00\00000000_00000000_B0FEFF00 0x400 0x1c)
[   36.558752] (\ntoskrnl\io\pnpmgr\plugplay.c:983) Set status data is NOT SUPPORTED
[   36.714445] (\ntoskrnl\mm\ARM3\sysldr.c:170) Loading: \SystemRoot\System32\drivers\cyw43455.sys at FFFFCC9F69E4C000 with e pages
[   36.737373] NDIS6-INIT: NdisAllocateBufferPool -> 0x00000000, handle=0000000000000000
[   36.742322] NDIS6-INIT: NdisAllocatePacketPool -> 0x00000000, handle=FFFFF4C1B05A0000
[   36.750160] NDIS6: InitializeEx → driver (adapter=FFFFF4C1B059F1C0 pdo=FFFFF4C1B01CE070 fdo=FFFFF4C1B059F070 next=FFFFF4C1B01CE070)
[   36.982059] NDIS6: adapter FFFFF4C1B059F1C0 MAC b8:27:eb:74:f2:6c connect=2
[   36.986202] NDIS6: InitializeEx returned 0x00000000 (ctx=FFFFF4C1B05A5000)
[   36.993024] (\drivers\network\nwifi\protocol.c:248) NWIFI: BindAdapterEx '\Device\{f4dcdcfa-3c92-4fe0-8875-115fc3832b3d}'
[   37.004352] NDIS6: seeded TCPIP registry for \Device\{B1D2C3E4-5F6A-4B8C-9D0E-02524F535731}
[   37.012276] NDIS6: InitializeEx → driver (adapter=FFFFF4C1B08081C0 pdo=FFFFF4C1B0808070 fdo=FFFFF4C1B0808070 next=0000000000000000)
[   37.024254] (\drivers\network\nwifi\miniport.c:117) NWIFI: MiniportInitializeEx interface 0
[   37.032583] NDIS6: adapter FFFFF4C1B08081C0 MAC b8:27:eb:74:f2:6c connect=2
[   37.039516] NDIS6: InitializeEx returned 0x00000000 (ctx=FFFFF4C1B063DE20)
[   37.046366] NDIS6: Restart → driver
[   37.050011] (\drivers\network\nwifi\miniport.c:210) NWIFI: MiniportRestartEx interface 0
[   37.058086] NDIS6: LINK_STATE adapter=FFFFF4C1B08081C0 connect=2 rx=18446744073709551615 tx=18446744073709551615
[   37.068233] NDIS6: RestartHandler returned 0x00000000
[   37.073271] (\drivers\network\nwifi\protocol.c:248) NWIFI: BindAdapterEx '\Device\{B1D2C3E4-5F6A-4B8C-9D0E-02524F535731}'
[   37.084196] (\drivers\network\nwifi\protocol.c:253) NWIFI: skipping non-dot11 medium 0
[   37.092096] (\drivers\network\nwifi\protocol.c:383) NWIFI: bound interface 0 MAC b8:27:eb:74:f2:6c
[   37.234854] (\base\services\umpnpmgr\rpcserver.c:3673) PNP_SetDeviceProblem(000000004012B260 SDIO\VEN_02D0&DEV_4345&FUNC_2\00000000_00000000_02D0_4345_FUNC_2 28 0x00000001)
[   37.247399] (\base\services\umpnpmgr\rpcserver.c:277) SetDeviceStatus(SDIO\VEN_02D0&DEV_4345&FUNC_2\00000000_00000000_02D0_4345_FUNC_2 0x400 0x1c)
[   37.260481] (\ntoskrnl\io\pnpmgr\plugplay.c:983) Set status data is NOT SUPPORTED
[   37.400460] (\base\services\umpnpmgr\rpcserver.c:3673) PNP_SetDeviceProblem(000000004012B260 SDIO\VEN_02D0&DEV_4345&FUNC_3\00000000_00000000_02D0_4345_FUNC_3 28 0x00000001)
[   37.413000] (\base\services\umpnpmgr\rpcserver.c:277) SetDeviceStatus(SDIO\VEN_02D0&DEV_4345&FUNC_3\00000000_00000000_02D0_4345_FUNC_3 0x400 0x1c)
[   37.426083] (\ntoskrnl\io\pnpmgr\plugplay.c:983) Set status data is NOT SUPPORTED
[   37.712525] (\ntoskrnl\io\pnpmgr\devaction.c:2657) NOTE: attempt to start an already started/uninitialized device USB\ROOT_HUB\3&cc8c31f5
[   37.862446] (\ntoskrnl\io\pnpmgr\devaction.c:2657) NOTE: attempt to start an already started/uninitialized device USB\ROOT_HUB\3&d59700b4
[   38.008812] (\ntoskrnl\io\pnpmgr\devaction.c:2657) NOTE: attempt to start an already started/uninitialized device USB\Vid_0781&Pid_5581\0901da96cc5f2a6e98145c166ee0bf8579199debc6f1126c17dcbe55724e3388e11a00000000000000000000897c8cadff082920815581076e327e7a
[   38.165480] (\ntoskrnl\io\pnpmgr\devaction.c:2657) NOTE: attempt to start an already started/uninitialized device USB\Vid_0781&Pid_5591\01016e01ffd6f47ad7a9a904dc54438de8ee4ed362c463e23b37a4d9b83f12b6b3e3000000000000000000004ca60268000d5400915581077b32dc12
[   38.322853] (\ntoskrnl\io\pnpmgr\devaction.c:2657) NOTE: attempt to start an already started/uninitialized device USB\Vid_413c&Pid_301a\4&83bb0d7e&2
[   38.484055] (\dll\win32\storprop\disk.c:63) DiskClassInstaller(23 00000000401335F0 0000000040136780)
[   38.490526] (\dll\win32\storprop\disk.c:63) DiskClassInstaller(24 00000000401335F0 0000000040136780)
[   38.499576] (\dll\win32\storprop\disk.c:63) DiskClassInstaller(28 00000000401335F0 0000000040136780)
[   38.508685] (\dll\win32\storprop\disk.c:63) DiskClassInstaller(29 00000000401335F0 0000000040136780)
[   38.517808] (\dll\win32\storprop\disk.c:63) DiskClassInstaller(21 00000000401335F0 0000000040136780)
[   38.527322] (\dll\win32\storprop\disk.c:63) DiskClassInstaller(34 00000000401335F0 0000000040136780)
[   38.536412] (\dll\win32\storprop\disk.c:63) DiskClassInstaller(32 00000000401335F0 0000000040136780)
[   38.545933] (\dll\win32\storprop\disk.c:63) DiskClassInstaller(2 00000000401335F0 0000000040136780)
[   38.550989] RPI5VC4: present #768 moves=0 dirty=1 flip=3 idx=2 scan=451ad000
[   38.557559] (\ntoskrnl\io\pnpmgr\devaction.c:2657) NOTE: attempt to start an already started/uninitialized device USBSTOR\Disk&Ven__USB____&Prod__SanDisk_3.2Gen1&Rev_1.00\5&955e2bc9&01016e01ffd6f47ad7a9a904dc54438de8ee4ed362c463e23b37a4d9b83f12b6b3e3000000000000000000004ca60268000d5400915581077b32dc12&0
[   38.588639] (\dll\win32\storprop\disk.c:63) DiskClassInstaller(30 00000000401335F0 0000000040136780)
[   38.597020] (\dll\win32\storprop\disk.c:63) DiskClassInstaller(12 00000000401335F0 0000000040136780)
[   38.609481] (\dll\win32\storprop\disk.c:63) DiskClassInstaller(23 00000000401335F0 0000000040136780)
[   38.615880] (\dll\win32\storprop\disk.c:63) DiskClassInstaller(24 00000000401335F0 0000000040136780)
[   38.624984] (\dll\win32\storprop\disk.c:63) DiskClassInstaller(28 00000000401335F0 0000000040136780)
[   38.634102] (\dll\win32\storprop\disk.c:63) DiskClassInstaller(29 00000000401335F0 0000000040136780)
[   38.643204] (\dll\win32\storprop\disk.c:63) DiskClassInstaller(21 00000000401335F0 0000000040136780)
[   38.652717] (\dll\win32\storprop\disk.c:63) DiskClassInstaller(34 00000000401335F0 0000000040136780)
[   38.661817] (\dll\win32\storprop\disk.c:63) DiskClassInstaller(32 00000000401335F0 0000000040136780)
[   38.671347] (\dll\win32\storprop\disk.c:63) DiskClassInstaller(2 00000000401335F0 0000000040136780)
[   38.682884] (\ntoskrnl\io\pnpmgr\devaction.c:2657) NOTE: attempt to start an already started/uninitialized device USBSTOR\Disk&Ven__USB____&Prod__SanDisk_3.2Gen1&Rev_1.00\5&bb7f1351&0901da96cc5f2a6e98145c166ee0bf8579199debc6f1126c17dcbe55724e3388e11a00000000000000000000897c8cadff082920815581076e327e7a&0
[   38.707661] (\dll\win32\storprop\disk.c:63) DiskClassInstaller(30 00000000401335F0 0000000040136780)
[   38.716027] (\dll\win32\storprop\disk.c:63) DiskClassInstaller(12 00000000401335F0 0000000040136780)
[   38.748902] (\win32ss\user\ntuser\desktop.c:1370) err: ptiLastInput is CLEARED!!
[   38.814836] (\ntoskrnl\mm\ARM3\sysldr.c:170) Loading: \SystemRoot\System32\drivers\tcpip.sys at FFFFCC9F69E03000 with 40 pages
[   38.845927] NDIS6: Restart → driver
[   38.846705] NDIS6: RestartHandler returned 0x00000000
[   38.851981] NDIS6: Restart → driver
[   38.855383] NDIS6: RestartHandler returned 0x00000000
[   38.878504] (\base\services\dhcpcsvc\dhcp\api.c:58) RpcServerListen() failed (Status 6b1)
[   38.901995] fixme:(\dll\win32\rpcrt4\rpc_server.c:1736) (0x1000): stub
[   38.921613] (\dll\win32\syssetup\install.c:1177) LIVECD: RegistrationPhase2 begin
[   39.090539] (\win32ss\user\winsrv\usersrv\init.c:152) GetThreadConsoleDesktop(488) failed with Status 0xc0000008
[   39.206026] fixme:(\dll\win32\shdocvw\shdocvw_main.c:222) (TRUE, (null)): stub!
[   39.976480] NDIS6: LINK_STATE adapter=FFFFF4C1AF5121C0 connect=1 rx=1000000000 tx=1000000000
[   39.983439] fixme:(\dll\win32\shell32\shell32.cpp:512) TRUE (null): stub
[   40.196640] (\dll\win32\syssetup\install.c:1186) LIVECD: TypeLibraries begin
[   40.334561] (\dll\win32\syssetup\install.c:1188) LIVECD: registration done
[   40.339608] (\dll\win32\syssetup\install.c:1127) LIVECD: deferred registration begin
[   40.454472] RPI5VC4: present #832 moves=0 dirty=1 flip=3 idx=0 scan=441db000
[   40.459193] RPI5VC4: present #896 moves=0 dirty=1 flip=3 idx=0 scan=441db000
[   40.479476] RPI5VC4: present #960 moves=0 dirty=1 flip=3 idx=1 scan=449c4000
[   40.484186] RPI5VC4: present #1024 moves=0 dirty=1 flip=3 idx=1 scan=449c4000
[   40.504683] RPI5VC4: present #1088 moves=0 dirty=1 flip=3 idx=2 scan=451ad000
[   40.511734] RPI5VC4: present #1152 moves=0 dirty=1 flip=3 idx=2 scan=451ad000
[   40.527511] RPI5VC4: present #1216 moves=0 dirty=1 flip=3 idx=0 scan=441db000
[   40.546188] RPI5VC4: present #1280 moves=0 dirty=1 flip=3 idx=1 scan=449c4000
[   40.551072] RPI5VC4: present #1344 moves=0 dirty=1 flip=3 idx=1 scan=449c4000
[   40.572218] RPI5VC4: present #1408 moves=0 dirty=1 flip=3 idx=2 scan=451ad000
[   40.577026] RPI5VC4: present #1472 moves=0 dirty=1 flip=3 idx=2 scan=451ad000
[   40.601773] RPI5VC4: present #1536 moves=0 dirty=1 flip=3 idx=0 scan=441db000
[   40.606610] RPI5VC4: present #1600 moves=0 dirty=1 flip=3 idx=0 scan=441db000
[   40.626696] RPI5VC4: present #1664 moves=0 dirty=1 flip=3 idx=1 scan=449c4000
[   40.631466] RPI5VC4: present #1728 moves=0 dirty=1 flip=3 idx=1 scan=449c4000
[   40.652169] RPI5VC4: present #1792 moves=0 dirty=1 flip=3 idx=2 scan=451ad000
[   40.656967] RPI5VC4: present #1856 moves=0 dirty=1 flip=3 idx=2 scan=451ad000
[   40.676161] RPI5VC4: present #1920 moves=0 dirty=1 flip=3 idx=0 scan=441db000
[   40.680963] RPI5VC4: present #1984 moves=0 dirty=1 flip=3 idx=0 scan=441db000
[   40.700540] RPI5VC4: present #2048 moves=0 dirty=1 flip=3 idx=1 scan=449c4000
[   40.705345] RPI5VC4: present #2112 moves=0 dirty=1 flip=3 idx=1 scan=449c4000
[   40.726541] RPI5VC4: present #2176 moves=0 dirty=1 flip=3 idx=2 scan=451ad000
[   40.731345] RPI5VC4: present #2240 moves=0 dirty=1 flip=3 idx=2 scan=451ad000
[   40.752025] RPI5VC4: present #2304 moves=0 dirty=1 flip=3 idx=0 scan=441db000
[   40.756792] RPI5VC4: present #2368 moves=0 dirty=1 flip=3 idx=0 scan=441db000
[   40.777432] RPI5VC4: present #2432 moves=0 dirty=1 flip=3 idx=1 scan=449c4000
[   40.782196] RPI5VC4: present #2496 moves=0 dirty=1 flip=3 idx=1 scan=449c4000
[   40.804066] RPI5VC4: present #2560 moves=0 dirty=1 flip=3 idx=2 scan=451ad000
[   40.808867] RPI5VC4: present #2624 moves=0 dirty=1 flip=3 idx=2 scan=451ad000
[   40.840031] RPI5VC4: present #2688 moves=0 dirty=1 flip=3 idx=0 scan=441db000
[   40.844954] RPI5VC4: present #2752 moves=0 dirty=1 flip=3 idx=0 scan=441db000
[   40.866685] RPI5VC4: present #2816 moves=0 dirty=1 flip=3 idx=1 scan=449c4000
[   40.871517] RPI5VC4: present #2880 moves=0 dirty=1 flip=3 idx=1 scan=449c4000
[   40.891670] RPI5VC4: present #2944 moves=0 dirty=1 flip=3 idx=2 scan=451ad000
[   40.896473] RPI5VC4: present #3008 moves=0 dirty=1 flip=3 idx=2 scan=451ad000
[   40.916556] RPI5VC4: present #3072 moves=0 dirty=1 flip=3 idx=0 scan=441db000
[   40.923576] RPI5VC4: present #3136 moves=0 dirty=1 flip=3 idx=0 scan=441db000
[   40.939232] RPI5VC4: present #3200 moves=0 dirty=1 flip=3 idx=1 scan=449c4000
[   40.956895] RPI5VC4: present #3264 moves=0 dirty=1 flip=3 idx=2 scan=451ad000
[   40.961702] RPI5VC4: present #3328 moves=0 dirty=1 flip=3 idx=2 scan=451ad000
[   40.987631] RPI5VC4: present #3392 moves=0 dirty=1 flip=3 idx=0 scan=441db000
[   40.992441] RPI5VC4: present #3456 moves=0 dirty=1 flip=3 idx=0 scan=441db000
[   41.013008] RPI5VC4: present #3520 moves=0 dirty=1 flip=3 idx=1 scan=449c4000
[   41.017851] RPI5VC4: present #3584 moves=0 dirty=1 flip=3 idx=1 scan=449c4000
[   41.038320] RPI5VC4: present #3648 moves=0 dirty=1 flip=3 idx=2 scan=451ad000
[   41.043125] RPI5VC4: present #3712 moves=0 dirty=1 flip=3 idx=2 scan=451ad000
[   41.063548] RPI5VC4: present #3776 moves=0 dirty=1 flip=3 idx=0 scan=441db000
[   41.068371] RPI5VC4: present #3840 moves=0 dirty=1 flip=3 idx=0 scan=441db000
[   41.090638] RPI5VC4: present #3904 moves=0 dirty=1 flip=3 idx=1 scan=449c4000
[   41.098183] RPI5VC4: present #3968 moves=0 dirty=1 flip=3 idx=2 scan=451ad000
[   41.116084] RPI5VC4: present #4032 moves=0 dirty=1 flip=3 idx=0 scan=441db000
[   41.120913] RPI5VC4: present #4096 moves=0 dirty=1 flip=3 idx=0 scan=441db000
[   41.140826] RPI5VC4: present #4160 moves=0 dirty=1 flip=3 idx=1 scan=449c4000
[   41.145650] RPI5VC4: present #4224 moves=0 dirty=1 flip=3 idx=1 scan=449c4000
[   41.165653] RPI5VC4: present #4288 moves=0 dirty=1 flip=3 idx=2 scan=451ad000
[   41.170437] RPI5VC4: present #4352 moves=0 dirty=1 flip=3 idx=2 scan=451ad000
[   41.190398] RPI5VC4: present #4416 moves=0 dirty=1 flip=3 idx=0 scan=441db000
[   41.195184] RPI5VC4: present #4480 moves=0 dirty=1 flip=3 idx=0 scan=441db000
[   41.215189] RPI5VC4: present #4544 moves=0 dirty=1 flip=3 idx=1 scan=449c4000
[   41.229923] RPI5VC4: present #4608 moves=0 dirty=1 flip=3 idx=2 scan=451ad000
[   41.248073] RPI5VC4: present #4672 moves=0 dirty=1 flip=3 idx=0 scan=441db000
[   41.252892] RPI5VC4: present #4736 moves=0 dirty=1 flip=3 idx=0 scan=441db000
[   41.282152] (\dll\ntdll\ldr\ldrinit.c:2244) WARN: Accepting different LOAD_CONFIG size!
[   41.482117] fixme:(\dll\win32\shdocvw\winlist.cpp:81) ()
[   41.528079] fixme:(\dll\win32\comctl32\toolbar.c:403) [00000000000200C4] TBSTYLE_REGISTERDROP not implemented
[   41.645298] WARNING:  NtNotifyChangeMultipleKeys at \ntoskrnl\config\ntapi.c:1470 is UNIMPLEMENTED!
[   41.645423] (\win32ss\user\ntuser\desktop.c:1551) err: UMWP calling IDWP
[   41.651497] err:(\dll\win32\mmdevapi\devenum.c:1309) RegNotifyChangeKeyValue failed: 1
[   41.658157] (\win32ss\user\ntuser\desktop.c:1551) err: UMWP calling IDWP
[   41.776863] fixme:(\dll\win32\wintrust\register.c:1227) stub
[   41.814029] fixme:(\dll\win32\shell32\shlexec.cpp:2350) flags ignored: 0x00000100
[   41.870944] fixme:(\dll\win32\setupapi\install.c:1494) default path of the installation not changed
[   42.169148] err:(\dll\win32\setupapi\queue.c:1215) Unsupported style(s) 0x104
[   42.193490] (\base\services\dhcpcsvc\dhcp\adapter.c:170) There is no active configuration!
[   42.198880] DHCPCSVC: Adapter Name: [{baf77aeb-f527-47c7-95da-c13927d174da}] (dynamic)
[   42.209737] TCPIP-UDP: UDPReceive #1 dst=0x67dfa8c0:68 src=0x01dfa8c0:67 len=300
[   42.214249] TCPIP-UDP: matched AddrFile=FFFFF4C1B0A6DDF0 — delivering
[   42.220855] AFD-RX: PacketSocketRecvComplete #1 FCB=FFFFF4C1B0A6CB70 Status=0x00000000 Info=300
[   42.520417] fixme:(\dll\win32\advpack\reg.c:197) SYS_MOD_PATH needs more work
[   43.047470] RPI5VC4: present #4800 moves=0 dirty=1 flip=3 idx=2 scan=451ad000
[   43.052198] RPI5VC4: present #4864 moves=0 dirty=1 flip=3 idx=2 scan=451ad000
[   43.134973] (\win32ss\user\ntuser\winpos.c:1449) err: Window is HWND_BOTTOM hwnd 0000000000000001
[   43.234038] TCPIP-UDP: UDPReceive #2 dst=0x67dfa8c0:68 src=0x01dfa8c0:67 len=300
[   43.238554] TCPIP-UDP: matched AddrFile=FFFFF4C1B0A6DDF0 — delivering
[   43.245150] AFD-RX: PacketSocketRecvComplete #2 FCB=FFFFF4C1B0A6CB70 Status=0x00000000 Info=300
[   43.709183] (\dll\ntdll\ldr\ldrinit.c:2244) WARN: Accepting different LOAD_CONFIG size!
[   43.813929] (\dll\ntdll\rtl\libsupp.c:1173) ApiSetResolveToHost redirected api-ms-win-crt-private-l1-1-0.dll to C:\ReactOS\System32\ucrtbase.dll
[   43.839947] (\dll\ntdll\rtl\libsupp.c:1173) ApiSetResolveToHost redirected api-ms-win-crt-stdio-l1-1-0.dll to C:\ReactOS\System32\ucrtbase.dll
[   43.849962] (\dll\ntdll\rtl\libsupp.c:1173) ApiSetResolveToHost redirected api-ms-win-crt-string-l1-1-0.dll to C:\ReactOS\System32\ucrtbase.dll
[   43.863053] (\dll\ntdll\rtl\libsupp.c:1173) ApiSetResolveToHost redirected api-ms-win-crt-runtime-l1-1-0.dll to C:\ReactOS\System32\ucrtbase.dll
[   43.875910] (\dll\ntdll\rtl\libsupp.c:1173) ApiSetResolveToHost redirected api-ms-win-crt-locale-l1-1-0.dll to C:\ReactOS\System32\ucrtbase.dll
[   43.888557] (\dll\ntdll\rtl\libsupp.c:1173) ApiSetResolveToHost redirected api-ms-win-crt-math-l1-1-0.dll to C:\ReactOS\System32\ucrtbase.dll
[   43.901187] (\dll\ntdll\rtl\libsupp.c:1173) ApiSetResolveToHost redirected api-ms-win-crt-heap-l1-1-0.dll to C:\ReactOS\System32\ucrtbase.dll
[   43.913912] (\dll\ntdll\rtl\libsupp.c:1173) ApiSetResolveToHost redirected api-ms-win-crt-convert-l1-1-0.dll to C:\ReactOS\System32\ucrtbase.dll
[   43.926803] (\dll\ntdll\rtl\libsupp.c:1173) ApiSetResolveToHost redirected api-ms-win-crt-environment-l1-1-0.dll to C:\ReactOS\System32\ucrtbase.dll
[   44.015146] Could not load wine-gecko. HTML rendering will be disabled.
[   44.018966] fixme:(\dll\win32\mshtml\main.c:363) stub 1 (null): returning S_OK
[   44.081355] (\dll\ntdll\rtl\libsupp.c:1173) ApiSetResolveToHost redirected api-ms-win-core-localization-l1-2-1 to C:\ReactOS\System32\kernel32.dll
[   44.120750] err:(\dll\opengl\opengl32\icdload.c:122) Overriding the default OGL ICD with MesaV3D
[   44.233142] (\dll\ntdll\rtl\libsupp.c:1173) ApiSetResolveToHost redirected api-ms-win-core-synch-l1-2-0.dll to C:\ReactOS\System32\kernel32.dll
[   44.243646] (\dll\ntdll\rtl\libsupp.c:1173) ApiSetResolveToHost redirected api-ms-win-crt-utility-l1-1-0.dll to C:\ReactOS\System32\ucrtbase.dll
[   44.256120] (\dll\ntdll\rtl\libsupp.c:1173) ApiSetResolveToHost redirected api-ms-win-crt-filesystem-l1-1-0.dll to C:\ReactOS\System32\ucrtbase.dll
[   44.323958] MESA: error: WGL: trying gallium driver [0] 'v3d'
[   44.327107] (\drivers\directx\dxgkrnl\d3dkmt.c:3028) DxgkCreatePagingQueue: RETURN hPagingQueue=0x51474151
[   44.479966] RPI5VC4: present #4928 moves=0 dirty=1 flip=3 idx=0 scan=441db000
[   44.499102] MESA: error: v3dv-reactos: rpi5vc4 adapter open pq=0x51474151, V3D 7.1 ready=1 slab=64MB
[   44.519973] v3dwgl: v3d screen created, wrapper installed
[   44.566771] MESA: error: WGL: gallium driver 'v3d' screen created
[   44.619724] fixme:(\dll\win32\olepro32\olepro32stubs.c:47) stub
[   44.635942] fixme:(\dll\win32\pstorec\pstorec.c:377) 
[   44.647594] MESA: error: STW: screen 'V3D 7.1.10.2' ready, pixelformats=360
[   44.651833] OPENGL32: ICD MesaV3D formats=360 for hdc 000000000E010175
[   44.660574] OPENGL32: C:\ReactOS\bin\gears.exe renders with the HARDWARE ICD
[   44.671581] (\drivers\directx\dxgkrnl\d3dkmt.c:3488) D3DKMT CREATEALLOC #3 enter
[   44.676106] (\drivers\directx\dxgkrnl\d3dkmt.c:3491) D3DKMT CREATEALLOC #3 exit 0x00000000
[   44.684376] (\drivers\directx\dxgkrnl\d3dkmt.c:3878) D3DKMT MAP: ioctl reached hAlloc=0x4d4d414f pages=2 ctx=0000000000000000
[   44.695629] (\drivers\directx\dxgkrnl\d3dkmt.c:3921) D3DKMT MAP exit hAlloc=0x4d4d414f va=401e0000
[   44.704611] (\drivers\directx\dxgkrnl\d3dkmt.c:3524) D3DKMT LOCK #2 enter hAlloc=0x4d4d414f
[   44.713264] (\drivers\directx\dxgkrnl\vidmm.c:3077) VidMm usermap #2 h=0x4D4D414F va=0000000042CF0000 resident=1 seg=1 pa=401e0000 cache=2
[   44.725299] (\drivers\directx\dxgkrnl\d3dkmt.c:3570) D3DKMT LOCK #2 exit va=0000000042CF0000
[   44.800084] (\drivers\directx\dxgkrnl\d3dkmt.c:3488) D3DKMT CREATEALLOC #4 enter
[   44.804609] (\drivers\directx\dxgkrnl\d3dkmt.c:3491) D3DKMT CREATEALLOC #4 exit 0x00000000
[   44.812856] (\drivers\directx\dxgkrnl\d3dkmt.c:3878) D3DKMT MAP: ioctl reached hAlloc=0x4d4d4148 pages=96 ctx=0000000000000000
[   44.824208] (\drivers\directx\dxgkrnl\d3dkmt.c:3921) D3DKMT MAP exit hAlloc=0x4d4d4148 va=401e2000
[   44.833333] (\drivers\directx\dxgkrnl\d3dkmt.c:3488) D3DKMT CREATEALLOC #5 enter
[   44.840806] (\drivers\directx\dxgkrnl\d3dkmt.c:3491) D3DKMT CREATEALLOC #5 exit 0x00000000
[   44.848769] (\drivers\directx\dxgkrnl\d3dkmt.c:3878) D3DKMT MAP: ioctl reached hAlloc=0x4d4d4149 pages=48 ctx=0000000000000000
[   44.860127] (\drivers\directx\dxgkrnl\d3dkmt.c:3921) D3DKMT MAP exit hAlloc=0x4d4d4149 va=40242000
[   44.947525] GL_RENDERER   = V3D 7.1.10.2
[   44.948793] GL_VERSION    = 3.1 Mesa 26.2.0-devel (git-3bbd7a1d03)
[   44.956711] GL_VENDOR     = Broadcom
[   44.962029] GL_EXTENSIONS = GL_ARB_multisample GL_EXT_abgr GL_EXT_bgra GL_EXT_blend_color GL_EXT_blend_minmax GL_EXT_blend_subtract GL_EXT_copy_texture GL_EXT_subtexture GL_EXT_texture_object GL_EXT_vertex_array GL_EXT_compiled_vertex_array GL_EXT_texture GL_EXT_texture3D GL_IBM_rasterpos_clip GL_ARB_point_parameters GL_EXT_draw_range_elements GL_EXT_packed_pixels GL_EXT_point_parameters GL_EXT_rescale_normal GL_EXT_separate_specular_color GL_EXT_texture_edge_clamp GL_SGIS_generate_mipmap GL_SGIS_texture[   45.003608]  GL_SGIS_texture_edge_clamp GL_SGIS_texture_lod GL_ARB_framebuffer_sRGB GL_ARB_multitexture GL_EXT_framebuffer_sRGB GL_IBM_multimode_draw_arrays GL_IBM_texture_mirrored_repeat GL_ARB_texture_cube_map GL_ARB_texture_env_add GL_ARB_transpose_matrix GL_EXT_blend_func_separate GL_EXT_fog_coord GL_EXT_multi_draw_arrays GL_EXT_secondary_color GL_EXT_texture_env_add GL_EXT_texture_filter_anisotropic GL_EXT_texture_lod_bias GL_INGR_blend_func_separate GL_NV_blend_square GL_NV_light_max_exponent GL_NV[   45.048023] ction GL_NV_texture_env_combine4 GL_S3_s3tc GL_SUN_multi_draw_arrays GL_ARB_texture_border_clamp GL_ARB_texture_compression GL_EXT_framebuffer_object GL_EXT_texture_compression_s3tc GL_EXT_texture_env_combine GL_EXT_texture_env_dot3 GL_MESA_window_pos GL_NV_packed_depth_stencil GL_NV_texture_rectangle GL_ARB_depth_texture GL_ARB_occlusion_query GL_ARB_shadow GL_ARB_texture_env_combine GL_ARB_texture_env_crossbar GL_ARB_texture_env_dot3 GL_ARB_texture_mirrored_repeat GL_ARB_window_pos GL_ATI_f[   45.064179] fixme:(\dll\win32\urlmon\urlmon_main.c:243) (TRUE, (null)): stub
[   45.092449] r GL_EXT_stencil_two_side GL_EXT_texture_cube_map GL_NV_depth_clamp GL_NV_fog_distance GL_NV_half_float GL_APPLE_packed_pixels GL_ARB_draw_buffers GL_ARB_fragment_program GL_ARB_fragment_shader GL_ARB_shader_objects GL_ARB_vertex_program GL_ARB_vertex_shader GL_ATI_draw_buffers GL_ATI_texture_env_combine3 GL_ATI_texture_float GL_EXT_shadow_funcs GL_EXT_stencil_wrap GL_MESA_pack_invert GL_NV_primitive_restart GL_ARB_depth_clamp GL_ARB_fragment_program_shadow GL_ARB_half_float_pixel GL_ARB_occl[   45.143890] GL_ARB_[   45.144294] (\base\services\w32time\register.c:54) RegisterService()
[   45.155610] (\drivers\directx\dxgkrnl\d3dkmt.c:3488) D3DKMT CREATEALLOC #6 enter
[   45.156964] fixme:(\dll\win32\wininet\internet.c:350) (1 (null)): stub
[   45.160136] (\drivers\directx\dxgkrnl\d3dkmt.c:3491) D3DKMT CREATEALLOC #6 exit 0x00000000
[   45.174889] (\drivers\directx\dxgkrnl\d3dkmt.c:3878) D3DKMT MAP: ioctl reached hAlloc=0x4d4d414a pages=257 ctx=0000000000000000
[   45.186503] (\drivers\directx\dxgkrnl\d3dkmt.c:3921) D3DKMT MAP exit hAlloc=0x4d4d414a va=40272000
[   45.195333] (\drivers\directx\dxgkrnl\d3dkmt.c:3524) D3DKMT LOCK #3 enter hAlloc=0x4d4d414a
[   45.204197] (\drivers\directx\dxgkrnl\vidmm.c:3077) VidMm usermap #3 h=0x4D4D414A va=0000000042FE0000 resident=1 seg=1 pa=40272000 cache=2
[   45.216001] (\drivers\directx\dxgkrnl\d3dkmt.c:3570) D3DKMT LOCK #3 exit va=0000000042FE0000
[   45.242321] (\drivers\directx\dxgkrnl\d3dkmt.c:3488) D3DKMT CREATEALLOC #7 enter
[   45.246854] (\drivers\directx\dxgkrnl\d3dkmt.c:3491) D3DKMT CREATEALLOC #7 exit 0x00000000
[   45.255114] (\drivers\directx\dxgkrnl\d3dkmt.c:3878) D3DKMT MAP: ioctl reached hAlloc=0x4d4d414b pages=1 ctx=0000000000000000
[   45.266396] (\drivers\directx\dxgkrnl\d3dkmt.c:3921) D3DKMT MAP exit hAlloc=0x4d4d414b va=40373000
[   45.275377] (\drivers\directx\dxgkrnl\d3dkmt.c:3524) D3DKMT LOCK #4 enter hAlloc=0x4d4d414b
[   45.283997] (\drivers\directx\dxgkrnl\vidmm.c:3077) VidMm usermap #4 h=0x4D4D414B va=00000000430F0000 resident=1 seg=1 pa=40373000 cache=2
[   45.296029] (\drivers\directx\dxgkrnl\d3dkmt.c:3570) D3DKMT LOCK #4 exit va=00000000430F0000
[   45.304472] (\sdk\lib\rtl\heap.c:2995) Realloc in place failed, but it was the only option
[   45.312696] (\sdk\lib\rtl\heap.c:2995) Realloc in place failed, but it was the only option
[   45.322872] (\drivers\directx\dxgkrnl\d3dkmt.c:3488) D3DKMT CREATEALLOC #8 enter
[   45.328317] (\drivers\directx\dxgkrnl\d3dkmt.c:3491) D3DKMT CREATEALLOC #8 exit 0x00000000
[   45.329532] (\dll\ntdll\rtl\libsupp.c:1173) ApiSetResolveToHost redirected api-ms-win-core-synch-l1-2-0 to C:\ReactOS\System32\kernel32.dll
[   45.336558] (\drivers\directx\dxgkrnl\d3dkmt.c:3878) D3DKMT MAP: ioctl reached hAlloc=0x4d4d4144 pages=129 ctx=0000000000000000
[   45.349337] (\dll\ntdll\rtl\libsupp.c:1173) ApiSetResolveToHost redirected api-ms-win-core-localization-l1-2-1 to C:\ReactOS\System32\kernel32.dll
[   45.360493] (\drivers\directx\dxgkrnl\d3dkmt.c:3921) D3DKMT MAP exit hAlloc=0x4d4d4144 va=40374000
[   45.382551] (\drivers\directx\dxgkrnl\d3dkmt.c:3524) D3DKMT LOCK #5 enter hAlloc=0x4d4d4144
[   45.391364] (\drivers\directx\dxgkrnl\vidmm.c:3077) VidMm usermap #5 h=0x4D4D4144 va=0000000043100000 resident=1 seg=1 pa=40374000 cache=2
[   45.398346] (\dll\win32\syssetup\install.c:1135) LIVECD: deferred registration done
[   45.403281] (\drivers\directx\dxgkrnl\d3dkmt.c:3570) D3DKMT LOCK #5 exit va=0000000043100000
[   45.426119] (\win32ss\user\ntuser\msgqueue.c:2248) err: Thread Cleanup Post Messages FFFFC33CFC29A550
[   45.447772] (\sdk\lib\rtl\heap.c:2995) Realloc in place failed, but it was the only option
[   45.453433] (\sdk\lib\rtl\heap.c:2995) Realloc in place failed, but it was the only option
[   45.508443] (\drivers\directx\dxgkrnl\d3dkmt.c:3878) D3DKMT MAP: ioctl reached hAlloc=0x4d4d4145 pages=1 ctx=0000000000000000
[   45.516864] (\drivers\directx\dxgkrnl\d3dkmt.c:3921) D3DKMT MAP exit hAlloc=0x4d4d4145 va=403f5000
[   45.525809] (\drivers\directx\dxgkrnl\d3dkmt.c:3524) D3DKMT LOCK #6 enter hAlloc=0x4d4d4145
[   45.534494] (\drivers\directx\dxgkrnl\vidmm.c:3077) VidMm usermap #6 h=0x4D4D4145 va=00000000431A0000 resident=1 seg=1 pa=403f5000 cache=2
[   45.546536] (\drivers\directx\dxgkrnl\d3dkmt.c:3570) D3DKMT LOCK #6 exit va=00000000431A0000
[   45.555523] (\sdk\lib\rtl\heap.c:2995) Realloc in place failed, but it was the only option
[   45.563221] (\sdk\lib\rtl\heap.c:2995) Realloc in place failed, but it was the only option
[   45.581305] (\drivers\directx\dxgkrnl\d3dkmt.c:3878) D3DKMT MAP: ioctl reached hAlloc=0x4d4d4146 pages=2 ctx=0000000000000000
[   45.589723] (\drivers\directx\dxgkrnl\d3dkmt.c:3921) D3DKMT MAP exit hAlloc=0x4d4d4146 va=403f6000
[   45.598669] (\drivers\directx\dxgkrnl\d3dkmt.c:3524) D3DKMT LOCK #7 enter hAlloc=0x4d4d4146
[   45.607368] (\drivers\directx\dxgkrnl\vidmm.c:3077) VidMm usermap #7 h=0x4D4D4146 va=00000000433B0000 resident=1 seg=1 pa=403f6000 cache=2
[   45.619396] (\drivers\directx\dxgkrnl\d3dkmt.c:3570) D3DKMT LOCK #7 exit va=00000000433B0000
[   45.627951] (\drivers\directx\dxgkrnl\d3dkmt.c:3921) D3DKMT MAP exit hAlloc=0x4d4d4147 va=403f8000
[   45.636774] (\drivers\directx\dxgkrnl\d3dkmt.c:3921) D3DKMT MAP exit hAlloc=0x4d4d4140 va=40400000
[   45.645705] (\drivers\directx\dxgkrnl\d3dkmt.c:3921) D3DKMT MAP exit hAlloc=0x4d4d4141 va=40402000
[   45.654629] (\drivers\directx\dxgkrnl\d3dkmt.c:3524) D3DKMT LOCK #8 enter hAlloc=0x4d4d4141
[   45.663321] (\drivers\directx\dxgkrnl\vidmm.c:3077) VidMm usermap #8 h=0x4D4D4141 va=00000000433C0000 resident=1 seg=1 pa=40402000 cache=2
[   45.675358] (\drivers\directx\dxgkrnl\d3dkmt.c:3570) D3DKMT LOCK #8 exit va=00000000433C0000
[   45.683870] (\drivers\directx\dxgkrnl\vidsch.c:385) VidSch kick #2 fence=2 node=0 size=64
[   45.691930] (\drivers\directx\rpi5vc4\rpi5vc4_wddm.c:1941) RPI5VC4: submit queued fence=2 node=0 bcl=01198000..011981c0
[   45.702695] (\drivers\directx\rpi5vc4\rpi5vc4_wddm.c:323) RPI5VC4: CL kick fence=2 bcl=01198000..011981c0 rcl=01227000..012270a8 qma=0121d000 qms=8000 qts=01225000
[   45.717532] (\drivers\directx\dxgkrnl\d3dkmt.c:3921) D3DKMT MAP exit hAlloc=0x4d4d4142 va=40403000
[   45.726485] (\drivers\directx\dxgkrnl\vidsch.c:293) VidSch nokick #1 state=1
[   45.733724] (\drivers\directx\dxgkrnl\vidmm.c:3077) VidMm usermap #9 h=0x4D4D4148 va=00000000433D0000 resident=1 seg=1 pa=401e2000 cache=2
[   45.754989] (\drivers\directx\dxgkrnl\vidsch.c:293) VidSch nokick #2 state=1
[   45.759819] (\drivers\directx\dxgkrnl\vidmm.c:3077) VidMm usermap #10 h=0x4D4D4142 va=0000000043430000 resident=1 seg=1 pa=40403000 cache=2
[   45.775124] (\drivers\directx\dxgkrnl\vidsch.c:293) VidSch nokick #3 state=1
[   45.781963] (\drivers\directx\dxgkrnl\vidsch.c:293) VidSch nokick #4 state=1
[   45.789691] (\drivers\directx\dxgkrnl\vidsch.c:293) VidSch nokick #5 state=1
[   45.796490] (\drivers\directx\dxgkrnl\vidsch.c:293) VidSch nokick #6 state=1
[   45.803452] (\drivers\directx\dxgkrnl\vidsch.c:293) VidSch nokick #7 state=1
[   45.811269] (\drivers\directx\dxgkrnl\vidsch.c:293) VidSch nokick #8 state=1
[   45.818062] (\drivers\directx\dxgkrnl\vidsch.c:293) VidSch nokick #9 state=1
[   45.825810] (\drivers\directx\dxgkrnl\vidsch.c:293) VidSch nokick #10 state=1
[   45.832686] (\drivers\directx\dxgkrnl\vidsch.c:293) VidSch nokick #11 state=1
[   45.840545] (\drivers\directx\dxgkrnl\vidsch.c:293) VidSch nokick #12 state=1
[   45.847426] (\drivers\directx\dxgkrnl\vidsch.c:293) VidSch nokick #13 state=1
[   45.854490] (\drivers\directx\dxgkrnl\vidsch.c:293) VidSch nokick #14 state=1
[   45.862434] (\drivers\directx\dxgkrnl\vidsch.c:293) VidSch nokick #15 state=1
[   45.869309] (\drivers\directx\dxgkrnl\vidsch.c:293) VidSch nokick #16 state=1
[   45.953624] MESA: error: v3d: 512 draws: shaders=25242us total=121085us
[   46.002459] (\drivers\directx\rpi5vc4\rpi5vc4_wddm.c:461) RPI5VC4: V3D job fence=2 timed out — completing (TDR)
[   46.009843] (\drivers\directx\rpi5vc4\rpi5vc4_wddm.c:471) RPI5VC4: TDR CT0CS=00000010 CT0CA=011981c0 CT0EA=011981c0 CT1CS=00000000 CT1CA=00000000 INT_STS=00000000
[   46.024329] (\drivers\directx\rpi5vc4\rpi5vc4_wddm.c:483) RPI5VC4: TDR isr=0 MMU_CTL=04090801 VIO_ADDR=00000000 bin=1/0 rend=0 bcl=01198000..011981c0
[   46.037691] (\drivers\directx\rpi5vc4\rpi5vc4_wddm.c:508) RPI5VC4: TDR L2TCACTL=00000000 PCS=00000001 BFC=00000000 RFC=00000000 CT0SYNC=00000000 CT1SYNC=00000000
[   46.052093] (\drivers\directx\rpi5vc4\rpi5vc4_wddm.c:525) RPI5VC4: TDR QMA bytes 38 42 47 44 40 62 b1 21 01 53 00 56 00 00 00 00
[   46.063633] (\drivers\directx\rpi5vc4\rpi5vc4_wddm.c:535) RPI5VC4: TDR CT1CFG=00000000 TILECT=00000000 PTCT=00000000 RA0=00000000/00000000 BPCA=01220000 BPCS=00005000
[   46.078469] (\drivers\directx\rpi5vc4\rpi5vc4_wddm.c:564) RPI5VC4: TDR RCL head 79 00 2c 01 2c 01 00 b1 01 79 02 00 7c 40 00 00
[   46.089922] (\drivers\directx\rpi5vc4\rpi5vc4_wddm.c:590) RPI5VC4: TDR BCL+0c0 00 00 00 3f 00 00 00 00 01 00 00 00 02 00 00 00
[   46.101287] (\drivers\directx\rpi5vc4\rpi5vc4_wddm.c:590) RPI5VC4: TDR BCL+0d0 03 00 00 00 00 00 00 00 01 00 00 00 02 00 00 00
[   46.108623] MESA: error: v3d: 512 draws: shaders=27343us total=137287us
[   46.112654] (\drivers\directx\rpi5vc4\rpi5vc4_wddm.c:590) RPI5VC4: TDR BCL+0e0 b2 4b 05 40 28 fa 90 40 f8 c8 b2 bd 97 47 97 bd
[   46.130613] (\drivers\directx\rpi5vc4\rpi5vc4_wddm.c:590) RPI5VC4: TDR BCL+0f0 2f f7 72 c0 62 50 c1 3f d0 65 2e bf 3a 91 13 bf
[   46.141978] (\drivers\directx\rpi5vc4\rpi5vc4_wddm.c:590) RPI5VC4: TDR BCL+100 03 00 00 00 00 00 20 40 19 91 bd bf f5 35 76 bf
[   46.153345] (\drivers\directx\rpi5vc4\rpi5vc4_wddm.c:590) RPI5VC4: TDR BCL+110 0b 55 50 bf 99 d8 4f c1 ac 64 3f c1 60 06 0e 42
[   46.164711] (\drivers\directx\rpi5vc4\rpi5vc4_wddm.c:590) RPI5VC4: TDR BCL+120 09 01 00 10 10 00 20 84 f0 00 00 00 80 43 00 00
[   46.176077] (\drivers\directx\rpi5vc4\rpi5vc4_wddm.c:598) RPI5VC4: TDR BCL head 77 00 78 04 1b 00 00 2b 01 2b 01 13 5c 00 00 00
[   46.187529] (\drivers\directx\rpi5vc4\rpi5vc4_wddm.c:604) RPI5VC4: TDR BCL tail 00 00 80 3f 00 00 00 00 02 00 00 00 0b d7 23 3e
[   46.198982] (\drivers\directx\rpi5vc4\rpi5vc4_wddm.c:613) RPI5VC4: TDR ERR_STAT=00001000 dpcIsr=0 isr=0 msk=ffff0038 hubmsk=000000fd
[   46.210868] (\drivers\directx\rpi5vc4\rpi5vc4_wddm.c:650) RPI5VC4: TDR SMS TEE_CS=00000250 REE_CS=00000200
[   46.221454] (\drivers\directx\rpi5vc4\rpi5vc4_v3d.c:294) RPI5VC4: reset ERR_STAT after clear=00001000
[   46.229695] (\drivers\directx\rpi5vc4\rpi5vc4_wddm.c:654) RPI5VC4: TDR resetting V3D core: ok
[   46.238214] (\drivers\directx\rpi5vc4\rpi5vc4_wddm.c:776) RPI5VC4: report #2 fence=2 node=0
[   46.246536] (\drivers\directx\dxgkrnl\vidsch.c:385) VidSch kick #3 fence=3 node=0 size=64
[   46.254684] (\drivers\directx\rpi5vc4\rpi5vc4_wddm.c:1941) RPI5VC4: submit queued fence=3 node=0 bcl=0121a000..0121a1c0
[   46.265448] (\drivers\directx\rpi5vc4\rpi5vc4_wddm.c:323) RPI5VC4: CL kick fence=3 bcl=0121a000..0121a1c0 rcl=01227000..012270a8 qma=0121d000 qms=8000 qts=01225000
[   46.280018] (\drivers\directx\dxgkrnl\vidsch.c:213) VidSch comp #2 done=2 state=1 pending=120
[   46.307992] RPI5VC4: present #4992 moves=0 dirty=1 flip=3 idx=0 scan=441db000
[   46.332485] MESA: error: v3d: 512 draws: shaders=29408us total=159009us
[   46.462681] MESA: error: v3d: 512 draws: shaders=31608us total=180535us
[   46.586868] (\drivers\directx\rpi5vc4\rpi5vc4_wddm.c:461) RPI5VC4: V3D job fence=3 timed out — completing (TDR)
[   46.594253] (\drivers\directx\rpi5vc4\rpi5vc4_wddm.c:471) RPI5VC4: TDR CT0CS=00000010 CT0CA=0121a045 CT0EA=0121a1c0 CT1CS=00000000 CT1CA=00000000 INT_STS=00000000
[   46.608737] (\drivers\directx\rpi5vc4\rpi5vc4_wddm.c:483) RPI5VC4: TDR isr=0 MMU_CTL=04090801 VIO_ADDR=00000000 bin=1/0 rend=0 bcl=0121a000..0121a1c0
[   46.622098] (\drivers\directx\rpi5vc4\rpi5vc4_wddm.c:508) RPI5VC4: TDR L2TCACTL=00000000 PCS=00000001 BFC=00000000 RFC=00000000 CT0SYNC=00000000 CT1SYNC=00000000
[   46.636500] (\drivers\directx\rpi5vc4\rpi5vc4_wddm.c:525) RPI5VC4: TDR QMA bytes 38 42 47 44 40 62 b1 21 01 53 00 56 00 00 00 00
[   46.648040] (\drivers\directx\rpi5vc4\rpi5vc4_wddm.c:535) RPI5VC4: TDR CT1CFG=00000000 TILECT=00000000 PTCT=00000000 RA0=00000000/00000000 BPCA=01220000 BPCS=00005000
[   46.662876] (\drivers\directx\rpi5vc4\rpi5vc4_wddm.c:564) RPI5VC4: TDR RCL head 79 00 2c 01 2c 01 00 b1 01 79 02 00 7c 40 00 00
[   46.674329] (\drivers\directx\rpi5vc4\rpi5vc4_wddm.c:590) RPI5VC4: TDR BCL+0c0 58 47 44 40 02 86 19 01 2c 00 70 09 01 00 10 10
[   46.685695] (\drivers\directx\rpi5vc4\rpi5vc4_wddm.c:590) RPI5VC4: TDR BCL+0d0 00 20 84 78 00 00 00 70 2f 00 00 62 40 0f 00 00
[   46.697060] (\drivers\directx\rpi5vc4\rpi5vc4_wddm.c:590) RPI5VC4: TDR BCL+0e0 63 58 47 44 40 a1 87 19 01 2c 00 70 09 01 00 10
[   46.708427] (\drivers\directx\rpi5vc4\rpi5vc4_wddm.c:590) RPI5VC4: TDR BCL+0f0 10 00 20 84 b4 00 00 00 c0 33 00 00 47 44 40 21
[   46.719792] (\drivers\directx\rpi5vc4\rpi5vc4_wddm.c:590) RPI5VC4: TDR BCL+100 03 00 00 00 00 00 20 40 19 91 bd bf f5 35 76 bf
[   46.731158] (\drivers\directx\rpi5vc4\rpi5vc4_wddm.c:590) RPI5VC4: TDR BCL+110 0b 55 50 bf 99 d8 4f c1 ac 64 3f c1 60 06 0e 42
[   46.742524] (\drivers\directx\rpi5vc4\rpi5vc4_wddm.c:590) RPI5VC4: TDR BCL+120 17 19 1d 42 00 00 16 46 00 00 16 c6 00 00 00 00
[   46.753890] (\drivers\directx\rpi5vc4\rpi5vc4_wddm.c:598) RPI5VC4: TDR BCL head 00 00 00 00 00 00 00 00 00 00 00 00 00 00 80 3f
[   46.765343] (\drivers\directx\rpi5vc4\rpi5vc4_wddm.c:604) RPI5VC4: TDR BCL tail 01 00 10 10 00 20 84 3c 00 00 00 40 62 00 00 04
[   46.776796] (\drivers\directx\rpi5vc4\rpi5vc4_wddm.c:613) RPI5VC4: TDR ERR_STAT=00001000 dpcIsr=0 isr=0 msk=ffff0038 hubmsk=000000ff
[   46.788682] (\drivers\directx\rpi5vc4\rpi5vc4_wddm.c:650) RPI5VC4: TDR SMS TEE_CS=00000250 REE_CS=00000200
[   46.799269] (\drivers\directx\rpi5vc4\rpi5vc4_v3d.c:294) RPI5VC4: reset ERR_STAT after clear=00001000
[   46.807508] (\drivers\directx\rpi5vc4\rpi5vc4_wddm.c:654) RPI5VC4: TDR resetting V3D core: ok
[   46.816019] (\drivers\directx\rpi5vc4\rpi5vc4_wddm.c:776) RPI5VC4: report #3 fence=3 node=0
[   46.824347] (\drivers\directx\dxgkrnl\vidsch.c:385) VidSch kick #4 fence=4 node=0 size=64
[   46.832498] (\drivers\directx\rpi5vc4\rpi5vc4_wddm.c:1941) RPI5VC4: submit queued fence=4 node=0 bcl=01198000..011981c0
[   46.843262] (\drivers\directx\rpi5vc4\rpi5vc4_wddm.c:323) RPI5VC4: CL kick fence=4 bcl=01198000..011981c0 rcl=01227000..012270a8 qma=0121d000 qms=8000 qts=01225000
[   46.857832] (\drivers\directx\dxgkrnl\vidsch.c:213) VidSch comp #3 done=3 state=1 pending=211
[   46.885670] MESA: error: v3d: 512 draws: shaders=33814us total=195231us
[   47.018899] MESA: error: v3d: 512 draws: shaders=35996us total=501963us
[   47.153191] MESA: error: v3d: 512 draws: shaders=38201us total=516683us
[   47.164664] (\drivers\directx\rpi5vc4\rpi5vc4_wddm.c:461) RPI5VC4: V3D job fence=4 timed out — completing (TDR)
[   47.172048] (\drivers\directx\rpi5vc4\rpi5vc4_wddm.c:471) RPI5VC4: TDR CT0CS=00000010 CT0CA=01198045 CT0EA=011981c0 CT1CS=00000000 CT1CA=00000000 INT_STS=00000000
[   47.186534] (\drivers\directx\rpi5vc4\rpi5vc4_wddm.c:483) RPI5VC4: TDR isr=0 MMU_CTL=04090801 VIO_ADDR=00000000 bin=1/0 rend=0 bcl=01198000..011981c0
[   47.199895] (\drivers\directx\rpi5vc4\rpi5vc4_wddm.c:508) RPI5VC4: TDR L2TCACTL=00000000 PCS=00000001 BFC=00000000 RFC=00000000 CT0SYNC=00000000 CT1SYNC=00000000
[   47.214298] (\drivers\directx\rpi5vc4\rpi5vc4_wddm.c:525) RPI5VC4: TDR QMA bytes 38 42 47 44 40 62 b1 21 01 53 00 56 00 00 00 00
[   47.225838] (\drivers\directx\rpi5vc4\rpi5vc4_wddm.c:535) RPI5VC4: TDR CT1CFG=00000000 TILECT=00000000 PTCT=00000000 RA0=00000000/00000000 BPCA=01220000 BPCS=00005000
[   47.240674] (\drivers\directx\rpi5vc4\rpi5vc4_wddm.c:564) RPI5VC4: TDR RCL head 79 00 2c 01 2c 01 00 b1 01 79 02 00 7c 40 00 00
[   47.252126] (\drivers\directx\rpi5vc4\rpi5vc4_wddm.c:590) RPI5VC4: TDR BCL+0c0 58 47 44 40 02 a6 21 01 2c 00 70 09 01 00 10 10
[   47.263492] (\drivers\directx\rpi5vc4\rpi5vc4_wddm.c:590) RPI5VC4: TDR BCL+0d0 00 20 84 78 00 00 00 70 2f 00 00 62 40 0f 00 00
[   47.274858] (\drivers\directx\rpi5vc4\rpi5vc4_wddm.c:590) RPI5VC4: TDR BCL+0e0 63 58 47 44 40 a1 a7 21 01 2c 00 70 09 01 00 10
[   47.286224] (\drivers\directx\rpi5vc4\rpi5vc4_wddm.c:590) RPI5VC4: TDR BCL+0f0 16 33 26 c0 b0 b8 88 c0 c4 a0 1c bc 09 88 04 bc
[   47.297590] (\drivers\directx\rpi5vc4\rpi5vc4_wddm.c:590) RPI5VC4: TDR BCL+100 03 00 00 00 00 00 20 40 19 91 bd bf f5 35 76 bf
[   47.302628] MESA: error: v3d: 512 draws: shaders=40254us total=531226us
[   47.308955] (\drivers\directx\rpi5vc4\rpi5vc4_wddm.c:590) RPI5VC4: TDR BCL+110 0b 55 50 bf 99 d8 4f c1 ac 64 3f c1 60 06 0e 42
[   47.326915] (\drivers\directx\rpi5vc4\rpi5vc4_wddm.c:590) RPI5VC4: TDR BCL+120 17 19 1d 42 00 00 16 46 00 00 16 c6 00 00 00 00
[   47.338281] (\drivers\directx\rpi5vc4\rpi5vc4_wddm.c:598) RPI5VC4: TDR BCL head 00 00 00 00 00 00 00 00 00 00 00 00 00 00 80 3f
[   47.349734] (\drivers\directx\rpi5vc4\rpi5vc4_wddm.c:604) RPI5VC4: TDR BCL tail 00 00 80 3f 00 00 00 00 02 00 00 00 0b d7 23 3e
[   47.361187] (\drivers\directx\rpi5vc4\rpi5vc4_wddm.c:613) RPI5VC4: TDR ERR_STAT=00001000 dpcIsr=0 isr=0 msk=ffff0038 hubmsk=000000ff
[   47.373073] (\drivers\directx\rpi5vc4\rpi5vc4_wddm.c:650) RPI5VC4: TDR SMS TEE_CS=00000250 REE_CS=00000200
[   47.383660] (\drivers\directx\rpi5vc4\rpi5vc4_v3d.c:294) RPI5VC4: reset ERR_STAT after clear=00001000
[   47.391900] (\drivers\directx\rpi5vc4\rpi5vc4_wddm.c:654) RPI5VC4: TDR resetting V3D core: ok
[   47.400414] (\drivers\directx\rpi5vc4\rpi5vc4_wddm.c:776) RPI5VC4: report #4 fence=4 node=0
[   47.408739] (\drivers\directx\dxgkrnl\vidsch.c:385) VidSch kick #5 fence=5 node=0 size=64
[   47.416889] (\drivers\directx\rpi5vc4\rpi5vc4_wddm.c:1941) RPI5VC4: submit queued fence=5 node=0 bcl=0121a000..0121a1c0
[   47.427653] (\drivers\directx\rpi5vc4\rpi5vc4_wddm.c:323) RPI5VC4: CL kick fence=5 bcl=0121a000..0121a1c0 rcl=01227000..012270a8 qma=0121d000 qms=8000 qts=01225000
[   47.442223] (\drivers\directx\dxgkrnl\vidsch.c:213) VidSch comp #4 done=4 state=1 pending=366
[   47.499885] MESA: error: v3d: 512 draws: shaders=42331us total=550740us
[   47.631427] RPI5VC4: present #5056 moves=0 dirty=1 flip=3 idx=1 scan=449c4000
[   47.638818] MESA: error: v3d: 512 draws: shaders=44510us total=567932us
[   47.751912] (\drivers\directx\rpi5vc4\rpi5vc4_wddm.c:461) RPI5VC4: V3D job fence=5 timed out — completing (TDR)
[   47.759296] (\drivers\directx\rpi5vc4\rpi5vc4_wddm.c:471) RPI5VC4: TDR CT0CS=00000010 CT0CA=0121a081 CT0EA=0121a1c0 CT1CS=00000000 CT1CA=00000000 INT_STS=00000000
[   47.773783] (\drivers\directx\rpi5vc4\rpi5vc4_wddm.c:483) RPI5VC4: TDR isr=0 MMU_CTL=04090801 VIO_ADDR=00000000 bin=1/0 rend=0 bcl=0121a000..0121a1c0
[   47.787144] (\drivers\directx\rpi5vc4\rpi5vc4_wddm.c:508) RPI5VC4: TDR L2TCACTL=00000000 PCS=00000001 BFC=00000000 RFC=00000000 CT0SYNC=00000000 CT1SYNC=00000000
[   47.801545] (\drivers\directx\rpi5vc4\rpi5vc4_wddm.c:525) RPI5VC4: TDR QMA bytes 38 42 47 44 40 62 b1 21 01 53 00 56 00 00 00 00
[   47.813085] (\drivers\directx\rpi5vc4\rpi5vc4_wddm.c:535) RPI5VC4: TDR CT1CFG=00000000 TILECT=00000000 PTCT=00000000 RA0=00000000/00000000 BPCA=01220000 BPCS=00005000
[   47.827921] (\drivers\directx\rpi5vc4\rpi5vc4_wddm.c:564) RPI5VC4: TDR RCL head 79 00 2c 01 2c 01 00 b1 01 79 02 00 7c 40 00 00
[   47.839373] (\drivers\directx\rpi5vc4\rpi5vc4_wddm.c:590) RPI5VC4: TDR BCL+0c0 00 00 00 3f 00 00 00 00 01 00 00 00 02 00 00 00
[   47.850739] (\drivers\directx\rpi5vc4\rpi5vc4_wddm.c:590) RPI5VC4: TDR BCL+0d0 03 00 00 00 00 00 00 00 01 00 00 00 02 00 00 00
[   47.862105] (\drivers\directx\rpi5vc4\rpi5vc4_wddm.c:590) RPI5VC4: TDR BCL+0e0 05 7b 8a c0 67 01 31 bf 08 a8 11 bf d4 7e f6 be
[   47.873471] (\drivers\directx\rpi5vc4\rpi5vc4_wddm.c:590) RPI5VC4: TDR BCL+0f0 9c ed 19 be c6 35 97 c0 85 f5 c4 3e 5d a8 a6 3e
[   47.884837] (\drivers\directx\rpi5vc4\rpi5vc4_wddm.c:590) RPI5VC4: TDR BCL+100 03 00 00 00 00 00 20 40 19 91 bd bf f5 35 76 bf
[   47.896203] (\drivers\directx\rpi5vc4\rpi5vc4_wddm.c:590) RPI5VC4: TDR BCL+110 0b 55 50 bf 99 d8 4f c1 ac 64 3f c1 60 06 0e 42
[   47.907569] (\drivers\directx\rpi5vc4\rpi5vc4_wddm.c:590) RPI5VC4: TDR BCL+120 17 19 1d 42 00 00 16 46 00 00 16 c6 00 00 00 00
[   47.918935] (\drivers\directx\rpi5vc4\rpi5vc4_wddm.c:598) RPI5VC4: TDR BCL head 77 00 78 04 1b 00 00 2b 01 2b 01 13 5c 00 00 00
[   47.930388] (\drivers\directx\rpi5vc4\rpi5vc4_wddm.c:604) RPI5VC4: TDR BCL tail 00 00 80 3f 00 00 00 00 02 00 00 00 0b d7 23 3e
[   47.941840] (\drivers\directx\rpi5vc4\rpi5vc4_wddm.c:613) RPI5VC4: TDR ERR_STAT=00001000 dpcIsr=0 isr=0 msk=ffff0038 hubmsk=000000ff
[   47.953726] (\drivers\directx\rpi5vc4\rpi5vc4_wddm.c:650) RPI5VC4: TDR SMS TEE_CS=00000250 REE_CS=00000200
[   47.965315] (\drivers\directx\rpi5vc4\rpi5vc4_v3d.c:294) RPI5VC4: reset ERR_STAT after clear=00001000
[   47.972553] (\drivers\directx\rpi5vc4\rpi5vc4_wddm.c:654) RPI5VC4: TDR resetting V3D core: ok
[   47.981065] (\drivers\directx\rpi5vc4\rpi5vc4_wddm.c:776) RPI5VC4: report #5 fence=5 node=0
[   47.989393] (\drivers\directx\dxgkrnl\vidsch.c:385) VidSch kick #6 fence=6 node=0 size=64
[   47.997542] (\drivers\directx\rpi5vc4\rpi5vc4_wddm.c:1941) RPI5VC4: submit queued fence=6 node=0 bcl=01198000..011981c0
[   48.008306] (\drivers\directx\rpi5vc4\rpi5vc4_wddm.c:323) RPI5VC4: CL kick fence=6 bcl=01198000..011981c0 rcl=01227000..012270a8 qma=0121d000 qms=8000 qts=01225000
[   48.022877] (\drivers\directx\dxgkrnl\vidsch.c:213) VidSch comp #5 done=5 state=1 pending=465
[   48.040478] MESA: error: v3d: 512 draws: shaders=46714us total=591868us
[   48.178118] MESA: error: v3d: 512 draws: shaders=48968us total=867555us
[   48.310345] MESA: error: v3d: 512 draws: shaders=51177us total=892417us
[   48.332523] (\drivers\directx\rpi5vc4\rpi5vc4_wddm.c:461) RPI5VC4: V3D job fence=6 timed out — completing (TDR)
[   48.339907] (\drivers\directx\rpi5vc4\rpi5vc4_wddm.c:471) RPI5VC4: TDR CT0CS=00000010 CT0CA=01198001 CT0EA=011981c0 CT1CS=00000000 CT1CA=00000000 INT_STS=00000000
[   48.354391] (\drivers\directx\rpi5vc4\rpi5vc4_wddm.c:483) RPI5VC4: TDR isr=0 MMU_CTL=04090801 VIO_ADDR=00000000 bin=1/0 rend=0 bcl=01198000..011981c0
[   48.367753] (\drivers\directx\rpi5vc4\rpi5vc4_wddm.c:508) RPI5VC4: TDR L2TCACTL=00000000 PCS=00000000 BFC=00000000 RFC=00000000 CT0SYNC=00000000 CT1SYNC=00000000
[   48.382156] (\drivers\directx\rpi5vc4\rpi5vc4_wddm.c:525) RPI5VC4: TDR QMA bytes 38 42 47 44 40 62 b1 21 01 53 00 56 00 00 00 00
[   48.393695] (\drivers\directx\rpi5vc4\rpi5vc4_wddm.c:535) RPI5VC4: TDR CT1CFG=00000000 TILECT=00000000 PTCT=00000000 RA0=00000000/00000000 BPCA=00000000 BPCS=00000000
[   48.408532] (\drivers\directx\rpi5vc4\rpi5vc4_wddm.c:564) RPI5VC4: TDR RCL head 79 00 2c 01 2c 01 00 b1 01 79 02 00 7c 40 00 00
[   48.419985] (\drivers\directx\rpi5vc4\rpi5vc4_wddm.c:590) RPI5VC4: TDR BCL+0c0 58 47 44 40 02 a6 21 01 2c 00 70 09 01 00 10 10
[   48.431350] (\drivers\directx\rpi5vc4\rpi5vc4_wddm.c:590) RPI5VC4: TDR BCL+0d0 00 20 84 78 00 00 00 70 2f 00 00 62 40 0f 00 00
[   48.442716] (\drivers\directx\rpi5vc4\rpi5vc4_wddm.c:590) RPI5VC4: TDR BCL+0e0 63 58 47 44 40 a1 a7 21 01 2c 00 70 09 01 00 10
[   48.454082] (\drivers\directx\rpi5vc4\rpi5vc4_wddm.c:590) RPI5VC4: TDR BCL+0f0 10 00 20 84 b4 00 00 00 c0 33 00 00 47 44 40 21
[   48.456712] MESA: error: v3d: 512 draws: shaders=53227us total=906975us
[   48.465448] (\drivers\directx\rpi5vc4\rpi5vc4_wddm.c:590) RPI5VC4: TDR BCL+100 03 00 00 00 00 00 20 40 19 91 bd bf f5 35 76 bf
[   48.483408] (\drivers\directx\rpi5vc4\rpi5vc4_wddm.c:590) RPI5VC4: TDR BCL+110 0b 55 50 bf 99 d8 4f c1 ac 64 3f c1 60 06 0e 42
[   48.494773] (\drivers\directx\rpi5vc4\rpi5vc4_wddm.c:590) RPI5VC4: TDR BCL+120 17 19 1d 42 00 00 16 46 00 00 16 c6 00 00 00 00
[   48.506139] (\drivers\directx\rpi5vc4\rpi5vc4_wddm.c:598) RPI5VC4: TDR BCL head 00 00 00 00 00 00 00 00 00 00 00 00 00 00 80 3f
[   48.517593] (\drivers\directx\rpi5vc4\rpi5vc4_wddm.c:604) RPI5VC4: TDR BCL tail 00 00 80 3f 00 00 00 00 02 00 00 00 0b d7 23 3e
[   48.529045] (\drivers\directx\rpi5vc4\rpi5vc4_wddm.c:613) RPI5VC4: TDR ERR_STAT=00001000 dpcIsr=0 isr=0 msk=ffff0038 hubmsk=000000ff
[   48.540931] (\drivers\directx\rpi5vc4\rpi5vc4_wddm.c:650) RPI5VC4: TDR SMS TEE_CS=00000250 REE_CS=00000200
[   48.551517] (\drivers\directx\rpi5vc4\rpi5vc4_v3d.c:294) RPI5VC4: reset ERR_STAT after clear=00001000
[   48.559758] (\drivers\directx\rpi5vc4\rpi5vc4_wddm.c:654) RPI5VC4: TDR resetting V3D core: ok
[   48.568270] (\drivers\directx\rpi5vc4\rpi5vc4_wddm.c:776) RPI5VC4: report #6 fence=6 node=0
[   48.576598] (\drivers\directx\dxgkrnl\vidsch.c:385) VidSch kick #7 fence=7 node=0 size=64
[   48.584747] (\drivers\directx\rpi5vc4\rpi5vc4_wddm.c:1941) RPI5VC4: submit queued fence=7 node=0 bcl=0121a000..0121a1c0
[   48.595510] (\drivers\directx\rpi5vc4\rpi5vc4_wddm.c:323) RPI5VC4: CL kick fence=7 bcl=0121a000..0121a1c0 rcl=01227000..012270a8 qma=0121d000 qms=8000 qts=01225000
[   48.610081] (\drivers\directx\dxgkrnl\vidsch.c:213) VidSch comp #6 done=6 state=1 pending=624
[   48.658409] MESA: error: v3d: 512 draws: shaders=55297us total=928900us
[   48.802107] MESA: error: v3d: 512 draws: shaders=57495us total=946200us
[   48.916910] (\drivers\directx\rpi5vc4\rpi5vc4_wddm.c:461) RPI5VC4: V3D job fence=7 timed out — completing (TDR)
[   48.924294] (\drivers\directx\rpi5vc4\rpi5vc4_wddm.c:471) RPI5VC4: TDR CT0CS=00000010 CT0CA=0121a045 CT0EA=0121a1c0 CT1CS=00000000 CT1CA=00000000 INT_STS=00000000
[   48.938783] (\drivers\directx\rpi5vc4\rpi5vc4_wddm.c:483) RPI5VC4: TDR isr=0 MMU_CTL=04090801 VIO_ADDR=00000000 bin=1/0 rend=0 bcl=0121a000..0121a1c0
[   48.952142] (\drivers\directx\rpi5vc4\rpi5vc4_wddm.c:508) RPI5VC4: TDR L2TCACTL=00000000 PCS=00000001 BFC=00000000 RFC=00000000 CT0SYNC=00000000 CT1SYNC=00000000
[   48.966545] (\drivers\directx\rpi5vc4\rpi5vc4_wddm.c:525) RPI5VC4: TDR QMA bytes 38 42 47 44 40 62 b1 21 01 53 00 56 00 00 00 00
[   48.978085] (\drivers\directx\rpi5vc4\rpi5vc4_wddm.c:535) RPI5VC4: TDR CT1CFG=00000000 TILECT=00000000 PTCT=00000000 RA0=00000000/00000000 BPCA=01220000 BPCS=00005000
[   48.992921] (\drivers\directx\rpi5vc4\rpi5vc4_wddm.c:564) RPI5VC4: TDR RCL head 79 00 2c 01 2c 01 00 b1 01 79 02 00 7c 40 00 00
[   49.004373] (\drivers\directx\rpi5vc4\rpi5vc4_wddm.c:590) RPI5VC4: TDR BCL+0c0 00 00 00 3f 00 00 00 00 01 00 00 00 02 00 00 00
[   49.015739] (\drivers\directx\rpi5vc4\rpi5vc4_wddm.c:590) RPI5VC4: TDR BCL+0d0 03 00 00 00 00 00 00 00 01 00 00 00 02 00 00 00
[   49.027105] (\drivers\directx\rpi5vc4\rpi5vc4_wddm.c:590) RPI5VC4: TDR BCL+0e0 fc d5 4c bf 51 d1 98 c0 ed da 96 3e 1b 4b 7f 3e
[   49.038471] (\drivers\directx\rpi5vc4\rpi5vc4_wddm.c:590) RPI5VC4: TDR BCL+0f0 88 2d 88 40 01 5f e4 bc a1 d2 1e 3f 75 63 06 3f
[   49.049837] (\drivers\directx\rpi5vc4\rpi5vc4_wddm.c:590) RPI5VC4: TDR BCL+100 89 19 01 2c 00 70 09 01 00 10 10 00 20 84 b4 00
[   49.061203] (\drivers\directx\rpi5vc4\rpi5vc4_wddm.c:590) RPI5VC4: TDR BCL+110 00 00 00 39 00 00 47 44 40 a2 8a 19 01 2c 00 70
[   49.072569] (\drivers\directx\rpi5vc4\rpi5vc4_wddm.c:590) RPI5VC4: TDR BCL+120 09 01 00 10 10 00 20 84 f0 00 00 00 80 43 00 00
[   49.083935] (\drivers\directx\rpi5vc4\rpi5vc4_wddm.c:598) RPI5VC4: TDR BCL head 77 00 78 04 1b 00 00 2b 01 2b 01 13 5c 00 00 00
[   49.095388] (\drivers\directx\rpi5vc4\rpi5vc4_wddm.c:604) RPI5VC4: TDR BCL tail 00 00 80 3f 00 00 00 00 02 00 00 00 0b d7 23 3e
[   49.106840] (\drivers\directx\rpi5vc4\rpi5vc4_wddm.c:613) RPI5VC4: TDR ERR_STAT=00001000 dpcIsr=0 isr=0 msk=ffff0038 hubmsk=000000ff
[   49.118726] (\drivers\directx\rpi5vc4\rpi5vc4_wddm.c:650) RPI5VC4: TDR SMS TEE_CS=00000250 REE_CS=00000200
[   49.129313] (\drivers\directx\rpi5vc4\rpi5vc4_v3d.c:294) RPI5VC4: reset ERR_STAT after clear=00001000
[   49.137553] (\drivers\directx\rpi5vc4\rpi5vc4_wddm.c:654) RPI5VC4: TDR resetting V3D core: ok
[   49.146065] (\drivers\directx\rpi5vc4\rpi5vc4_wddm.c:776) RPI5VC4: report #7 fence=7 node=0
[   49.154390] (\drivers\directx\dxgkrnl\vidsch.c:385) VidSch kick #8 fence=8 node=0 size=64
[   49.162542] (\drivers\directx\rpi5vc4\rpi5vc4_wddm.c:1941) RPI5VC4: submit queued fence=8 node=0 bcl=01198000..011981c0
[   49.173306] (\drivers\directx\rpi5vc4\rpi5vc4_wddm.c:323) RPI5VC4: CL kick fence=8 bcl=01198000..011981c0 rcl=01227000..012270a8 qma=0121d000 qms=8000 qts=01225000
[   49.187877] (\drivers\directx\dxgkrnl\vidsch.c:213) VidSch comp #7 done=7 state=1 pending=719
[   49.214919] RPI5VC4: present #5120 moves=0 dirty=1 flip=3 idx=0 scan=441db000
[   49.234927] MESA: error: v3d: 512 draws: shaders=59684us total=975364us
[   49.368818] MESA: error: v3d: 512 draws: shaders=61865us total=1283333us
[   49.386785] (\win32ss\drivers\wddm\wddm_bridge.c:417) WddmBridgeSendIoctl: IOCTL 0x002305C0 failed with 0x80000011
[   49.394602] (\win32ss\drivers\wddm\wddm_bridge.c:417) WddmBridgeSendIoctl: IOCTL 0x002305C0 failed with 0x80000011
[   49.404643] (\win32ss\drivers\wddm\wddm_bridge.c:417) WddmBridgeSendIoctl: IOCTL 0x002305C0 failed with 0x80000011
[   49.415629] (\win32ss\drivers\wddm\wddm_bridge.c:417) WddmBridgeSendIoctl: IOCTL 0x002305C0 failed with 0x80000011
[   49.425633] (\win32ss\drivers\wddm\wddm_bridge.c:417) WddmBridgeSendIoctl: IOCTL 0x002305C0 failed with 0x80000011
[   49.435643] (\win32ss\drivers\wddm\wddm_bridge.c:417) WddmBridgeSendIoctl: IOCTL 0x002305C0 failed with 0x80000011
[   49.446669] (\win32ss\drivers\wddm\wddm_bridge.c:417) WddmBridgeSendIoctl: IOCTL 0x002305C0 failed with 0x80000011
[   49.456672] (\win32ss\drivers\wddm\wddm_bridge.c:417) WddmBridgeSendIoctl: IOCTL 0x002305C0 failed with 0x80000011
[   49.494691] (\drivers\directx\rpi5vc4\rpi5vc4_wddm.c:461) RPI5VC4: V3D job fence=8 timed out — completing (TDR)
[   49.503027] (\drivers\directx\rpi5vc4\rpi5vc4_v3d.c:294) RPI5VC4: reset ERR_STAT after clear=00001000
[   49.511263] (\drivers\directx\rpi5vc4\rpi5vc4_wddm.c:654) RPI5VC4: TDR resetting V3D core: ok
[   49.519777] (\drivers\directx\rpi5vc4\rpi5vc4_wddm.c:776) RPI5VC4: report #8 fence=8 node=0
[   49.528100] (\drivers\directx\dxgkrnl\vidsch.c:385) VidSch kick #9 fence=9 node=0 size=64
[   49.536251] (\drivers\directx\rpi5vc4\rpi5vc4_wddm.c:1941) RPI5VC4: submit queued fence=9 node=0 bcl=0121a000..0121a1c0
[   49.547016] (\drivers\directx\rpi5vc4\rpi5vc4_wddm.c:323) RPI5VC4: CL kick fence=9 bcl=0121a000..0121a1c0 rcl=01227000..012270a8 qma=0121d000 qms=8000 qts=01225000
[   49.561586] (\drivers\directx\dxgkrnl\vidsch.c:213) VidSch comp #8 done=8 state=1 pending=765
[   49.596131] (\win32ss\drivers\wddm\wddm_bridge.c:408) WddmBridgeSendIoctl: IOCTL 0x002305C0 failed with 0x80000011 (x64)
[   49.667157] (\win32ss\drivers\wddm\wddm_bridge.c:408) WddmBridgeSendIoctl: IOCTL 0x002305C0 failed with 0x80000011 (x128)
[   49.739214] (\win32ss\drivers\wddm\wddm_bridge.c:408) WddmBridgeSendIoctl: IOCTL 0x002305C0 failed with 0x80000011 (x192)
[   49.811282] (\win32ss\drivers\wddm\wddm_bridge.c:408) WddmBridgeSendIoctl: IOCTL 0x002305C0 failed with 0x80000011 (x256)
[   49.868296] (\drivers\directx\rpi5vc4\rpi5vc4_wddm.c:461) RPI5VC4: V3D job fence=9 timed out — completing (TDR)
[   49.877524] (\drivers\directx\rpi5vc4\rpi5vc4_v3d.c:294) RPI5VC4: reset ERR_STAT after clear=00001000
[   49.884865] (\drivers\directx\rpi5vc4\rpi5vc4_wddm.c:654) RPI5VC4: TDR resetting V3D core: ok
[   49.893380] (\drivers\directx\rpi5vc4\rpi5vc4_wddm.c:776) RPI5VC4: report #9 fence=9 node=0
[   49.901701] (\drivers\directx\dxgkrnl\vidsch.c:385) VidSch kick #10 fence=10 node=0 size=64
[   49.910027] (\drivers\directx\rpi5vc4\rpi5vc4_wddm.c:1941) RPI5VC4: submit queued fence=10 node=0 bcl=01198000..011981c0
[   49.920878] (\drivers\directx\rpi5vc4\rpi5vc4_wddm.c:323) RPI5VC4: CL kick fence=10 bcl=01198000..011981c0 rcl=01227000..012270a8 qma=0121d000 qms=8000 qts=01225000
[   49.935538] (\drivers\directx\dxgkrnl\vidsch.c:213) VidSch comp #9 done=9 state=1 pending=764
[   49.945045] (\drivers\directx\rpi5vc4\rpi5vc4_wddm.c:365) RPI5VC4: kick fence=10 ERR_STAT=00001000
[   49.953131] (\drivers\directx\rpi5vc4\rpi5vc4_wddm.c:776) RPI5VC4: report #10 fence=10 node=0
[   49.961480] (\drivers\directx\dxgkrnl\vidsch.c:385) VidSch kick #11 fence=11 node=0 size=64
[   49.969807] (\drivers\directx\rpi5vc4\rpi5vc4_wddm.c:1941) RPI5VC4: submit queued fence=11 node=0 bcl=0121a000..0121a1c0
[   49.980658] (\drivers\directx\rpi5vc4\rpi5vc4_wddm.c:323) RPI5VC4: CL kick fence=11 bcl=0121a000..0121a1c0 rcl=01227000..012270a8 qma=0121d000 qms=8000 qts=01225000
[   49.995315] (\drivers\directx\dxgkrnl\vidsch.c:213) VidSch comp #10 done=10 state=1 pending=763
[   50.015019] (\win32ss\drivers\wddm\wddm_bridge.c:408) WddmBridgeSendIoctl: IOCTL 0x002305C0 failed with 0x80000011 (x320)
[   50.087099] (\win32ss\drivers\wddm\wddm_bridge.c:408) WddmBridgeSendIoctl: IOCTL 0x002305C0 failed with 0x80000011 (x384)
[   50.159159] (\win32ss\drivers\wddm\wddm_bridge.c:408) WddmBridgeSendIoctl: IOCTL 0x002305C0 failed with 0x80000011 (x448)
[   50.231229] (\win32ss\drivers\wddm\wddm_bridge.c:408) WddmBridgeSendIoctl: IOCTL 0x002305C0 failed with 0x80000011 (x512)
[   50.302291] (\drivers\directx\rpi5vc4\rpi5vc4_wddm.c:461) RPI5VC4: V3D job fence=11 timed out — completing (TDR)
[   50.310710] (\drivers\directx\rpi5vc4\rpi5vc4_v3d.c:294) RPI5VC4: reset ERR_STAT after clear=00001000
[   50.318947] (\drivers\directx\rpi5vc4\rpi5vc4_wddm.c:654) RPI5VC4: TDR resetting V3D core: ok
[   50.327462] (\drivers\directx\rpi5vc4\rpi5vc4_wddm.c:776) RPI5VC4: report #11 fence=11 node=0
[   50.335956] (\drivers\directx\dxgkrnl\vidsch.c:385) VidSch kick #12 fence=12 node=0 size=64
[   50.344283] (\drivers\directx\rpi5vc4\rpi5vc4_wddm.c:1941) RPI5VC4: submit queued fence=12 node=0 bcl=01198000..011981c0
[   50.355134] (\drivers\directx\rpi5vc4\rpi5vc4_wddm.c:323) RPI5VC4: CL kick fence=12 bcl=01198000..011981c0 rcl=01227000..012270a8 qma=0121d000 qms=8000 qts=01225000
[   50.369794] (\drivers\directx\dxgkrnl\vidsch.c:213) VidSch comp #11 done=11 state=1 pending=762
[   50.378500] (\win32ss\drivers\wddm\wddm_bridge.c:408) WddmBridgeSendIoctl: IOCTL 0x002305C0 failed with 0x80000011 (x576)
[   50.379477] (\drivers\directx\rpi5vc4\rpi5vc4_wddm.c:365) RPI5VC4: kick fence=12 ERR_STAT=00001000
[   50.398491] (\drivers\directx\rpi5vc4\rpi5vc4_wddm.c:776) RPI5VC4: report #12 fence=12 node=0
[   50.406842] (\drivers\directx\dxgkrnl\vidsch.c:385) VidSch kick #13 fence=13 node=0 size=64
[   50.415168] (\drivers\directx\rpi5vc4\rpi5vc4_wddm.c:1941) RPI5VC4: submit queued fence=13 node=0 bcl=0121a000..0121a1c0
[   50.426020] (\drivers\directx\rpi5vc4\rpi5vc4_wddm.c:323) RPI5VC4: CL kick fence=13 bcl=0121a000..0121a1c0 rcl=01227000..012270a8 qma=0121d000 qms=8000 qts=01225000
[   50.440677] (\drivers\directx\dxgkrnl\vidsch.c:213) VidSch comp #12 done=12 state=1 pending=761
[   50.511431] (\win32ss\drivers\wddm\wddm_bridge.c:408) WddmBridgeSendIoctl: IOCTL 0x002305C0 failed with 0x80000011 (x640)
[   50.583452] (\win32ss\drivers\wddm\wddm_bridge.c:408) WddmBridgeSendIoctl: IOCTL 0x002305C0 failed with 0x80000011 (x704)
[   50.655518] (\win32ss\drivers\wddm\wddm_bridge.c:408) WddmBridgeSendIoctl: IOCTL 0x002305C0 failed with 0x80000011 (x768)
[   50.727587] (\win32ss\drivers\wddm\wddm_bridge.c:408) WddmBridgeSendIoctl: IOCTL 0x002305C0 failed with 0x80000011 (x832)
[   50.747601] (\drivers\directx\rpi5vc4\rpi5vc4_wddm.c:461) RPI5VC4: V3D job fence=13 timed out — completing (TDR)
[   50.757071] (\drivers\directx\rpi5vc4\rpi5vc4_v3d.c:294) RPI5VC4: reset ERR_STAT after clear=00001000
[   50.764257] (\drivers\directx\rpi5vc4\rpi5vc4_wddm.c:654) RPI5VC4: TDR resetting V3D core: ok
[   50.772771] (\drivers\directx\rpi5vc4\rpi5vc4_wddm.c:776) RPI5VC4: report #13 fence=13 node=0
[   50.781265] (\drivers\directx\dxgkrnl\vidsch.c:385) VidSch kick #14 fence=14 node=0 size=64
[   50.789593] (\drivers\directx\rpi5vc4\rpi5vc4_wddm.c:1941) RPI5VC4: submit queued fence=14 node=0 bcl=01198000..011981c0
[   50.800444] (\drivers\directx\rpi5vc4\rpi5vc4_wddm.c:323) RPI5VC4: CL kick fence=14 bcl=01198000..011981c0 rcl=01227000..012270a8 qma=0121d000 qms=8000 qts=01225000
[   50.815103] (\drivers\directx\dxgkrnl\vidsch.c:213) VidSch comp #13 done=13 state=1 pending=760
[   50.824784] (\drivers\directx\rpi5vc4\rpi5vc4_wddm.c:365) RPI5VC4: kick fence=14 ERR_STAT=00001000
[   50.832870] (\drivers\directx\rpi5vc4\rpi5vc4_wddm.c:776) RPI5VC4: report #14 fence=14 node=0
[   50.841219] (\drivers\directx\dxgkrnl\vidsch.c:385) VidSch kick #15 fence=15 node=0 size=64
[   50.849546] (\drivers\directx\rpi5vc4\rpi5vc4_wddm.c:1941) RPI5VC4: submit queued fence=15 node=0 bcl=0121a000..0121a1c0
[   50.860397] (\drivers\directx\rpi5vc4\rpi5vc4_wddm.c:323) RPI5VC4: CL kick fence=15 bcl=0121a000..0121a1c0 rcl=01227000..012270a8 qma=0121d000 qms=8000 qts=01225000
[   50.875055] (\drivers\directx\dxgkrnl\vidsch.c:213) VidSch comp #14 done=14 state=1 pending=759
[   50.931793] (\win32ss\drivers\wddm\wddm_bridge.c:408) WddmBridgeSendIoctl: IOCTL 0x002305C0 failed with 0x80000011 (x896)
[   51.003864] (\win32ss\drivers\wddm\wddm_bridge.c:408) WddmBridgeSendIoctl: IOCTL 0x002305C0 failed with 0x80000011 (x960)
[   51.075933] (\win32ss\drivers\wddm\wddm_bridge.c:408) WddmBridgeSendIoctl: IOCTL 0x002305C0 failed with 0x80000011 (x1024)
[   51.148002] (\win32ss\drivers\wddm\wddm_bridge.c:408) WddmBridgeSendIoctl: IOCTL 0x002305C0 failed with 0x80000011 (x1088)
[   51.182030] (\drivers\directx\rpi5vc4\rpi5vc4_wddm.c:461) RPI5VC4: V3D job fence=15 timed out — completing (TDR)
[   51.193001] (\drivers\directx\rpi5vc4\rpi5vc4_v3d.c:294) RPI5VC4: reset ERR_STAT after clear=00001000
[   51.199329] (\drivers\directx\rpi5vc4\rpi5vc4_wddm.c:654) RPI5VC4: TDR resetting V3D core: ok
[   51.207837] (\drivers\directx\rpi5vc4\rpi5vc4_wddm.c:776) RPI5VC4: report #15 fence=15 node=0
[   51.216336] (\drivers\directx\dxgkrnl\vidsch.c:385) VidSch kick #16 fence=16 node=0 size=64
[   51.224664] (\drivers\directx\rpi5vc4\rpi5vc4_wddm.c:1941) RPI5VC4: submit queued fence=16 node=0 bcl=01198000..011981c0
[   51.235513] (\drivers\directx\rpi5vc4\rpi5vc4_wddm.c:323) RPI5VC4: CL kick fence=16 bcl=01198000..011981c0 rcl=01227000..012270a8 qma=0121d000 qms=8000 qts=01225000
[   51.250173] (\drivers\directx\dxgkrnl\vidsch.c:213) VidSch comp #15 done=15 state=1 pending=758
[   51.259852] (\drivers\directx\rpi5vc4\rpi5vc4_wddm.c:365) RPI5VC4: kick fence=16 ERR_STAT=00001000
[   51.267869] (\drivers\directx\rpi5vc4\rpi5vc4_wddm.c:776) RPI5VC4: report #16 fence=16 node=0
[   51.276289] (\drivers\directx\dxgkrnl\vidsch.c:385) VidSch kick #17 fence=17 node=0 size=64
[   51.284617] (\drivers\directx\rpi5vc4\rpi5vc4_wddm.c:1941) RPI5VC4: submit queued fence=17 node=0 bcl=0121a000..0121a1c0
[   51.295471] (\drivers\directx\rpi5vc4\rpi5vc4_wddm.c:323) RPI5VC4: CL kick fence=17 bcl=0121a000..0121a1c0 rcl=01227000..012270a8 qma=0121d000 qms=8000 qts=01225000
[   51.310128] (\drivers\directx\dxgkrnl\vidsch.c:213) VidSch comp #16 done=16 state=1 pending=757
[   51.353854] (\win32ss\drivers\wddm\wddm_bridge.c:408) WddmBridgeSendIoctl: IOCTL 0x002305C0 failed with 0x80000011 (x1152)
[   51.425924] (\win32ss\drivers\wddm\wddm_bridge.c:408) WddmBridgeSendIoctl: IOCTL 0x002305C0 failed with 0x80000011 (x1216)
[   51.497993] (\win32ss\drivers\wddm\wddm_bridge.c:408) WddmBridgeSendIoctl: IOCTL 0x002305C0 failed with 0x80000011 (x1280)
[   51.570020] (\win32ss\drivers\wddm\wddm_bridge.c:408) WddmBridgeSendIoctl: IOCTL 0x002305C0 failed with 0x80000011 (x1344)
[   51.617048] (\drivers\directx\rpi5vc4\rpi5vc4_wddm.c:461) RPI5VC4: V3D job fence=17 timed out — completing (TDR)
[   51.628017] (\drivers\directx\rpi5vc4\rpi5vc4_v3d.c:294) RPI5VC4: reset ERR_STAT after clear=00001000
[   51.634345] (\drivers\directx\rpi5vc4\rpi5vc4_wddm.c:654) RPI5VC4: TDR resetting V3D core: ok
[   51.642853] (\drivers\directx\rpi5vc4\rpi5vc4_wddm.c:776) RPI5VC4: report #17 fence=17 node=0
[   51.651352] (\drivers\directx\dxgkrnl\vidsch.c:385) VidSch kick #18 fence=18 node=0 size=64
[   51.659680] (\drivers\directx\rpi5vc4\rpi5vc4_wddm.c:1941) RPI5VC4: submit queued fence=18 node=0 bcl=01198000..011981c0
[   51.670529] (\drivers\directx\rpi5vc4\rpi5vc4_wddm.c:323) RPI5VC4: CL kick fence=18 bcl=01198000..011981c0 rcl=01227000..012270a8 qma=0121d000 qms=8000 qts=01225000
[   51.685189] (\drivers\directx\dxgkrnl\vidsch.c:213) VidSch comp #17 done=17 state=1 pending=756
[   51.694868] (\drivers\directx\rpi5vc4\rpi5vc4_wddm.c:365) RPI5VC4: kick fence=18 ERR_STAT=00001000
[   51.702884] (\drivers\directx\rpi5vc4\rpi5vc4_wddm.c:776) RPI5VC4: report #18 fence=18 node=0
[   51.711305] (\drivers\directx\dxgkrnl\vidsch.c:385) VidSch kick #19 fence=19 node=0 size=64
[   51.719633] (\drivers\directx\rpi5vc4\rpi5vc4_wddm.c:1941) RPI5VC4: submit queued fence=19 node=0 bcl=0121a000..0121a1c0
[   51.730487] (\drivers\directx\rpi5vc4\rpi5vc4_wddm.c:323) RPI5VC4: CL kick fence=19 bcl=0121a000..0121a1c0 rcl=01227000..012270a8 qma=0121d000 qms=8000 qts=01225000
[   51.745144] (\drivers\directx\dxgkrnl\vidsch.c:213) VidSch comp #18 done=18 state=1 pending=755
[   51.774857] (\win32ss\drivers\wddm\wddm_bridge.c:408) WddmBridgeSendIoctl: IOCTL 0x002305C0 failed with 0x80000011 (x1408)
[   51.846919] (\win32ss\drivers\wddm\wddm_bridge.c:408) WddmBridgeSendIoctl: IOCTL 0x002305C0 failed with 0x80000011 (x1472)
[   51.918939] (\win32ss\drivers\wddm\wddm_bridge.c:408) WddmBridgeSendIoctl: IOCTL 0x002305C0 failed with 0x80000011 (x1536)
[   51.991012] (\win32ss\drivers\wddm\wddm_bridge.c:408) WddmBridgeSendIoctl: IOCTL 0x002305C0 failed with 0x80000011 (x1600)
[   52.052064] (\drivers\directx\rpi5vc4\rpi5vc4_wddm.c:461) RPI5VC4: V3D job fence=19 timed out — completing (TDR)
[   52.060531] (\drivers\directx\rpi5vc4\rpi5vc4_v3d.c:294) RPI5VC4: reset ERR_STAT after clear=00001000
[   52.068720] (\drivers\directx\rpi5vc4\rpi5vc4_wddm.c:654) RPI5VC4: TDR resetting V3D core: ok
[   52.077234] (\drivers\directx\rpi5vc4\rpi5vc4_wddm.c:776) RPI5VC4: report #19 fence=19 node=0
[   52.085728] (\drivers\directx\dxgkrnl\vidsch.c:385) VidSch kick #20 fence=20 node=0 size=64
[   52.094056] (\drivers\directx\rpi5vc4\rpi5vc4_wddm.c:1941) RPI5VC4: submit queued fence=20 node=0 bcl=01198000..011981c0
[   52.104907] (\drivers\directx\rpi5vc4\rpi5vc4_wddm.c:323) RPI5VC4: CL kick fence=20 bcl=01198000..011981c0 rcl=01227000..012270a8 qma=0121d000 qms=8000 qts=01225000
[   52.119566] (\drivers\directx\dxgkrnl\vidsch.c:213) VidSch comp #19 done=19 state=1 pending=754
[   52.129246] (\drivers\directx\rpi5vc4\rpi5vc4_wddm.c:365) RPI5VC4: kick fence=20 ERR_STAT=00001000
[   52.137333] (\drivers\directx\rpi5vc4\rpi5vc4_wddm.c:776) RPI5VC4: report #20 fence=20 node=0
[   52.145682] (\drivers\directx\dxgkrnl\vidsch.c:385) VidSch kick #21 fence=21 node=0 size=64
[   52.154009] (\drivers\directx\rpi5vc4\rpi5vc4_wddm.c:1941) RPI5VC4: submit queued fence=21 node=0 bcl=0121a000..0121a1c0
[   52.164860] (\drivers\directx\rpi5vc4\rpi5vc4_wddm.c:323) RPI5VC4: CL kick fence=21 bcl=0121a000..0121a1c0 rcl=01227000..012270a8 qma=0121d000 qms=8000 qts=01225000
[   52.179517] (\drivers\directx\dxgkrnl\vidsch.c:213) VidSch comp #20 done=20 state=1 pending=753
[   52.196217] (\win32ss\drivers\wddm\wddm_bridge.c:408) WddmBridgeSendIoctl: IOCTL 0x002305C0 failed with 0x80000011 (x1664)
[   52.268301] (\win32ss\drivers\wddm\wddm_bridge.c:408) WddmBridgeSendIoctl: IOCTL 0x002305C0 failed with 0x80000011 (x1728)
[   52.340357] (\win32ss\drivers\wddm\wddm_bridge.c:408) WddmBridgeSendIoctl: IOCTL 0x002305C0 failed with 0x80000011 (x1792)
[   52.412439] (\win32ss\drivers\wddm\wddm_bridge.c:408) WddmBridgeSendIoctl: IOCTL 0x002305C0 failed with 0x80000011 (x1856)
[   52.484495] (\win32ss\drivers\wddm\wddm_bridge.c:408) WddmBridgeSendIoctl: IOCTL 0x002305C0 failed with 0x80000011 (x1920)
[   52.486492] (\drivers\directx\rpi5vc4\rpi5vc4_wddm.c:461) RPI5VC4: V3D job fence=21 timed out — completing (TDR)
[   52.503930] (\drivers\directx\rpi5vc4\rpi5vc4_v3d.c:294) RPI5VC4: reset ERR_STAT after clear=00001000
[   52.512170] (\drivers\directx\rpi5vc4\rpi5vc4_wddm.c:654) RPI5VC4: TDR resetting V3D core: ok
[   52.520683] (\drivers\directx\rpi5vc4\rpi5vc4_wddm.c:776) RPI5VC4: report #21 fence=21 node=0
[   52.529180] (\drivers\directx\dxgkrnl\vidsch.c:385) VidSch kick #22 fence=22 node=0 size=64
[   52.537506] (\drivers\directx\rpi5vc4\rpi5vc4_wddm.c:1941) RPI5VC4: submit queued fence=22 node=0 bcl=01198000..011981c0
[   52.548357] (\drivers\directx\rpi5vc4\rpi5vc4_wddm.c:323) RPI5VC4: CL kick fence=22 bcl=01198000..011981c0 rcl=01227000..012270a8 qma=0121d000 qms=8000 qts=01225000
[   52.563016] (\drivers\directx\dxgkrnl\vidsch.c:213) VidSch comp #21 done=21 state=1 pending=752
[   52.572697] (\drivers\directx\rpi5vc4\rpi5vc4_wddm.c:365) RPI5VC4: kick fence=22 ERR_STAT=00001000
[   52.580784] (\drivers\directx\rpi5vc4\rpi5vc4_wddm.c:776) RPI5VC4: report #22 fence=22 node=0
[   52.589132] (\drivers\directx\dxgkrnl\vidsch.c:385) VidSch kick #23 fence=23 node=0 size=64
[   52.597459] (\drivers\directx\rpi5vc4\rpi5vc4_wddm.c:1941) RPI5VC4: submit queued fence=23 node=0 bcl=0121a000..0121a1c0
[   52.608311] (\drivers\directx\rpi5vc4\rpi5vc4_wddm.c:323) RPI5VC4: CL kick fence=23 bcl=0121a000..0121a1c0 rcl=01227000..012270a8 qma=0121d000 qms=8000 qts=01225000
[   52.622967] (\drivers\directx\dxgkrnl\vidsch.c:213) VidSch comp #22 done=22 state=1 pending=751
[   52.691717] (\win32ss\drivers\wddm\wddm_bridge.c:408) WddmBridgeSendIoctl: IOCTL 0x002305C0 failed with 0x80000011 (x1984)
[   52.763787] (\win32ss\drivers\wddm\wddm_bridge.c:408) WddmBridgeSendIoctl: IOCTL 0x002305C0 failed with 0x80000011 (x2048)
[   52.835857] (\win32ss\drivers\wddm\wddm_bridge.c:408) WddmBridgeSendIoctl: IOCTL 0x002305C0 failed with 0x80000011 (x2112)
[   52.907926] (\win32ss\drivers\wddm\wddm_bridge.c:408) WddmBridgeSendIoctl: IOCTL 0x002305C0 failed with 0x80000011 (x2176)
[   52.929979] (\drivers\directx\rpi5vc4\rpi5vc4_wddm.c:461) RPI5VC4: V3D job fence=23 timed out — completing (TDR)
[   52.938404] (\drivers\directx\rpi5vc4\rpi5vc4_v3d.c:294) RPI5VC4: reset ERR_STAT after clear=00001000
[   52.946636] (\drivers\directx\rpi5vc4\rpi5vc4_wddm.c:654) RPI5VC4: TDR resetting V3D core: ok
[   52.955234] (\drivers\directx\rpi5vc4\rpi5vc4_wddm.c:776) RPI5VC4: report #23 fence=23 node=0
[   52.963723] (\drivers\directx\dxgkrnl\vidsch.c:385) VidSch kick #24 fence=24 node=0 size=64
[   52.971978] (\drivers\directx\rpi5vc4\rpi5vc4_wddm.c:1941) RPI5VC4: submit queued fence=24 node=0 bcl=01198000..011981c0
[   52.982824] (\drivers\directx\rpi5vc4\rpi5vc4_wddm.c:323) RPI5VC4: CL kick fence=24 bcl=01198000..011981c0 rcl=01227000..012270a8 qma=0121d000 qms=8000 qts=01225000
[   52.997482] (\drivers\directx\dxgkrnl\vidsch.c:213) VidSch comp #23 done=23 state=1 pending=750
[   53.007163] (\drivers\directx\rpi5vc4\rpi5vc4_wddm.c:365) RPI5VC4: kick fence=24 ERR_STAT=00001000
[   53.015351] (\drivers\directx\rpi5vc4\rpi5vc4_wddm.c:776) RPI5VC4: report #24 fence=24 node=0
[   53.023685] (\drivers\directx\dxgkrnl\vidsch.c:385) VidSch kick #25 fence=25 node=0 size=64
[   53.031931] (\drivers\directx\rpi5vc4\rpi5vc4_wddm.c:1941) RPI5VC4: submit queued fence=25 node=0 bcl=0121a000..0121a1c0
[   53.042776] (\drivers\directx\rpi5vc4\rpi5vc4_wddm.c:323) RPI5VC4: CL kick fence=25 bcl=0121a000..0121a1c0 rcl=01227000..012270a8 qma=0121d000 qms=8000 qts=01225000
[   53.057433] (\drivers\directx\dxgkrnl\vidsch.c:213) VidSch comp #24 done=24 state=1 pending=749
[   53.112173] (\win32ss\drivers\wddm\wddm_bridge.c:408) WddmBridgeSendIoctl: IOCTL 0x002305C0 failed with 0x80000011 (x2240)
[   53.184288] (\win32ss\drivers\wddm\wddm_bridge.c:408) WddmBridgeSendIoctl: IOCTL 0x002305C0 failed with 0x80000011 (x2304)
[   53.256360] (\win32ss\drivers\wddm\wddm_bridge.c:408) WddmBridgeSendIoctl: IOCTL 0x002305C0 failed with 0x80000011 (x2368)
[   53.328396] (\win32ss\drivers\wddm\wddm_bridge.c:408) WddmBridgeSendIoctl: IOCTL 0x002305C0 failed with 0x80000011 (x2432)
[   53.336372] (\drivers\directx\dxgkrnl\adapter.c:249) DXGKRNL: ERROR: DxgkpTdrWorker: GPU timeout — fence 519 stuck on adapter FFFFF4C1B01C8B60
[   53.349484] (\drivers\directx\dxgkrnl\vidsch.c:213) VidSch comp #25 done=24 state=4 pending=749
[   53.364398] (\drivers\directx\rpi5vc4\rpi5vc4_wddm.c:461) RPI5VC4: V3D job fence=25 timed out — completing (TDR)
[   53.372823] (\drivers\directx\rpi5vc4\rpi5vc4_v3d.c:294) RPI5VC4: reset ERR_STAT after clear=00001000
[   53.381055] (\drivers\directx\rpi5vc4\rpi5vc4_wddm.c:654) RPI5VC4: TDR resetting V3D core: ok
[   53.389643] (\drivers\directx\rpi5vc4\rpi5vc4_wddm.c:776) RPI5VC4: report #25 fence=25 node=0
[   53.398159] (\drivers\directx\dxgkrnl\vidsch.c:385) VidSch kick #26 fence=26 node=0 size=64
[   53.406397] (\drivers\directx\rpi5vc4\rpi5vc4_wddm.c:1941) RPI5VC4: submit queued fence=26 node=0 bcl=01198000..011981c0
[   53.417242] (\drivers\directx\rpi5vc4\rpi5vc4_wddm.c:323) RPI5VC4: CL kick fence=26 bcl=01198000..011981c0 rcl=01227000..012270a8 qma=0121d000 qms=8000 qts=01225000
[   53.431901] (\drivers\directx\dxgkrnl\vidsch.c:213) VidSch comp #26 done=25 state=1 pending=748
[   53.441786] (\drivers\directx\rpi5vc4\rpi5vc4_wddm.c:776) RPI5VC4: report #26 fence=26 node=0
[   53.449169] (\drivers\directx\dxgkrnl\vidsch.c:385) VidSch kick #27 fence=27 node=0 size=64
[   53.457413] (\drivers\directx\rpi5vc4\rpi5vc4_wddm.c:1941) RPI5VC4: submit queued fence=27 node=0 bcl=0121a000..0121a1c0
[   53.468258] (\drivers\directx\rpi5vc4\rpi5vc4_wddm.c:323) RPI5VC4: CL kick fence=27 bcl=0121a000..0121a1c0 rcl=01227000..012270a8 qma=0121d000 qms=8000 qts=01225000
[   53.482915] (\drivers\directx\dxgkrnl\vidsch.c:213) VidSch comp #27 done=26 state=1 pending=747
[   53.524640] (\win32ss\drivers\wddm\wddm_bridge.c:408) WddmBridgeSendIoctl: IOCTL 0x002305C0 failed with 0x80000011 (x2496)
[   53.570674] (\drivers\directx\dxgkrnl\adapter.c:270) DXGKRNL: ERROR: DxgkpTdrWorker: preemption recovered adapter FFFFF4C1B01C8B60 (fence 519 -> 26), skipping reset
[   53.596722] (\win32ss\drivers\wddm\wddm_bridge.c:408) WddmBridgeSendIoctl: IOCTL 0x002305C0 failed with 0x80000011 (x2560)
[   53.668777] (\win32ss\drivers\wddm\wddm_bridge.c:408) WddmBridgeSendIoctl: IOCTL 0x002305C0 failed with 0x80000011 (x2624)
[   53.740847] (\win32ss\drivers\wddm\wddm_bridge.c:408) WddmBridgeSendIoctl: IOCTL 0x002305C0 failed with 0x80000011 (x2688)
[   53.789885] (\drivers\directx\rpi5vc4\rpi5vc4_wddm.c:461) RPI5VC4: V3D job fence=27 timed out — completing (TDR)
[   53.798306] (\drivers\directx\rpi5vc4\rpi5vc4_v3d.c:294) RPI5VC4: reset ERR_STAT after clear=00001000
[   53.806543] (\drivers\directx\rpi5vc4\rpi5vc4_wddm.c:654) RPI5VC4: TDR resetting V3D core: ok
[   53.815067] (\drivers\directx\rpi5vc4\rpi5vc4_wddm.c:776) RPI5VC4: report #27 fence=27 node=0
[   53.823552] (\drivers\directx\dxgkrnl\vidsch.c:385) VidSch kick #28 fence=28 node=0 size=64
[   53.831879] (\drivers\directx\rpi5vc4\rpi5vc4_wddm.c:1941) RPI5VC4: submit queued fence=28 node=0 bcl=01198000..011981c0
[   53.842729] (\drivers\directx\rpi5vc4\rpi5vc4_wddm.c:323) RPI5VC4: CL kick fence=28 bcl=01198000..011981c0 rcl=01227000..012270a8 qma=0121d000 qms=8000 qts=01225000
[   53.857388] (\drivers\directx\dxgkrnl\vidsch.c:213) VidSch comp #28 done=27 state=1 pending=746
[   53.867222] (\drivers\directx\rpi5vc4\rpi5vc4_wddm.c:776) RPI5VC4: report #28 fence=28 node=0
[   53.874568] (\drivers\directx\dxgkrnl\vidsch.c:385) VidSch kick #29 fence=29 node=0 size=64
[   53.882894] (\drivers\directx\rpi5vc4\rpi5vc4_wddm.c:1941) RPI5VC4: submit queued fence=29 node=0 bcl=0121a000..0121a1c0
[   53.893746] (\drivers\directx\rpi5vc4\rpi5vc4_wddm.c:323) RPI5VC4: CL kick fence=29 bcl=0121a000..0121a1c0 rcl=01227000..012270a8 qma=0121d000 qms=8000 qts=01225000
[   53.908403] (\drivers\directx\dxgkrnl\vidsch.c:213) VidSch comp #29 done=28 state=1 pending=745
[   53.937116] (\win32ss\drivers\wddm\wddm_bridge.c:408) WddmBridgeSendIoctl: IOCTL 0x002305C0 failed with 0x80000011 (x2752)
[   54.009184] (\win32ss\drivers\wddm\wddm_bridge.c:408) WddmBridgeSendIoctl: IOCTL 0x002305C0 failed with 0x80000011 (x2816)
[   54.081276] (\win32ss\drivers\wddm\wddm_bridge.c:408) WddmBridgeSendIoctl: IOCTL 0x002305C0 failed with 0x80000011 (x2880)
[   54.153392] (\win32ss\drivers\wddm\wddm_bridge.c:408) WddmBridgeSendIoctl: IOCTL 0x002305C0 failed with 0x80000011 (x2944)
[   54.215381] (\drivers\directx\rpi5vc4\rpi5vc4_wddm.c:461) RPI5VC4: V3D job fence=29 timed out — completing (TDR)
[   54.226351] (\drivers\directx\rpi5vc4\rpi5vc4_v3d.c:294) RPI5VC4: reset ERR_STAT after clear=00001000
[   54.232679] (\drivers\directx\rpi5vc4\rpi5vc4_wddm.c:654) RPI5VC4: TDR resetting V3D core: ok
[   54.241187] (\drivers\directx\rpi5vc4\rpi5vc4_wddm.c:776) RPI5VC4: report #29 fence=29 node=0
[   54.249687] (\drivers\directx\dxgkrnl\vidsch.c:385) VidSch kick #30 fence=30 node=0 size=64
[   54.258014] (\drivers\directx\rpi5vc4\rpi5vc4_wddm.c:1941) RPI5VC4: submit queued fence=30 node=0 bcl=01198000..011981c0
[   54.268863] (\drivers\directx\rpi5vc4\rpi5vc4_wddm.c:323) RPI5VC4: CL kick fence=30 bcl=01198000..011981c0 rcl=01227000..012270a8 qma=0121d000 qms=8000 qts=01225000
[   54.283524] (\drivers\directx\dxgkrnl\vidsch.c:213) VidSch comp #30 done=29 state=1 pending=744
[   54.293282] (\drivers\directx\rpi5vc4\rpi5vc4_wddm.c:776) RPI5VC4: report #30 fence=30 node=0
[   54.300703] (\drivers\directx\dxgkrnl\vidsch.c:385) VidSch kick #31 fence=31 node=0 size=64
[   54.309031] (\drivers\directx\rpi5vc4\rpi5vc4_wddm.c:1941) RPI5VC4: submit queued fence=31 node=0 bcl=0121a000..0121a1c0
[   54.319879] (\drivers\directx\rpi5vc4\rpi5vc4_wddm.c:323) RPI5VC4: CL kick fence=31 bcl=0121a000..0121a1c0 rcl=01227000..012270a8 qma=0121d000 qms=8000 qts=01225000
[   54.334542] (\drivers\directx\dxgkrnl\vidsch.c:213) VidSch comp #31 done=30 state=1 pending=743
[   54.350240] (\win32ss\drivers\wddm\wddm_bridge.c:408) WddmBridgeSendIoctl: IOCTL 0x002305C0 failed with 0x80000011 (x3008)
[   54.422310] (\win32ss\drivers\wddm\wddm_bridge.c:408) WddmBridgeSendIoctl: IOCTL 0x002305C0 failed with 0x80000011 (x3072)
[   54.494380] (\win32ss\drivers\wddm\wddm_bridge.c:408) WddmBridgeSendIoctl: IOCTL 0x002305C0 failed with 0x80000011 (x3136)
[   54.566450] (\win32ss\drivers\wddm\wddm_bridge.c:408) WddmBridgeSendIoctl: IOCTL 0x002305C0 failed with 0x80000011 (x3200)
[   54.638517] (\win32ss\drivers\wddm\wddm_bridge.c:408) WddmBridgeSendIoctl: IOCTL 0x002305C0 failed with 0x80000011 (x3264)
[   54.641513] (\drivers\directx\rpi5vc4\rpi5vc4_wddm.c:461) RPI5VC4: V3D job fence=31 timed out — completing (TDR)
[   54.657951] (\drivers\directx\rpi5vc4\rpi5vc4_v3d.c:294) RPI5VC4: reset ERR_STAT after clear=00001000
[   54.666192] (\drivers\directx\rpi5vc4\rpi5vc4_wddm.c:654) RPI5VC4: TDR resetting V3D core: ok
[   54.674714] (\drivers\directx\rpi5vc4\rpi5vc4_wddm.c:776) RPI5VC4: report #31 fence=31 node=0
[   54.683201] (\drivers\directx\dxgkrnl\vidsch.c:385) VidSch kick #32 fence=32 node=0 size=64
[   54.691528] (\drivers\directx\rpi5vc4\rpi5vc4_wddm.c:1941) RPI5VC4: submit queued fence=32 node=0 bcl=01198000..011981c0
[   54.702379] (\drivers\directx\rpi5vc4\rpi5vc4_wddm.c:323) RPI5VC4: CL kick fence=32 bcl=01198000..011981c0 rcl=01227000..012270a8 qma=0121d000 qms=8000 qts=01225000
[   54.717038] (\drivers\directx\dxgkrnl\vidsch.c:213) VidSch comp #32 done=31 state=1 pending=742
[   54.726872] (\drivers\directx\rpi5vc4\rpi5vc4_wddm.c:776) RPI5VC4: report #32 fence=32 node=0
[   54.795291] (\win32ss\drivers\wddm\wddm_bridge.c:408) WddmBridgeSendIoctl: IOCTL 0x002305C0 failed with 0x80000011 (x3328)
[   54.867375] (\win32ss\drivers\wddm\wddm_bridge.c:408) WddmBridgeSendIoctl: IOCTL 0x002305C0 failed with 0x80000011 (x3392)
[   54.939431] (\win32ss\drivers\wddm\wddm_bridge.c:408) WddmBridgeSendIoctl: IOCTL 0x002305C0 failed with 0x80000011 (x3456)
[   55.011502] (\win32ss\drivers\wddm\wddm_bridge.c:408) WddmBridgeSendIoctl: IOCTL 0x002305C0 failed with 0x80000011 (x3520)
[   55.034520] (\drivers\directx\rpi5vc4\rpi5vc4_wddm.c:461) RPI5VC4: V3D job fence=33 timed out — completing (TDR)
[   55.042940] (\drivers\directx\rpi5vc4\rpi5vc4_v3d.c:294) RPI5VC4: reset ERR_STAT after clear=00001000
[   55.051177] (\drivers\directx\rpi5vc4\rpi5vc4_wddm.c:654) RPI5VC4: TDR resetting V3D core: ok
[   55.108745] (\win32ss\drivers\wddm\wddm_bridge.c:408) WddmBridgeSendIoctl: IOCTL 0x002305C0 failed with 0x80000011 (x3584)
[   55.180815] (\win32ss\drivers\wddm\wddm_bridge.c:408) WddmBridgeSendIoctl: IOCTL 0x002305C0 failed with 0x80000011 (x3648)
[   55.252884] (\win32ss\drivers\wddm\wddm_bridge.c:408) WddmBridgeSendIoctl: IOCTL 0x002305C0 failed with 0x80000011 (x3712)
[   55.324967] (\win32ss\drivers\wddm\wddm_bridge.c:408) WddmBridgeSendIoctl: IOCTL 0x002305C0 failed with 0x80000011 (x3776)
[   55.360984] (\drivers\directx\rpi5vc4\rpi5vc4_wddm.c:461) RPI5VC4: V3D job fence=35 timed out — completing (TDR)
[   55.369402] (\drivers\directx\rpi5vc4\rpi5vc4_v3d.c:294) RPI5VC4: reset ERR_STAT after clear=00001000
[   55.377641] (\drivers\directx\rpi5vc4\rpi5vc4_wddm.c:654) RPI5VC4: TDR resetting V3D core: ok
[   55.421198] (\win32ss\drivers\wddm\wddm_bridge.c:408) WddmBridgeSendIoctl: IOCTL 0x002305C0 failed with 0x80000011 (x3840)
[   55.493242] (\win32ss\drivers\wddm\wddm_bridge.c:408) WddmBridgeSendIoctl: IOCTL 0x002305C0 failed with 0x80000011 (x3904)
[   55.565272] (\win32ss\drivers\wddm\wddm_bridge.c:408) WddmBridgeSendIoctl: IOCTL 0x002305C0 failed with 0x80000011 (x3968)
[   55.617468] MESA: error: Draw call returned Invalid argument.  Expect corruption.
[   55.659128] (\win32ss\drivers\wddm\wddm_bridge.c:408) WddmBridgeSendIoctl: IOCTL 0x002305C0 failed with 0x80000011 (x4032)
[   55.691151] (\drivers\directx\rpi5vc4\rpi5vc4_wddm.c:461) RPI5VC4: V3D job fence=37 timed out — completing (TDR)
[   55.702122] (\drivers\directx\rpi5vc4\rpi5vc4_v3d.c:294) RPI5VC4: reset ERR_STAT after clear=00001000
[   55.708450] (\drivers\directx\rpi5vc4\rpi5vc4_wddm.c:654) RPI5VC4: TDR resetting V3D core: ok
[   55.756978] (\win32ss\drivers\wddm\wddm_bridge.c:408) WddmBridgeSendIoctl: IOCTL 0x002305C0 failed with 0x80000011 (x4096)
[   55.829047] (\win32ss\drivers\wddm\wddm_bridge.c:408) WddmBridgeSendIoctl: IOCTL 0x002305C0 failed with 0x80000011 (x4160)
[   55.901116] (\win32ss\drivers\wddm\wddm_bridge.c:408) WddmBridgeSendIoctl: IOCTL 0x002305C0 failed with 0x80000011 (x4224)
[   55.973181] (\win32ss\drivers\wddm\wddm_bridge.c:408) WddmBridgeSendIoctl: IOCTL 0x002305C0 failed with 0x80000011 (x4288)
[   56.017200] (\drivers\directx\rpi5vc4\rpi5vc4_wddm.c:461) RPI5VC4: V3D job fence=38 timed out — completing (TDR)
[   56.028169] (\drivers\directx\rpi5vc4\rpi5vc4_v3d.c:294) RPI5VC4: reset ERR_STAT after clear=00001000
[   56.034496] (\drivers\directx\rpi5vc4\rpi5vc4_wddm.c:654) RPI5VC4: TDR resetting V3D core: ok
[   56.071020] (\win32ss\drivers\wddm\wddm_bridge.c:408) WddmBridgeSendIoctl: IOCTL 0x002305C0 failed with 0x80000011 (x4352)
[   56.143085] (\win32ss\drivers\wddm\wddm_bridge.c:408) WddmBridgeSendIoctl: IOCTL 0x002305C0 failed with 0x80000011 (x4416)
[   56.215134] (\win32ss\drivers\wddm\wddm_bridge.c:408) WddmBridgeSendIoctl: IOCTL 0x002305C0 failed with 0x80000011 (x4480)
[   56.287203] (\win32ss\drivers\wddm\wddm_bridge.c:408) WddmBridgeSendIoctl: IOCTL 0x002305C0 failed with 0x80000011 (x4544)
[   56.344251] (\drivers\directx\rpi5vc4\rpi5vc4_wddm.c:461) RPI5VC4: V3D job fence=40 timed out — completing (TDR)
[   56.356222] (\drivers\directx\rpi5vc4\rpi5vc4_v3d.c:294) RPI5VC4: reset ERR_STAT after clear=00001000
[   56.362550] (\drivers\directx\rpi5vc4\rpi5vc4_wddm.c:654) RPI5VC4: TDR resetting V3D core: ok
[   56.385068] (\win32ss\drivers\wddm\wddm_bridge.c:408) WddmBridgeSendIoctl: IOCTL 0x002305C0 failed with 0x80000011 (x4608)
[   56.457107] (\win32ss\drivers\wddm\wddm_bridge.c:408) WddmBridgeSendIoctl: IOCTL 0x002305C0 failed with 0x80000011 (x4672)
[   56.529179] (\win32ss\drivers\wddm\wddm_bridge.c:408) WddmBridgeSendIoctl: IOCTL 0x002305C0 failed with 0x80000011 (x4736)
[   56.601248] (\win32ss\drivers\wddm\wddm_bridge.c:408) WddmBridgeSendIoctl: IOCTL 0x002305C0 failed with 0x80000011 (x4800)
[   56.672310] (\drivers\directx\rpi5vc4\rpi5vc4_wddm.c:461) RPI5VC4: V3D job fence=42 timed out — completing (TDR)
[   56.680729] (\drivers\directx\rpi5vc4\rpi5vc4_v3d.c:294) RPI5VC4: reset ERR_STAT after clear=00001000
[   56.688967] (\drivers\directx\rpi5vc4\rpi5vc4_wddm.c:654) RPI5VC4: TDR resetting V3D core: ok
[   56.698487] (\win32ss\drivers\wddm\wddm_bridge.c:408) WddmBridgeSendIoctl: IOCTL 0x002305C0 failed with 0x80000011 (x4864)
[   56.772560] (\win32ss\drivers\wddm\wddm_bridge.c:408) WddmBridgeSendIoctl: IOCTL 0x002305C0 failed with 0x80000011 (x4928)
[   56.844640] (\win32ss\drivers\wddm\wddm_bridge.c:408) WddmBridgeSendIoctl: IOCTL 0x002305C0 failed with 0x80000011 (x4992)
[   56.916696] (\win32ss\drivers\wddm\wddm_bridge.c:408) WddmBridgeSendIoctl: IOCTL 0x002305C0 failed with 0x80000011 (x5056)
[   56.988765] (\win32ss\drivers\wddm\wddm_bridge.c:408) WddmBridgeSendIoctl: IOCTL 0x002305C0 failed with 0x80000011 (x5120)
[   56.998767] (\drivers\directx\rpi5vc4\rpi5vc4_wddm.c:461) RPI5VC4: V3D job fence=44 timed out — completing (TDR)
[   57.008203] (\drivers\directx\rpi5vc4\rpi5vc4_v3d.c:294) RPI5VC4: reset ERR_STAT after clear=00001000
[   57.016440] (\drivers\directx\rpi5vc4\rpi5vc4_wddm.c:654) RPI5VC4: TDR resetting V3D core: ok
[   57.086019] (\win32ss\drivers\wddm\wddm_bridge.c:408) WddmBridgeSendIoctl: IOCTL 0x002305C0 failed with 0x80000011 (x5184)
[   57.158089] (\win32ss\drivers\wddm\wddm_bridge.c:408) WddmBridgeSendIoctl: IOCTL 0x002305C0 failed with 0x80000011 (x5248)
[   57.230160] (\win32ss\drivers\wddm\wddm_bridge.c:408) WddmBridgeSendIoctl: IOCTL 0x002305C0 failed with 0x80000011 (x5312)
[   57.302226] (\win32ss\drivers\wddm\wddm_bridge.c:408) WddmBridgeSendIoctl: IOCTL 0x002305C0 failed with 0x80000011 (x5376)
[   57.326244] (\drivers\directx\rpi5vc4\rpi5vc4_wddm.c:461) RPI5VC4: V3D job fence=46 timed out — completing (TDR)
[   57.337215] (\drivers\directx\rpi5vc4\rpi5vc4_v3d.c:294) RPI5VC4: reset ERR_STAT after clear=00001000
[   57.343543] (\drivers\directx\rpi5vc4\rpi5vc4_wddm.c:654) RPI5VC4: TDR resetting V3D core: ok
[   57.399075] (\win32ss\drivers\wddm\wddm_bridge.c:408) WddmBridgeSendIoctl: IOCTL 0x002305C0 failed with 0x80000011 (x5440)
[   57.471135] (\win32ss\drivers\wddm\wddm_bridge.c:408) WddmBridgeSendIoctl: IOCTL 0x002305C0 failed with 0x80000011 (x5504)
[   57.543203] (\win32ss\drivers\wddm\wddm_bridge.c:408) WddmBridgeSendIoctl: IOCTL 0x002305C0 failed with 0x80000011 (x5568)
[   57.615273] (\win32ss\drivers\wddm\wddm_bridge.c:408) WddmBridgeSendIoctl: IOCTL 0x002305C0 failed with 0x80000011 (x5632)
[   57.653302] (\drivers\directx\rpi5vc4\rpi5vc4_wddm.c:461) RPI5VC4: V3D job fence=48 timed out — completing (TDR)
[   57.661721] (\drivers\directx\rpi5vc4\rpi5vc4_v3d.c:294) RPI5VC4: reset ERR_STAT after clear=00001000
[   57.669959] (\drivers\directx\rpi5vc4\rpi5vc4_wddm.c:654) RPI5VC4: TDR resetting V3D core: ok
[   57.712511] (\win32ss\drivers\wddm\wddm_bridge.c:408) WddmBridgeSendIoctl: IOCTL 0x002305C0 failed with 0x80000011 (x5696)
[   57.784569] (\win32ss\drivers\wddm\wddm_bridge.c:408) WddmBridgeSendIoctl: IOCTL 0x002305C0 failed with 0x80000011 (x5760)
[   57.856589] (\win32ss\drivers\wddm\wddm_bridge.c:408) WddmBridgeSendIoctl: IOCTL 0x002305C0 failed with 0x80000011 (x5824)
[   57.928664] (\win32ss\drivers\wddm\wddm_bridge.c:408) WddmBridgeSendIoctl: IOCTL 0x002305C0 failed with 0x80000011 (x5888)
[   57.979706] (\drivers\directx\rpi5vc4\rpi5vc4_wddm.c:461) RPI5VC4: V3D job fence=50 timed out — completing (TDR)
[   57.988124] (\drivers\directx\rpi5vc4\rpi5vc4_v3d.c:294) RPI5VC4: reset ERR_STAT after clear=00001000
[   57.996362] (\drivers\directx\rpi5vc4\rpi5vc4_wddm.c:654) RPI5VC4: TDR resetting V3D core: ok
[   58.024902] (\win32ss\drivers\wddm\wddm_bridge.c:408) WddmBridgeSendIoctl: IOCTL 0x002305C0 failed with 0x80000011 (x5952)
[   58.096989] (\win32ss\drivers\wddm\wddm_bridge.c:408) WddmBridgeSendIoctl: IOCTL 0x002305C0 failed with 0x80000011 (x6016)
[   58.169040] (\win32ss\drivers\wddm\wddm_bridge.c:408) WddmBridgeSendIoctl: IOCTL 0x002305C0 failed with 0x80000011 (x6080)
[   58.241109] (\win32ss\drivers\wddm\wddm_bridge.c:408) WddmBridgeSendIoctl: IOCTL 0x002305C0 failed with 0x80000011 (x6144)
[   58.306167] (\drivers\directx\rpi5vc4\rpi5vc4_wddm.c:461) RPI5VC4: V3D job fence=52 timed out — completing (TDR)
[   58.314587] (\drivers\directx\rpi5vc4\rpi5vc4_v3d.c:294) RPI5VC4: reset ERR_STAT after clear=00001000
[   58.322824] (\drivers\directx\rpi5vc4\rpi5vc4_wddm.c:654) RPI5VC4: TDR resetting V3D core: ok
[   58.337350] (\win32ss\drivers\wddm\wddm_bridge.c:408) WddmBridgeSendIoctl: IOCTL 0x002305C0 failed with 0x80000011 (x6208)
[   58.409419] (\win32ss\drivers\wddm\wddm_bridge.c:408) WddmBridgeSendIoctl: IOCTL 0x002305C0 failed with 0x80000011 (x6272)
[   58.481505] (\win32ss\drivers\wddm\wddm_bridge.c:408) WddmBridgeSendIoctl: IOCTL 0x002305C0 failed with 0x80000011 (x6336)
[   58.553558] (\win32ss\drivers\wddm\wddm_bridge.c:408) WddmBridgeSendIoctl: IOCTL 0x002305C0 failed with 0x80000011 (x6400)
[   58.625631] (\win32ss\drivers\wddm\wddm_bridge.c:408) WddmBridgeSendIoctl: IOCTL 0x002305C0 failed with 0x80000011 (x6464)
[   58.632632] (\drivers\directx\rpi5vc4\rpi5vc4_wddm.c:461) RPI5VC4: V3D job fence=54 timed out — completing (TDR)
[   58.645066] (\drivers\directx\rpi5vc4\rpi5vc4_v3d.c:294) RPI5VC4: reset ERR_STAT after clear=00001000
[   58.653306] (\drivers\directx\rpi5vc4\rpi5vc4_wddm.c:654) RPI5VC4: TDR resetting V3D core: ok
[   58.724885] (\win32ss\drivers\wddm\wddm_bridge.c:408) WddmBridgeSendIoctl: IOCTL 0x002305C0 failed with 0x80000011 (x6528)
[   58.796964] (\win32ss\drivers\wddm\wddm_bridge.c:408) WddmBridgeSendIoctl: IOCTL 0x002305C0 failed with 0x80000011 (x6592)
[   58.869001] (\win32ss\drivers\wddm\wddm_bridge.c:408) WddmBridgeSendIoctl: IOCTL 0x002305C0 failed with 0x80000011 (x6656)
[   58.941031] (\win32ss\drivers\wddm\wddm_bridge.c:408) WddmBridgeSendIoctl: IOCTL 0x002305C0 failed with 0x80000011 (x6720)
[   58.963050] (\drivers\directx\rpi5vc4\rpi5vc4_wddm.c:461) RPI5VC4: V3D job fence=56 timed out — completing (TDR)
[   58.974018] (\drivers\directx\rpi5vc4\rpi5vc4_v3d.c:294) RPI5VC4: reset ERR_STAT after clear=00001000
[   58.980346] (\drivers\directx\rpi5vc4\rpi5vc4_wddm.c:654) RPI5VC4: TDR resetting V3D core: ok
[   59.037879] (\win32ss\drivers\wddm\wddm_bridge.c:408) WddmBridgeSendIoctl: IOCTL 0x002305C0 failed with 0x80000011 (x6784)
[   59.109937] (\win32ss\drivers\wddm\wddm_bridge.c:408) WddmBridgeSendIoctl: IOCTL 0x002305C0 failed with 0x80000011 (x6848)
[   59.182011] (\win32ss\drivers\wddm\wddm_bridge.c:408) WddmBridgeSendIoctl: IOCTL 0x002305C0 failed with 0x80000011 (x6912)
[   59.254076] (\win32ss\drivers\wddm\wddm_bridge.c:408) WddmBridgeSendIoctl: IOCTL 0x002305C0 failed with 0x80000011 (x6976)
[   59.290105] (\drivers\directx\rpi5vc4\rpi5vc4_wddm.c:461) RPI5VC4: V3D job fence=58 timed out — completing (TDR)
[   59.301076] (\drivers\directx\rpi5vc4\rpi5vc4_v3d.c:294) RPI5VC4: reset ERR_STAT after clear=00001000
[   59.307404] (\drivers\directx\rpi5vc4\rpi5vc4_wddm.c:654) RPI5VC4: TDR resetting V3D core: ok
[   59.350931] (\win32ss\drivers\wddm\wddm_bridge.c:408) WddmBridgeSendIoctl: IOCTL 0x002305C0 failed with 0x80000011 (x7040)
[   59.422984] (\win32ss\drivers\wddm\wddm_bridge.c:408) WddmBridgeSendIoctl: IOCTL 0x002305C0 failed with 0x80000011 (x7104)
[   59.495051] (\win32ss\drivers\wddm\wddm_bridge.c:408) WddmBridgeSendIoctl: IOCTL 0x002305C0 failed with 0x80000011 (x7168)
[   59.567121] (\win32ss\drivers\wddm\wddm_bridge.c:408) WddmBridgeSendIoctl: IOCTL 0x002305C0 failed with 0x80000011 (x7232)
[   59.617161] (\drivers\directx\rpi5vc4\rpi5vc4_wddm.c:461) RPI5VC4: V3D job fence=60 timed out — completing (TDR)
[   59.625580] (\drivers\directx\rpi5vc4\rpi5vc4_v3d.c:294) RPI5VC4: reset ERR_STAT after clear=00001000
[   59.633818] (\drivers\directx\rpi5vc4\rpi5vc4_wddm.c:654) RPI5VC4: TDR resetting V3D core: ok
[   59.664358] (\win32ss\drivers\wddm\wddm_bridge.c:408) WddmBridgeSendIoctl: IOCTL 0x002305C0 failed with 0x80000011 (x7296)
[   59.736431] (\win32ss\drivers\wddm\wddm_bridge.c:408) WddmBridgeSendIoctl: IOCTL 0x002305C0 failed with 0x80000011 (x7360)
[   59.808499] (\win32ss\drivers\wddm\wddm_bridge.c:408) WddmBridgeSendIoctl: IOCTL 0x002305C0 failed with 0x80000011 (x7424)
[   59.880571] (\win32ss\drivers\wddm\wddm_bridge.c:408) WddmBridgeSendIoctl: IOCTL 0x002305C0 failed with 0x80000011 (x7488)
[   59.943625] (\drivers\directx\rpi5vc4\rpi5vc4_wddm.c:461) RPI5VC4: V3D job fence=62 timed out — completing (TDR)
[   59.952046] (\drivers\directx\rpi5vc4\rpi5vc4_v3d.c:294) RPI5VC4: reset ERR_STAT after clear=00001000
[   59.960282] (\drivers\directx\rpi5vc4\rpi5vc4_wddm.c:654) RPI5VC4: TDR resetting V3D core: ok
[   59.976824] (\win32ss\drivers\wddm\wddm_bridge.c:408) WddmBridgeSendIoctl: IOCTL 0x002305C0 failed with 0x80000011 (x7552)
[   60.048893] (\win32ss\drivers\wddm\wddm_bridge.c:408) WddmBridgeSendIoctl: IOCTL 0x002305C0 failed with 0x80000011 (x7616)
[   60.120948] (\win32ss\drivers\wddm\wddm_bridge.c:408) WddmBridgeSendIoctl: IOCTL 0x002305C0 failed with 0x80000011 (x7680)
[   60.192993] (\win32ss\drivers\wddm\wddm_bridge.c:408) WddmBridgeSendIoctl: IOCTL 0x002305C0 failed with 0x80000011 (x7744)
[   60.265050] (\win32ss\drivers\wddm\wddm_bridge.c:408) WddmBridgeSendIoctl: IOCTL 0x002305C0 failed with 0x80000011 (x7808)
[   60.270032] (\drivers\directx\rpi5vc4\rpi5vc4_wddm.c:461) RPI5VC4: V3D job fence=64 timed out — completing (TDR)
[   60.284485] (\drivers\directx\rpi5vc4\rpi5vc4_v3d.c:294) RPI5VC4: reset ERR_STAT after clear=00001000
[   60.292725] (\drivers\directx\rpi5vc4\rpi5vc4_wddm.c:654) RPI5VC4: TDR resetting V3D core: ok
[   60.364307] (\win32ss\drivers\wddm\wddm_bridge.c:408) WddmBridgeSendIoctl: IOCTL 0x002305C0 failed with 0x80000011 (x7872)
[   60.436340] (\win32ss\drivers\wddm\wddm_bridge.c:408) WddmBridgeSendIoctl: IOCTL 0x002305C0 failed with 0x80000011 (x7936)
[   60.508390] (\win32ss\drivers\wddm\wddm_bridge.c:408) WddmBridgeSendIoctl: IOCTL 0x002305C0 failed with 0x80000011 (x8000)
[   60.520042] 774 frames in 10.4 seconds = 74.416 FPS
[   60.554454] RPI5VC4: present #5184 moves=0 dirty=1 flip=3 idx=0 scan=441db000
[   60.585467] (\win32ss\drivers\wddm\wddm_bridge.c:408) WddmBridgeSendIoctl: IOCTL 0x002305C0 failed with 0x80000011 (x8064)
[   60.602475] (\drivers\directx\rpi5vc4\rpi5vc4_wddm.c:461) RPI5VC4: V3D job fence=66 timed out — completing (TDR)
[   60.611897] (\drivers\directx\rpi5vc4\rpi5vc4_v3d.c:294) RPI5VC4: reset ERR_STAT after clear=00001000
[   60.619133] (\drivers\directx\rpi5vc4\rpi5vc4_wddm.c:654) RPI5VC4: TDR resetting V3D core: ok
[   60.682721] (\win32ss\drivers\wddm\wddm_bridge.c:408) WddmBridgeSendIoctl: IOCTL 0x002305C0 failed with 0x80000011 (x8128)
[   60.754775] (\win32ss\drivers\wddm\wddm_bridge.c:408) WddmBridgeSendIoctl: IOCTL 0x002305C0 failed with 0x80000011 (x8192)
[   60.826846] (\win32ss\drivers\wddm\wddm_bridge.c:408) WddmBridgeSendIoctl: IOCTL 0x002305C0 failed with 0x80000011 (x8256)
[   60.898917] (\win32ss\drivers\wddm\wddm_bridge.c:408) WddmBridgeSendIoctl: IOCTL 0x002305C0 failed with 0x80000011 (x8320)
[   60.927934] (\drivers\directx\rpi5vc4\rpi5vc4_wddm.c:461) RPI5VC4: V3D job fence=67 timed out — completing (TDR)
[   60.936354] (\drivers\directx\rpi5vc4\rpi5vc4_v3d.c:294) RPI5VC4: reset ERR_STAT after clear=00001000
[   60.944591] (\drivers\directx\rpi5vc4\rpi5vc4_wddm.c:654) RPI5VC4: TDR resetting V3D core: ok
[   60.995171] (\win32ss\drivers\wddm\wddm_bridge.c:408) WddmBridgeSendIoctl: IOCTL 0x002305C0 failed with 0x80000011 (x8384)
[   61.067226] (\win32ss\drivers\wddm\wddm_bridge.c:408) WddmBridgeSendIoctl: IOCTL 0x002305C0 failed with 0x80000011 (x8448)
[   61.139293] (\win32ss\drivers\wddm\wddm_bridge.c:408) WddmBridgeSendIoctl: IOCTL 0x002305C0 failed with 0x80000011 (x8512)
[   61.211365] (\win32ss\drivers\wddm\wddm_bridge.c:408) WddmBridgeSendIoctl: IOCTL 0x002305C0 failed with 0x80000011 (x8576)
[   61.254397] (\drivers\directx\rpi5vc4\rpi5vc4_wddm.c:461) RPI5VC4: V3D job fence=69 timed out — completing (TDR)
[   61.262816] (\drivers\directx\rpi5vc4\rpi5vc4_v3d.c:294) RPI5VC4: reset ERR_STAT after clear=00001000
[   61.271054] (\drivers\directx\rpi5vc4\rpi5vc4_wddm.c:654) RPI5VC4: TDR resetting V3D core: ok
[   61.307600] (\win32ss\drivers\wddm\wddm_bridge.c:408) WddmBridgeSendIoctl: IOCTL 0x002305C0 failed with 0x80000011 (x8640)
[   61.379688] (\win32ss\drivers\wddm\wddm_bridge.c:408) WddmBridgeSendIoctl: IOCTL 0x002305C0 failed with 0x80000011 (x8704)
[   61.451741] (\win32ss\drivers\wddm\wddm_bridge.c:408) WddmBridgeSendIoctl: IOCTL 0x002305C0 failed with 0x80000011 (x8768)
[   61.523827] (\win32ss\drivers\wddm\wddm_bridge.c:408) WddmBridgeSendIoctl: IOCTL 0x002305C0 failed with 0x80000011 (x8832)
[   61.580864] (\drivers\directx\rpi5vc4\rpi5vc4_wddm.c:461) RPI5VC4: V3D job fence=71 timed out — completing (TDR)
[   61.589283] (\drivers\directx\rpi5vc4\rpi5vc4_v3d.c:294) RPI5VC4: reset ERR_STAT after clear=00001000
[   61.597520] (\drivers\directx\rpi5vc4\rpi5vc4_wddm.c:654) RPI5VC4: TDR resetting V3D core: ok
[   61.620054] (\win32ss\drivers\wddm\wddm_bridge.c:408) WddmBridgeSendIoctl: IOCTL 0x002305C0 failed with 0x80000011 (x8896)
[   61.692141] (\win32ss\drivers\wddm\wddm_bridge.c:408) WddmBridgeSendIoctl: IOCTL 0x002305C0 failed with 0x80000011 (x8960)
[   61.764193] (\win32ss\drivers\wddm\wddm_bridge.c:408) WddmBridgeSendIoctl: IOCTL 0x002305C0 failed with 0x80000011 (x9024)
[   61.836263] (\win32ss\drivers\wddm\wddm_bridge.c:408) WddmBridgeSendIoctl: IOCTL 0x002305C0 failed with 0x80000011 (x9088)
[   61.907326] (\drivers\directx\rpi5vc4\rpi5vc4_wddm.c:461) RPI5VC4: V3D job fence=73 timed out — completing (TDR)
[   61.915744] (\drivers\directx\rpi5vc4\rpi5vc4_v3d.c:294) RPI5VC4: reset ERR_STAT after clear=00001000
[   61.923983] (\drivers\directx\rpi5vc4\rpi5vc4_wddm.c:654) RPI5VC4: TDR resetting V3D core: ok
[   61.932538] (\win32ss\drivers\wddm\wddm_bridge.c:408) WddmBridgeSendIoctl: IOCTL 0x002305C0 failed with 0x80000011 (x9152)
[   62.007572] (\win32ss\drivers\wddm\wddm_bridge.c:408) WddmBridgeSendIoctl: IOCTL 0x002305C0 failed with 0x80000011 (x9216)
[   62.079643] (\win32ss\drivers\wddm\wddm_bridge.c:408) WddmBridgeSendIoctl: IOCTL 0x002305C0 failed with 0x80000011 (x9280)
[   62.151713] (\win32ss\drivers\wddm\wddm_bridge.c:408) WddmBridgeSendIoctl: IOCTL 0x002305C0 failed with 0x80000011 (x9344)
[   62.223783] (\win32ss\drivers\wddm\wddm_bridge.c:408) WddmBridgeSendIoctl: IOCTL 0x002305C0 failed with 0x80000011 (x9408)
[   62.233785] (\drivers\directx\rpi5vc4\rpi5vc4_wddm.c:461) RPI5VC4: V3D job fence=75 timed out — completing (TDR)
[   62.243221] (\drivers\directx\rpi5vc4\rpi5vc4_v3d.c:294) RPI5VC4: reset ERR_STAT after clear=00001000
[   62.251458] (\drivers\directx\rpi5vc4\rpi5vc4_wddm.c:654) RPI5VC4: TDR resetting V3D core: ok
[   62.321037] (\win32ss\drivers\wddm\wddm_bridge.c:408) WddmBridgeSendIoctl: IOCTL 0x002305C0 failed with 0x80000011 (x9472)
[   62.393107] (\win32ss\drivers\wddm\wddm_bridge.c:408) WddmBridgeSendIoctl: IOCTL 0x002305C0 failed with 0x80000011 (x9536)
[   62.465174] (\win32ss\drivers\wddm\wddm_bridge.c:408) WddmBridgeSendIoctl: IOCTL 0x002305C0 failed with 0x80000011 (x9600)
[   62.537256] (\win32ss\drivers\wddm\wddm_bridge.c:408) WddmBridgeSendIoctl: IOCTL 0x002305C0 failed with 0x80000011 (x9664)
[   62.561255] (\drivers\directx\rpi5vc4\rpi5vc4_wddm.c:461) RPI5VC4: V3D job fence=77 timed out — completing (TDR)
[   62.569674] (\drivers\directx\rpi5vc4\rpi5vc4_v3d.c:294) RPI5VC4: reset ERR_STAT after clear=00001000
[   62.577911] (\drivers\directx\rpi5vc4\rpi5vc4_wddm.c:654) RPI5VC4: TDR resetting V3D core: ok
[   62.633477] (\win32ss\drivers\wddm\wddm_bridge.c:408) WddmBridgeSendIoctl: IOCTL 0x002305C0 failed with 0x80000011 (x9728)
[   62.705550] (\win32ss\drivers\wddm\wddm_bridge.c:408) WddmBridgeSendIoctl: IOCTL 0x002305C0 failed with 0x80000011 (x9792)
[   62.777619] (\win32ss\drivers\wddm\wddm_bridge.c:408) WddmBridgeSendIoctl: IOCTL 0x002305C0 failed with 0x80000011 (x9856)
[   62.849690] (\win32ss\drivers\wddm\wddm_bridge.c:408) WddmBridgeSendIoctl: IOCTL 0x002305C0 failed with 0x80000011 (x9920)
[   62.887721] (\drivers\directx\rpi5vc4\rpi5vc4_wddm.c:461) RPI5VC4: V3D job fence=79 timed out — completing (TDR)
[   62.896140] (\drivers\directx\rpi5vc4\rpi5vc4_v3d.c:294) RPI5VC4: reset ERR_STAT after clear=00001000
[   62.904378] (\drivers\directx\rpi5vc4\rpi5vc4_wddm.c:654) RPI5VC4: TDR resetting V3D core: ok
[   62.945944] (\win32ss\drivers\wddm\wddm_bridge.c:408) WddmBridgeSendIoctl: IOCTL 0x002305C0 failed with 0x80000011 (x9984)
[   63.018015] (\win32ss\drivers\wddm\wddm_bridge.c:408) WddmBridgeSendIoctl: IOCTL 0x002305C0 failed with 0x80000011 (x10048)
[   63.090081] (\win32ss\drivers\wddm\wddm_bridge.c:408) WddmBridgeSendIoctl: IOCTL 0x002305C0 failed with 0x80000011 (x10112)
[   63.162143] (\win32ss\drivers\wddm\wddm_bridge.c:408) WddmBridgeSendIoctl: IOCTL 0x002305C0 failed with 0x80000011 (x10176)
[   63.214186] (\drivers\directx\rpi5vc4\rpi5vc4_wddm.c:461) RPI5VC4: V3D job fence=81 timed out — completing (TDR)
[   63.225154] (\drivers\directx\rpi5vc4\rpi5vc4_v3d.c:294) RPI5VC4: reset ERR_STAT after clear=00001000
[   63.231482] (\drivers\directx\rpi5vc4\rpi5vc4_wddm.c:654) RPI5VC4: TDR resetting V3D core: ok
[   63.259002] (\win32ss\drivers\wddm\wddm_bridge.c:408) WddmBridgeSendIoctl: IOCTL 0x002305C0 failed with 0x80000011 (x10240)
[   63.331044] (\win32ss\drivers\wddm\wddm_bridge.c:408) WddmBridgeSendIoctl: IOCTL 0x002305C0 failed with 0x80000011 (x10304)
[   63.403115] (\win32ss\drivers\wddm\wddm_bridge.c:408) WddmBridgeSendIoctl: IOCTL 0x002305C0 failed with 0x80000011 (x10368)
[   63.475185] (\win32ss\drivers\wddm\wddm_bridge.c:408) WddmBridgeSendIoctl: IOCTL 0x002305C0 failed with 0x80000011 (x10432)
[   63.541240] (\drivers\directx\rpi5vc4\rpi5vc4_wddm.c:461) RPI5VC4: V3D job fence=83 timed out — completing (TDR)
[   63.550659] (\drivers\directx\rpi5vc4\rpi5vc4_v3d.c:294) RPI5VC4: reset ERR_STAT after clear=00001000
[   63.557896] (\drivers\directx\rpi5vc4\rpi5vc4_wddm.c:654) RPI5VC4: TDR resetting V3D core: ok
[   63.571438] (\win32ss\drivers\wddm\wddm_bridge.c:408) WddmBridgeSendIoctl: IOCTL 0x002305C0 failed with 0x80000011 (x10496)
[   63.643494] (\win32ss\drivers\wddm\wddm_bridge.c:408) WddmBridgeSendIoctl: IOCTL 0x002305C0 failed with 0x80000011 (x10560)
[   63.715563] (\win32ss\drivers\wddm\wddm_bridge.c:408) WddmBridgeSendIoctl: IOCTL 0x002305C0 failed with 0x80000011 (x10624)
[   63.787634] (\win32ss\drivers\wddm\wddm_bridge.c:408) WddmBridgeSendIoctl: IOCTL 0x002305C0 failed with 0x80000011 (x10688)
[   63.859705] (\win32ss\drivers\wddm\wddm_bridge.c:408) WddmBridgeSendIoctl: IOCTL 0x002305C0 failed with 0x80000011 (x10752)
[   63.867706] (\drivers\directx\rpi5vc4\rpi5vc4_wddm.c:461) RPI5VC4: V3D job fence=85 timed out — completing (TDR)
[   63.879228] (\drivers\directx\rpi5vc4\rpi5vc4_v3d.c:294) RPI5VC4: reset ERR_STAT after clear=00001000
[   63.887467] (\drivers\directx\rpi5vc4\rpi5vc4_wddm.c:654) RPI5VC4: TDR resetting V3D core: ok
[   63.959050] (\win32ss\drivers\wddm\wddm_bridge.c:408) WddmBridgeSendIoctl: IOCTL 0x002305C0 failed with 0x80000011 (x10816)
[   64.031136] (\win32ss\drivers\wddm\wddm_bridge.c:408) WddmBridgeSendIoctl: IOCTL 0x002305C0 failed with 0x80000011 (x10880)
[   64.103188] (\win32ss\drivers\wddm\wddm_bridge.c:408) WddmBridgeSendIoctl: IOCTL 0x002305C0 failed with 0x80000011 (x10944)
[   64.175255] (\win32ss\drivers\wddm\wddm_bridge.c:408) WddmBridgeSendIoctl: IOCTL 0x002305C0 failed with 0x80000011 (x11008)
[   64.197268] (\drivers\directx\rpi5vc4\rpi5vc4_wddm.c:461) RPI5VC4: V3D job fence=87 timed out — completing (TDR)
[   64.205687] (\drivers\directx\rpi5vc4\rpi5vc4_v3d.c:294) RPI5VC4: reset ERR_STAT after clear=00001000
[   64.213925] (\drivers\directx\rpi5vc4\rpi5vc4_wddm.c:654) RPI5VC4: TDR resetting V3D core: ok
[   64.272495] (\win32ss\drivers\wddm\wddm_bridge.c:408) WddmBridgeSendIoctl: IOCTL 0x002305C0 failed with 0x80000011 (x11072)
[   64.344567] (\win32ss\drivers\wddm\wddm_bridge.c:408) WddmBridgeSendIoctl: IOCTL 0x002305C0 failed with 0x80000011 (x11136)
[   64.416638] (\win32ss\drivers\wddm\wddm_bridge.c:408) WddmBridgeSendIoctl: IOCTL 0x002305C0 failed with 0x80000011 (x11200)
[   64.488722] (\win32ss\drivers\wddm\wddm_bridge.c:408) WddmBridgeSendIoctl: IOCTL 0x002305C0 failed with 0x80000011 (x11264)
[   64.523736] (\drivers\directx\rpi5vc4\rpi5vc4_wddm.c:461) RPI5VC4: V3D job fence=89 timed out — completing (TDR)
[   64.532154] (\drivers\directx\rpi5vc4\rpi5vc4_v3d.c:294) RPI5VC4: reset ERR_STAT after clear=00001000
[   64.540392] (\drivers\directx\rpi5vc4\rpi5vc4_wddm.c:654) RPI5VC4: TDR resetting V3D core: ok
[   64.584946] (\win32ss\drivers\wddm\wddm_bridge.c:408) WddmBridgeSendIoctl: IOCTL 0x002305C0 failed with 0x80000011 (x11328)
[   64.657013] (\win32ss\drivers\wddm\wddm_bridge.c:408) WddmBridgeSendIoctl: IOCTL 0x002305C0 failed with 0x80000011 (x11392)
[   64.729081] (\win32ss\drivers\wddm\wddm_bridge.c:408) WddmBridgeSendIoctl: IOCTL 0x002305C0 failed with 0x80000011 (x11456)
[   64.801151] (\win32ss\drivers\wddm\wddm_bridge.c:408) WddmBridgeSendIoctl: IOCTL 0x002305C0 failed with 0x80000011 (x11520)
[   64.850190] (\drivers\directx\rpi5vc4\rpi5vc4_wddm.c:461) RPI5VC4: V3D job fence=91 timed out — completing (TDR)
[   64.862158] (\drivers\directx\rpi5vc4\rpi5vc4_v3d.c:294) RPI5VC4: reset ERR_STAT after clear=00001000
[   64.868486] (\drivers\directx\rpi5vc4\rpi5vc4_wddm.c:654) RPI5VC4: TDR resetting V3D core: ok
[   64.899008] (\win32ss\drivers\wddm\wddm_bridge.c:408) WddmBridgeSendIoctl: IOCTL 0x002305C0 failed with 0x80000011 (x11584)
[   64.971050] (\win32ss\drivers\wddm\wddm_bridge.c:408) WddmBridgeSendIoctl: IOCTL 0x002305C0 failed with 0x80000011 (x11648)
[   65.043121] (\win32ss\drivers\wddm\wddm_bridge.c:408) WddmBridgeSendIoctl: IOCTL 0x002305C0 failed with 0x80000011 (x11712)
[   65.115188] (\win32ss\drivers\wddm\wddm_bridge.c:408) WddmBridgeSendIoctl: IOCTL 0x002305C0 failed with 0x80000011 (x11776)
[   65.178243] (\drivers\directx\rpi5vc4\rpi5vc4_wddm.c:461) RPI5VC4: V3D job fence=93 timed out — completing (TDR)
[   65.189213] (\drivers\directx\rpi5vc4\rpi5vc4_v3d.c:294) RPI5VC4: reset ERR_STAT after clear=00001000
[   65.195541] (\drivers\directx\rpi5vc4\rpi5vc4_wddm.c:654) RPI5VC4: TDR resetting V3D core: ok
[   65.212063] (\win32ss\drivers\wddm\wddm_bridge.c:408) WddmBridgeSendIoctl: IOCTL 0x002305C0 failed with 0x80000011 (x11840)
[   65.284092] (\win32ss\drivers\wddm\wddm_bridge.c:408) WddmBridgeSendIoctl: IOCTL 0x002305C0 failed with 0x80000011 (x11904)
[   65.356162] (\win32ss\drivers\wddm\wddm_bridge.c:408) WddmBridgeSendIoctl: IOCTL 0x002305C0 failed with 0x80000011 (x11968)
[   65.431239] (\win32ss\drivers\wddm\wddm_bridge.c:408) WddmBridgeSendIoctl: IOCTL 0x002305C0 failed with 0x80000011 (x12032)
[   65.503304] (\win32ss\drivers\wddm\wddm_bridge.c:408) WddmBridgeSendIoctl: IOCTL 0x002305C0 failed with 0x80000011 (x12096)
[   65.505302] (\drivers\directx\rpi5vc4\rpi5vc4_wddm.c:461) RPI5VC4: V3D job fence=95 timed out — completing (TDR)
[   65.522826] (\drivers\directx\rpi5vc4\rpi5vc4_v3d.c:294) RPI5VC4: reset ERR_STAT after clear=00001000
[   65.531066] (\drivers\directx\rpi5vc4\rpi5vc4_wddm.c:654) RPI5VC4: TDR resetting V3D core: ok
[   65.602649] (\win32ss\drivers\wddm\wddm_bridge.c:408) WddmBridgeSendIoctl: IOCTL 0x002305C0 failed with 0x80000011 (x12160)
[   65.674734] (\win32ss\drivers\wddm\wddm_bridge.c:408) WddmBridgeSendIoctl: IOCTL 0x002305C0 failed with 0x80000011 (x12224)
[   65.746791] (\win32ss\drivers\wddm\wddm_bridge.c:408) WddmBridgeSendIoctl: IOCTL 0x002305C0 failed with 0x80000011 (x12288)
[   65.818862] (\win32ss\drivers\wddm\wddm_bridge.c:408) WddmBridgeSendIoctl: IOCTL 0x002305C0 failed with 0x80000011 (x12352)
[   65.840877] (\drivers\directx\rpi5vc4\rpi5vc4_wddm.c:461) RPI5VC4: V3D job fence=97 timed out — completing (TDR)
[   65.851846] (\drivers\directx\rpi5vc4\rpi5vc4_v3d.c:294) RPI5VC4: reset ERR_STAT after clear=00001000
[   65.858174] (\drivers\directx\rpi5vc4\rpi5vc4_wddm.c:654) RPI5VC4: TDR resetting V3D core: ok
[   65.915706] (\win32ss\drivers\wddm\wddm_bridge.c:408) WddmBridgeSendIoctl: IOCTL 0x002305C0 failed with 0x80000011 (x12416)
[   65.987768] (\win32ss\drivers\wddm\wddm_bridge.c:408) WddmBridgeSendIoctl: IOCTL 0x002305C0 failed with 0x80000011 (x12480)
[   66.059855] (\win32ss\drivers\wddm\wddm_bridge.c:408) WddmBridgeSendIoctl: IOCTL 0x002305C0 failed with 0x80000011 (x12544)
[   66.131908] (\win32ss\drivers\wddm\wddm_bridge.c:408) WddmBridgeSendIoctl: IOCTL 0x002305C0 failed with 0x80000011 (x12608)
[   66.166930] (\drivers\directx\rpi5vc4\rpi5vc4_wddm.c:461) RPI5VC4: V3D job fence=98 timed out — completing (TDR)
[   66.177900] (\drivers\directx\rpi5vc4\rpi5vc4_v3d.c:294) RPI5VC4: reset ERR_STAT after clear=00001000
[   66.184228] (\drivers\directx\rpi5vc4\rpi5vc4_wddm.c:654) RPI5VC4: TDR resetting V3D core: ok
[   66.228755] (\win32ss\drivers\wddm\wddm_bridge.c:408) WddmBridgeSendIoctl: IOCTL 0x002305C0 failed with 0x80000011 (x12672)
[   66.300811] (\win32ss\drivers\wddm\wddm_bridge.c:408) WddmBridgeSendIoctl: IOCTL 0x002305C0 failed with 0x80000011 (x12736)
[   66.372898] (\win32ss\drivers\wddm\wddm_bridge.c:408) WddmBridgeSendIoctl: IOCTL 0x002305C0 failed with 0x80000011 (x12800)
[   66.444953] (\win32ss\drivers\wddm\wddm_bridge.c:408) WddmBridgeSendIoctl: IOCTL 0x002305C0 failed with 0x80000011 (x12864)
[   66.492995] (\drivers\directx\rpi5vc4\rpi5vc4_wddm.c:461) RPI5VC4: V3D job fence=99 timed out — completing (TDR)
[   66.502415] (\drivers\directx\rpi5vc4\rpi5vc4_v3d.c:294) RPI5VC4: reset ERR_STAT after clear=00001000
[   66.509652] (\drivers\directx\rpi5vc4\rpi5vc4_wddm.c:654) RPI5VC4: TDR resetting V3D core: ok
[   66.542194] (\win32ss\drivers\wddm\wddm_bridge.c:408) WddmBridgeSendIoctl: IOCTL 0x002305C0 failed with 0x80000011 (x12928)
[   66.614274] (\win32ss\drivers\wddm\wddm_bridge.c:408) WddmBridgeSendIoctl: IOCTL 0x002305C0 failed with 0x80000011 (x12992)
[   66.686333] (\win32ss\drivers\wddm\wddm_bridge.c:408) WddmBridgeSendIoctl: IOCTL 0x002305C0 failed with 0x80000011 (x13056)
[   66.758415] (\win32ss\drivers\wddm\wddm_bridge.c:408) WddmBridgeSendIoctl: IOCTL 0x002305C0 failed with 0x80000011 (x13120)
[   66.818452] (\drivers\directx\rpi5vc4\rpi5vc4_wddm.c:461) RPI5VC4: V3D job fence=100 timed out — completing (TDR)
[   66.828158] (\drivers\directx\rpi5vc4\rpi5vc4_v3d.c:294) RPI5VC4: reset ERR_STAT after clear=00001000
[   66.835195] (\drivers\directx\rpi5vc4\rpi5vc4_wddm.c:654) RPI5VC4: TDR resetting V3D core: ok
[   66.855726] (\win32ss\drivers\wddm\wddm_bridge.c:408) WddmBridgeSendIoctl: IOCTL 0x002305C0 failed with 0x80000011 (x13184)
[   66.927798] (\win32ss\drivers\wddm\wddm_bridge.c:408) WddmBridgeSendIoctl: IOCTL 0x002305C0 failed with 0x80000011 (x13248)
[   66.999867] (\win32ss\drivers\wddm\wddm_bridge.c:408) WddmBridgeSendIoctl: IOCTL 0x002305C0 failed with 0x80000011 (x13312)
[   67.071942] (\win32ss\drivers\wddm\wddm_bridge.c:408) WddmBridgeSendIoctl: IOCTL 0x002305C0 failed with 0x80000011 (x13376)
[   67.144004] (\win32ss\drivers\wddm\wddm_bridge.c:408) WddmBridgeSendIoctl: IOCTL 0x002305C0 failed with 0x80000011 (x13440)
[   67.144997] (\drivers\directx\rpi5vc4\rpi5vc4_wddm.c:461) RPI5VC4: V3D job fence=102 timed out — completing (TDR)
[   67.163614] (\drivers\directx\rpi5vc4\rpi5vc4_v3d.c:294) RPI5VC4: reset ERR_STAT after clear=00001000
[   67.171854] (\drivers\directx\rpi5vc4\rpi5vc4_wddm.c:654) RPI5VC4: TDR resetting V3D core: ok
[   67.243433] (\win32ss\drivers\wddm\wddm_bridge.c:408) WddmBridgeSendIoctl: IOCTL 0x002305C0 failed with 0x80000011 (x13504)
[   67.315513] (\win32ss\drivers\wddm\wddm_bridge.c:408) WddmBridgeSendIoctl: IOCTL 0x002305C0 failed with 0x80000011 (x13568)
[   67.387584] (\win32ss\drivers\wddm\wddm_bridge.c:408) WddmBridgeSendIoctl: IOCTL 0x002305C0 failed with 0x80000011 (x13632)
[   67.459639] (\win32ss\drivers\wddm\wddm_bridge.c:408) WddmBridgeSendIoctl: IOCTL 0x002305C0 failed with 0x80000011 (x13696)
[   67.481653] (\drivers\directx\rpi5vc4\rpi5vc4_wddm.c:461) RPI5VC4: V3D job fence=104 timed out — completing (TDR)
[   67.492710] (\drivers\directx\rpi5vc4\rpi5vc4_v3d.c:294) RPI5VC4: reset ERR_STAT after clear=00001000
[   67.499037] (\drivers\directx\rpi5vc4\rpi5vc4_wddm.c:654) RPI5VC4: TDR resetting V3D core: ok
[   67.556570] (\win32ss\drivers\wddm\wddm_bridge.c:408) WddmBridgeSendIoctl: IOCTL 0x002305C0 failed with 0x80000011 (x13760)
[   67.628629] (\win32ss\drivers\wddm\wddm_bridge.c:408) WddmBridgeSendIoctl: IOCTL 0x002305C0 failed with 0x80000011 (x13824)
[   67.700719] (\win32ss\drivers\wddm\wddm_bridge.c:408) WddmBridgeSendIoctl: IOCTL 0x002305C0 failed with 0x80000011 (x13888)
[   67.772770] (\win32ss\drivers\wddm\wddm_bridge.c:408) WddmBridgeSendIoctl: IOCTL 0x002305C0 failed with 0x80000011 (x13952)
[   67.808798] (\drivers\directx\rpi5vc4\rpi5vc4_wddm.c:461) RPI5VC4: V3D job fence=106 timed out — completing (TDR)
[   67.817304] (\drivers\directx\rpi5vc4\rpi5vc4_v3d.c:294) RPI5VC4: reset ERR_STAT after clear=00001000
[   67.825541] (\drivers\directx\rpi5vc4\rpi5vc4_wddm.c:654) RPI5VC4: TDR resetting V3D core: ok
[   67.869095] (\win32ss\drivers\wddm\wddm_bridge.c:408) WddmBridgeSendIoctl: IOCTL 0x002305C0 failed with 0x80000011 (x14016)
[   67.941165] (\win32ss\drivers\wddm\wddm_bridge.c:408) WddmBridgeSendIoctl: IOCTL 0x002305C0 failed with 0x80000011 (x14080)
[   68.013234] (\win32ss\drivers\wddm\wddm_bridge.c:408) WddmBridgeSendIoctl: IOCTL 0x002305C0 failed with 0x80000011 (x14144)
[   68.085301] (\win32ss\drivers\wddm\wddm_bridge.c:408) WddmBridgeSendIoctl: IOCTL 0x002305C0 failed with 0x80000011 (x14208)
[   68.135345] (\drivers\directx\rpi5vc4\rpi5vc4_wddm.c:461) RPI5VC4: V3D job fence=108 timed out — completing (TDR)
[   68.146403] (\drivers\directx\rpi5vc4\rpi5vc4_v3d.c:294) RPI5VC4: reset ERR_STAT after clear=00001000
[   68.152731] (\drivers\directx\rpi5vc4\rpi5vc4_wddm.c:654) RPI5VC4: TDR resetting V3D core: ok
[   68.182264] (\win32ss\drivers\wddm\wddm_bridge.c:408) WddmBridgeSendIoctl: IOCTL 0x002305C0 failed with 0x80000011 (x14272)
[   68.254313] (\win32ss\drivers\wddm\wddm_bridge.c:408) WddmBridgeSendIoctl: IOCTL 0x002305C0 failed with 0x80000011 (x14336)
[   68.326377] (\win32ss\drivers\wddm\wddm_bridge.c:408) WddmBridgeSendIoctl: IOCTL 0x002305C0 failed with 0x80000011 (x14400)
[   68.398431] (\win32ss\drivers\wddm\wddm_bridge.c:408) WddmBridgeSendIoctl: IOCTL 0x002305C0 failed with 0x80000011 (x14464)
[   68.462487] (\drivers\directx\rpi5vc4\rpi5vc4_wddm.c:461) RPI5VC4: V3D job fence=110 timed out — completing (TDR)
[   68.473541] (\drivers\directx\rpi5vc4\rpi5vc4_v3d.c:294) RPI5VC4: reset ERR_STAT after clear=00001000
[   68.479869] (\drivers\directx\rpi5vc4\rpi5vc4_wddm.c:654) RPI5VC4: TDR resetting V3D core: ok
[   68.495384] (\win32ss\drivers\wddm\wddm_bridge.c:408) WddmBridgeSendIoctl: IOCTL 0x002305C0 failed with 0x80000011 (x14528)
[   68.567413] (\win32ss\drivers\wddm\wddm_bridge.c:408) WddmBridgeSendIoctl: IOCTL 0x002305C0 failed with 0x80000011 (x14592)
[   68.639488] (\win32ss\drivers\wddm\wddm_bridge.c:408) WddmBridgeSendIoctl: IOCTL 0x002305C0 failed with 0x80000011 (x14656)
[   68.711556] (\win32ss\drivers\wddm\wddm_bridge.c:408) WddmBridgeSendIoctl: IOCTL 0x002305C0 failed with 0x80000011 (x14720)
[   68.783623] (\win32ss\drivers\wddm\wddm_bridge.c:408) WddmBridgeSendIoctl: IOCTL 0x002305C0 failed with 0x80000011 (x14784)
[   68.789624] (\drivers\directx\rpi5vc4\rpi5vc4_wddm.c:461) RPI5VC4: V3D job fence=112 timed out — completing (TDR)
[   68.803230] (\drivers\directx\rpi5vc4\rpi5vc4_v3d.c:294) RPI5VC4: reset ERR_STAT after clear=00001000
[   68.811471] (\drivers\directx\rpi5vc4\rpi5vc4_wddm.c:654) RPI5VC4: TDR resetting V3D core: ok
[   68.883056] (\win32ss\drivers\wddm\wddm_bridge.c:408) WddmBridgeSendIoctl: IOCTL 0x002305C0 failed with 0x80000011 (x14848)
[   68.955124] (\win32ss\drivers\wddm\wddm_bridge.c:408) WddmBridgeSendIoctl: IOCTL 0x002305C0 failed with 0x80000011 (x14912)
[   69.027193] (\win32ss\drivers\wddm\wddm_bridge.c:408) WddmBridgeSendIoctl: IOCTL 0x002305C0 failed with 0x80000011 (x14976)
[   69.099259] (\win32ss\drivers\wddm\wddm_bridge.c:408) WddmBridgeSendIoctl: IOCTL 0x002305C0 failed with 0x80000011 (x15040)
[   69.121274] (\drivers\directx\rpi5vc4\rpi5vc4_wddm.c:461) RPI5VC4: V3D job fence=114 timed out — completing (TDR)
[   69.130779] (\drivers\directx\rpi5vc4\rpi5vc4_v3d.c:294) RPI5VC4: reset ERR_STAT after clear=00001000
[   69.138016] (\drivers\directx\rpi5vc4\rpi5vc4_wddm.c:654) RPI5VC4: TDR resetting V3D core: ok
[   69.195588] (\win32ss\drivers\wddm\wddm_bridge.c:408) WddmBridgeSendIoctl: IOCTL 0x002305C0 failed with 0x80000011 (x15104)
[   69.267655] (\win32ss\drivers\wddm\wddm_bridge.c:408) WddmBridgeSendIoctl: IOCTL 0x002305C0 failed with 0x80000011 (x15168)
[   69.339725] (\win32ss\drivers\wddm\wddm_bridge.c:408) WddmBridgeSendIoctl: IOCTL 0x002305C0 failed with 0x80000011 (x15232)
[   69.411793] (\win32ss\drivers\wddm\wddm_bridge.c:408) WddmBridgeSendIoctl: IOCTL 0x002305C0 failed with 0x80000011 (x15296)
[   69.447820] (\drivers\directx\rpi5vc4\rpi5vc4_wddm.c:461) RPI5VC4: V3D job fence=116 timed out — completing (TDR)
[   69.456327] (\drivers\directx\rpi5vc4\rpi5vc4_v3d.c:294) RPI5VC4: reset ERR_STAT after clear=00001000
[   69.464563] (\drivers\directx\rpi5vc4\rpi5vc4_wddm.c:654) RPI5VC4: TDR resetting V3D core: ok
[   69.508118] (\win32ss\drivers\wddm\wddm_bridge.c:408) WddmBridgeSendIoctl: IOCTL 0x002305C0 failed with 0x80000011 (x15360)
[   69.580188] (\win32ss\drivers\wddm\wddm_bridge.c:408) WddmBridgeSendIoctl: IOCTL 0x002305C0 failed with 0x80000011 (x15424)
[   69.652257] (\win32ss\drivers\wddm\wddm_bridge.c:408) WddmBridgeSendIoctl: IOCTL 0x002305C0 failed with 0x80000011 (x15488)
[   69.724340] (\win32ss\drivers\wddm\wddm_bridge.c:408) WddmBridgeSendIoctl: IOCTL 0x002305C0 failed with 0x80000011 (x15552)
[   69.774366] (\drivers\directx\rpi5vc4\rpi5vc4_wddm.c:461) RPI5VC4: V3D job fence=118 timed out — completing (TDR)
[   69.782870] (\drivers\directx\rpi5vc4\rpi5vc4_v3d.c:294) RPI5VC4: reset ERR_STAT after clear=00001000
[   69.791109] (\drivers\directx\rpi5vc4\rpi5vc4_wddm.c:654) RPI5VC4: TDR resetting V3D core: ok
[   69.820650] (\win32ss\drivers\wddm\wddm_bridge.c:408) WddmBridgeSendIoctl: IOCTL 0x002305C0 failed with 0x80000011 (x15616)
[   69.892721] (\win32ss\drivers\wddm\wddm_bridge.c:408) WddmBridgeSendIoctl: IOCTL 0x002305C0 failed with 0x80000011 (x15680)
[   69.964791] (\win32ss\drivers\wddm\wddm_bridge.c:408) WddmBridgeSendIoctl: IOCTL 0x002305C0 failed with 0x80000011 (x15744)
[   70.036863] (\win32ss\drivers\wddm\wddm_bridge.c:408) WddmBridgeSendIoctl: IOCTL 0x002305C0 failed with 0x80000011 (x15808)
[   70.100923] (\drivers\directx\rpi5vc4\rpi5vc4_wddm.c:461) RPI5VC4: V3D job fence=120 timed out — completing (TDR)
[   70.109429] (\drivers\directx\rpi5vc4\rpi5vc4_v3d.c:294) RPI5VC4: reset ERR_STAT after clear=00001000
[   70.117667] (\drivers\directx\rpi5vc4\rpi5vc4_wddm.c:654) RPI5VC4: TDR resetting V3D core: ok
[   70.133194] (\win32ss\drivers\wddm\wddm_bridge.c:408) WddmBridgeSendIoctl: IOCTL 0x002305C0 failed with 0x80000011 (x15872)
[   70.205264] (\win32ss\drivers\wddm\wddm_bridge.c:408) WddmBridgeSendIoctl: IOCTL 0x002305C0 failed with 0x80000011 (x15936)
[   70.277331] (\win32ss\drivers\wddm\wddm_bridge.c:408) WddmBridgeSendIoctl: IOCTL 0x002305C0 failed with 0x80000011 (x16000)
[   70.288849] 2 frames in 9.8 seconds =  0.205 FPS
[   70.357441] (\win32ss\drivers\wddm\wddm_bridge.c:408) WddmBridgeSendIoctl: IOCTL 0x002305C0 failed with 0x80000011 (x16064)
[   70.427479] (\drivers\directx\rpi5vc4\rpi5vc4_wddm.c:461) RPI5VC4: V3D job fence=122 timed out — completing (TDR)
[   70.435988] (\drivers\directx\rpi5vc4\rpi5vc4_v3d.c:294) RPI5VC4: reset ERR_STAT after clear=00001000
[   70.444223] (\drivers\directx\rpi5vc4\rpi5vc4_wddm.c:654) RPI5VC4: TDR resetting V3D core: ok
[   70.453745] (\win32ss\drivers\wddm\wddm_bridge.c:408) WddmBridgeSendIoctl: IOCTL 0x002305C0 failed with 0x80000011 (x16128)
[   70.527825] (\win32ss\drivers\wddm\wddm_bridge.c:408) WddmBridgeSendIoctl: IOCTL 0x002305C0 failed with 0x80000011 (x16192)
[   70.599901] (\win32ss\drivers\wddm\wddm_bridge.c:408) WddmBridgeSendIoctl: IOCTL 0x002305C0 failed with 0x80000011 (x16256)
[   70.671956] (\win32ss\drivers\wddm\wddm_bridge.c:408) WddmBridgeSendIoctl: IOCTL 0x002305C0 failed with 0x80000011 (x16320)
[   70.744024] (\win32ss\drivers\wddm\wddm_bridge.c:408) WddmBridgeSendIoctl: IOCTL 0x002305C0 failed with 0x80000011 (x16384)
[   70.753022] (\drivers\directx\rpi5vc4\rpi5vc4_wddm.c:461) RPI5VC4: V3D job fence=123 timed out — completing (TDR)
[   70.763634] (\drivers\directx\rpi5vc4\rpi5vc4_v3d.c:294) RPI5VC4: reset ERR_STAT after clear=00001000
[   70.771872] (\drivers\directx\rpi5vc4\rpi5vc4_wddm.c:654) RPI5VC4: TDR resetting V3D core: ok
[   70.843473] (\win32ss\drivers\wddm\wddm_bridge.c:408) WddmBridgeSendIoctl: IOCTL 0x002305C0 failed with 0x80000011 (x16448)
[   70.915524] (\win32ss\drivers\wddm\wddm_bridge.c:408) WddmBridgeSendIoctl: IOCTL 0x002305C0 failed with 0x80000011 (x16512)
[   70.987609] (\win32ss\drivers\wddm\wddm_bridge.c:408) WddmBridgeSendIoctl: IOCTL 0x002305C0 failed with 0x80000011 (x16576)
[   71.059665] (\win32ss\drivers\wddm\wddm_bridge.c:408) WddmBridgeSendIoctl: IOCTL 0x002305C0 failed with 0x80000011 (x16640)
[   71.081680] (\drivers\directx\rpi5vc4\rpi5vc4_wddm.c:461) RPI5VC4: V3D job fence=125 timed out — completing (TDR)
[   71.092735] (\drivers\directx\rpi5vc4\rpi5vc4_v3d.c:294) RPI5VC4: reset ERR_STAT after clear=00001000
[   71.099063] (\drivers\directx\rpi5vc4\rpi5vc4_wddm.c:654) RPI5VC4: TDR resetting V3D core: ok
[   71.156596] (\win32ss\drivers\wddm\wddm_bridge.c:408) WddmBridgeSendIoctl: IOCTL 0x002305C0 failed with 0x80000011 (x16704)
[   71.228655] (\win32ss\drivers\wddm\wddm_bridge.c:408) WddmBridgeSendIoctl: IOCTL 0x002305C0 failed with 0x80000011 (x16768)
[   71.300727] (\win32ss\drivers\wddm\wddm_bridge.c:408) WddmBridgeSendIoctl: IOCTL 0x002305C0 failed with 0x80000011 (x16832)
[   71.372795] (\win32ss\drivers\wddm\wddm_bridge.c:408) WddmBridgeSendIoctl: IOCTL 0x002305C0 failed with 0x80000011 (x16896)
[   71.408822] (\drivers\directx\rpi5vc4\rpi5vc4_wddm.c:461) RPI5VC4: V3D job fence=127 timed out — completing (TDR)
[   71.418329] (\drivers\directx\rpi5vc4\rpi5vc4_v3d.c:294) RPI5VC4: reset ERR_STAT after clear=00001000
[   71.425565] (\drivers\directx\rpi5vc4\rpi5vc4_wddm.c:654) RPI5VC4: TDR resetting V3D core: ok
[   71.469138] (\win32ss\drivers\wddm\wddm_bridge.c:408) WddmBridgeSendIoctl: IOCTL 0x002305C0 failed with 0x80000011 (x16960)
[   71.541189] (\win32ss\drivers\wddm\wddm_bridge.c:408) WddmBridgeSendIoctl: IOCTL 0x002305C0 failed with 0x80000011 (x17024)
[   71.613260] (\win32ss\drivers\wddm\wddm_bridge.c:408) WddmBridgeSendIoctl: IOCTL 0x002305C0 failed with 0x80000011 (x17088)
[   71.685330] (\win32ss\drivers\wddm\wddm_bridge.c:408) WddmBridgeSendIoctl: IOCTL 0x002305C0 failed with 0x80000011 (x17152)
[   71.735373] (\drivers\directx\rpi5vc4\rpi5vc4_wddm.c:461) RPI5VC4: V3D job fence=129 timed out — completing (TDR)
[   71.743879] (\drivers\directx\rpi5vc4\rpi5vc4_v3d.c:294) RPI5VC4: reset ERR_STAT after clear=00001000
[   71.752117] (\drivers\directx\rpi5vc4\rpi5vc4_wddm.c:654) RPI5VC4: TDR resetting V3D core: ok
[   71.781676] (\win32ss\drivers\wddm\wddm_bridge.c:408) WddmBridgeSendIoctl: IOCTL 0x002305C0 failed with 0x80000011 (x17216)
[   71.853715] (\win32ss\drivers\wddm\wddm_bridge.c:408) WddmBridgeSendIoctl: IOCTL 0x002305C0 failed with 0x80000011 (x17280)
[   71.925745] (\win32ss\drivers\wddm\wddm_bridge.c:408) WddmBridgeSendIoctl: IOCTL 0x002305C0 failed with 0x80000011 (x17344)
[   71.997814] (\win32ss\drivers\wddm\wddm_bridge.c:408) WddmBridgeSendIoctl: IOCTL 0x002305C0 failed with 0x80000011 (x17408)
[   72.061866] (\drivers\directx\rpi5vc4\rpi5vc4_wddm.c:461) RPI5VC4: V3D job fence=131 timed out — completing (TDR)
[   72.072872] (\drivers\directx\rpi5vc4\rpi5vc4_v3d.c:294) RPI5VC4: reset ERR_STAT after clear=00001000
[   72.079200] (\drivers\directx\rpi5vc4\rpi5vc4_wddm.c:654) RPI5VC4: TDR resetting V3D core: ok
[   72.095715] (\win32ss\drivers\wddm\wddm_bridge.c:408) WddmBridgeSendIoctl: IOCTL 0x002305C0 failed with 0x80000011 (x17472)
[   72.167751] (\win32ss\drivers\wddm\wddm_bridge.c:408) WddmBridgeSendIoctl: IOCTL 0x002305C0 failed with 0x80000011 (x17536)
[   72.239818] (\win32ss\drivers\wddm\wddm_bridge.c:408) WddmBridgeSendIoctl: IOCTL 0x002305C0 failed with 0x80000011 (x17600)
[   72.311904] (\win32ss\drivers\wddm\wddm_bridge.c:408) WddmBridgeSendIoctl: IOCTL 0x002305C0 failed with 0x80000011 (x17664)
[   72.383943] (\win32ss\drivers\wddm\wddm_bridge.c:408) WddmBridgeSendIoctl: IOCTL 0x002305C0 failed with 0x80000011 (x17728)
[   72.388946] (\drivers\directx\rpi5vc4\rpi5vc4_wddm.c:461) RPI5VC4: V3D job fence=133 timed out — completing (TDR)
[   72.404449] (\drivers\directx\rpi5vc4\rpi5vc4_v3d.c:294) RPI5VC4: reset ERR_STAT after clear=00001000
[   72.411790] (\drivers\directx\rpi5vc4\rpi5vc4_wddm.c:654) RPI5VC4: TDR resetting V3D core: ok
[   72.483374] (\win32ss\drivers\wddm\wddm_bridge.c:408) WddmBridgeSendIoctl: IOCTL 0x002305C0 failed with 0x80000011 (x17792)
[   72.555464] (\win32ss\drivers\wddm\wddm_bridge.c:408) WddmBridgeSendIoctl: IOCTL 0x002305C0 failed with 0x80000011 (x17856)
[   72.627517] (\win32ss\drivers\wddm\wddm_bridge.c:408) WddmBridgeSendIoctl: IOCTL 0x002305C0 failed with 0x80000011 (x17920)
[   72.699588] (\win32ss\drivers\wddm\wddm_bridge.c:408) WddmBridgeSendIoctl: IOCTL 0x002305C0 failed with 0x80000011 (x17984)
[   72.721604] (\drivers\directx\rpi5vc4\rpi5vc4_wddm.c:461) RPI5VC4: V3D job fence=135 timed out — completing (TDR)
[   72.732661] (\drivers\directx\rpi5vc4\rpi5vc4_v3d.c:294) RPI5VC4: reset ERR_STAT after clear=00001000
[   72.738989] (\drivers\directx\rpi5vc4\rpi5vc4_wddm.c:654) RPI5VC4: TDR resetting V3D core: ok
[   72.797523] (\win32ss\drivers\wddm\wddm_bridge.c:408) WddmBridgeSendIoctl: IOCTL 0x002305C0 failed with 0x80000011 (x18048)
[   72.869583] (\win32ss\drivers\wddm\wddm_bridge.c:408) WddmBridgeSendIoctl: IOCTL 0x002305C0 failed with 0x80000011 (x18112)
[   72.941657] (\win32ss\drivers\wddm\wddm_bridge.c:408) WddmBridgeSendIoctl: IOCTL 0x002305C0 failed with 0x80000011 (x18176)
[