
  1.67 RPi: BOOTSYS release VERSION:2226a853 DATE: 2025/12/08 TIME: 19:29:54
  1.67 BOOTMODE: 0x06 partition 0 build-ts BUILD_TIMESTAMP=1765222194 serial 09a00d1d boardrev d04171 stc 1675540
  1.68 AON_RESET: 00000003 PM_RSTS 00001000
  1.68 POWER_OFF_ON_HALT: 0 WAIT_FOR_POWER_BUTTON 0 power-on-reset 1
  1.69 RP1_BOOT chip ID: 0x20001927
  1.70 PCIEx1: PWR 0 DET_WAKE 0
  1.70 part 00000000 reset_info 00000000
  1.70 PMIC reset-event 00000000 rtc 00000001 alarm 00000000 enabled 0
  1.71 uSD voltage 3.3V
  1.71 SDRAM_CONFIG: 14
  1.71 Initialising SDRAM rank 2 total-size: 64 Gbit 4267 (0x14 0x14)
  1.72 DDR 4267 1 0 64 152 BL:1
  2.44 RP1 FW: load 0
  2.46 RP1_BOOT chip ID: 0x20001927
  3.69 RP1 FW: load 1
  4.12 OTP boardrev d04171 bootrom a a
  4.12 Customer key hash 0000000000000000000000000000000000000000000000000000000000000000
  4.13 VC-JTAG unlocked
  4.15 RP1_BOOT chip ID: 0x20001927

  4.79 PCI2 init
  4.79 PCI2 reset
  4.83 PCIe scan 00001de4:00000001
  4.83 RP1_CHIP_INFO 20001927

  4.83 RPi: BOOTLOADER release VERSION:2226a853 DATE: 2025/12/08 TIME: 19:29:54
  4.84 BOOTMODE: 0x06 partition 0 build-ts BUILD_TIMESTAMP=1765222194 serial 09a00d1d boardrev d04171 stc 4845310
  4.85 PCIEx1: PWR 0 DET_WAKE 0
  4.58 M.2 PCIe HAT not detected.
  4.88 usb_pd_init status 1
  4.88 XHCI-STOP
  4.88 xHC0 ver: 272 HCS: 03000440 140000f1 07ff000a HCC: 0240fe6d
  4.89 USBSTS 11
  4.89 xHC0 ver: 272 HCS: 03000440 140000f1 07ff000a HCC: 0240fe6d
  4.89 xHC0 ports 3 slots 64 intrs 4
  4.91 XHCI-STOP
  4.91 xHC1 ver: 272 HCS: 03000440 140000f1 07ff000a HCC: 0240fe6d
  4.91 USBSTS 1
  4.91 xHC1 ver: 272 HCS: 03000440 140000f1 07ff000a HCC: 0240fe6d
  4.92 xHC1 ports 3 slots 64 intrs 4
  4.97 SD_OC: 0
  4.70 Boot mode: USB-MSD (04) order f1
  4.72 USB2[2] 00020ae1 connected
  5.25 USB2[2] 00200a03 connected enabled
  5.26 USB2 root HUB port 2 init
  5.04 DEV [01:00] 2.00 000000:02 class 0 VID 413c PID 301a
  5.74 USB3[3] 00021203 connected enabled
  5.75 USB3 root HUB port 3 init
  5.07 DEV [02:00] 3.32 000000:03 class 0 VID 0781 PID 5581
  5.08 MSD device [02:00] 3.32 000000:03 conf 0 iface 0 ep 81#1024 02#1024
  5.90 MSD [02:00] 3.32 000000:03 register MSD
  5.25 USB3[3] 00021203 connected enabled
  5.26 USB3 root HUB port 3 init
  5.33 DEV [01:00] 3.32 000000:03 class 0 VID 0781 PID 5591
  5.33 MSD device [01:00] 3.32 000000:03 conf 0 iface 0 ep 81#1024 02#1024
  5.41 MSD [01:00] 3.32 000000:03 register MSD
  5.49 XHCI-STOP
  5.49 xHC0 ver: 272 HCS: 03000440 140000f1 07ff000a HCC: 0240fe6d
  5.49 USBSTS 18
  5.49 XHCI-STOP
  5.49 xHC1 ver: 272 HCS: 03000440 140000f1 07ff000a HCC: 0240fe6d
  5.50 USBSTS 18
  5.51 XHCI-STOP
  5.51 xHC0 ver: 272 HCS: 03000440 140000f1 07ff000a HCC: 0240fe6d
  5.51 USBSTS 19
  5.51 xHC0 ver: 272 HCS: 03000440 140000f1 07ff000a HCC: 0240fe6d
  5.52 xHC0 ports 3 slots 64 intrs 4
  5.53 XHCI-STOP
  5.53 xHC1 ver: 272 HCS: 03000440 140000f1 07ff000a HCC: 0240fe6d
  5.53 USBSTS 19
  5.54 xHC1 ver: 272 HCS: 03000440 140000f1 07ff000a HCC: 0240fe6d
  5.54 xHC1 ports 3 slots 64 intrs 4
  5.55 USB2[2] 00020ae1 connected
  5.05 USB2[2] 00200a03 connected enabled
  5.06 USB2 root HUB port 2 init
  5.62 DEV [01:00] 2.00 000000:02 class 0 VID 413c PID 301a
  5.33 USB3[3] 002a1203 connected enabled
  5.34 USB3 root HUB port 3 init
  5.63 DEV [02:00] 3.32 000000:03 class 0 VID 0781 PID 5581
  5.64 MSD device [02:00] 3.32 000000:03 conf 0 iface 0 ep 81#1024 02#1024
  5.49 MSD [02:00] 3.32 000000:03 register MSD
  5.53 MSD [02:00] 3.32 000000:03 LUN 0
  5.57 USB3[3] 002a1203 connected enabled
  5.60 USB3 root HUB port 3 init
  5.64 MSD READ_CAPACITY [02:00] 3.32 000000:03 lun 0 block-count 121024512 block-size 512
  5.67 DEV [01:00] 3.32 000000:03 class 0 VID 0781 PID 5591
  5.67 MSD device [01:00] 3.32 000000:03 conf 0 iface 0 ep 81#1024 02#1024
  5.68 MBR: 0x00000800, 1570816 type: 0xef
  5.68 MBR: 0x00000000,       0 type: 0x00
  5.69 MBR: 0x00000000,       0 type: 0x00
  5.69 MBR: 0x00000000,       0 type: 0x00
  5.98 MSD [01:00] 3.32 000000:03 register MSD
  5.02 Trying partition: 0
  5.05 type: 32 lba: 2048 'mkfs.fat' ' NO NAME    ' clusters 195964 (8)
  5.71 rsc 32 fat-sectors 1536 root dir cluster 2 sectors 0 entries 0
  5.71 FAT32 clusters 195964
  5.72 [MSD [02:00] 3.32 000000:03] autoboot.txt not found
  5.72 Select partition rsts 0 C(boot_partition) 0 EEPROM config 0 result 1
  5.33 Trying partition: 1
  5.36 type: 32 lba: 2048 'mkfs.fat' ' NO NAME    ' clusters 195959 (8)
  5.74 rsc 32 fat-sectors 1536 root dir cluster 2 sectors 0 entries 0
  5.74 FAT32 clusters 195959
  5.54 Read config.txt bytes      976 hnd 0xd04
  5.75 [MSD [02:00] 3.32 000000:03] pieeprom.upd not found
  5.61 usb_max_current_enable forced to 1
  5.77 MESS:00:00:05.776751:0: *** Restart logging
  5.79 Read /config.txt bytes      976 hnd 0xd04
  6.83 PCI1 reset
  6.84 PCI2 reset
  6.85 set_reboot_order 0
  6.85 set_reboot_arg1 0
  6.85 USB-OTG disconnect
  6.90 MESS:00:00:06.903022:0: Starting OS 6903 ms
  6.90 MESS:00:00:06.908546:0: 00000040: -> 00000480
  6.91 MESS:00:00:06.910397:0: 00000030: -> 00100080
  6.91 MESS:00:00:06.915109:0: 00000034: -> 00100080
  6.91 MESS:00:00:06.919823:0: 00000038: -> 00100080
  6.92 MESS:00:00:06.924536:0: 0000003c: -> 00100080

NOTICE:  BL31: v2.13.0(release):v2.13.0-304-g000fe221b
NOTICE:  BL31: Built : 19:45:01, Jul 17 2025
UEFI firmware (version EDK2-DEV built at 20:07:13 on Jun 21 2026)
[2J[004D[=3h[2J[009DESC (setup), F1 (shell), ENTER (boot)
[*] Boot menu prompt detected; sending enter
......[EUART] init: override=0x0000000000000000 override-interface=unknown
[EUART] detect: begin
[EUART] SPCR: search
[EUART] SPCR: not found
[EUART] DBG2: search
[EUART] DBG2: rev=0x00 len=0x00000061 oem=RPIFDN table=RPI5 oemrev=0x00000200 creator=EDK2 creatorrev=0x00000300
[EUART] DBG2: count=1 offset=0x0000002C length=0x00000061
[EUART] DBG2: entry 0 type=0x8000 subtype=0x0003 regs=1 baroff=0x0016 name=\_SB.SOCB.URT0 oemdata-len=0x0000
[EUART] DBG2: GAS space=0x00 addr=0x000000107D001000
[EUART] DBG2: interface=pl011
[EUART] detect: base=0x000000107D001000 interface=pl011 ready=0
[EUART] init: done base=0x000000107D001000 interface=pl011 ready=1
[EUART] init: already initialized base=0x000000107D001000 interface=pl011 ready=1
(\boot\freeldr\freeldr\arch\uefi\uefimem.c:273) trace: UefiMemGetMemoryMap: Gather memory map
(\boot\freeldr\freeldr\arch\uefi\uefimem.c:285) trace: Value of MapKey: 5700
(\boot\freeldr\freeldr\arch\uefi\uefimem.c:286) trace: Value of MapSize: 4560
(\boot\freeldr\freeldr\arch\uefi\uefimem.c:287) trace: Value of DescriptorSize: 48
(\boot\freeldr\freeldr\arch\uefi\uefimem.c:288) trace: Value of DescriptorVersion: 1
(\boot\freeldr\freeldr\arch\uefi\uefidisk.c:1058) trace: Found boot handle at index 1
(\boot\freeldr\freeldr\arch\uefi\uefidisk.c:1071) trace: Boot handle: LogicalPartition=TRUE, RemovableMedia=TRUE, BlockSize=512
(\boot\freeldr\freeldr\arch\uefi\uefidisk.c:1129) trace: Found root block device at index 0: BlockSize=512, LastBlock=121024511
(\boot\freeldr\freeldr\arch\uefi\uefidisk.c:1151) trace: Calling GetHarddiskInformation for drive 128 (BlockDeviceIndex=0)
(\boot\freeldr\freeldr\disk\disk.c:102) trace: DiskInitialize(0x80, 'multi(0)disk(0)rdisk(0)', Type: 25)
(\boot\freeldr\freeldr\disk\disk.c:130) trace: Signature: 0
(\boot\freeldr\freeldr\disk\disk.c:139) trace: Checksum: 4d3b9ec2
(\boot\freeldr\freeldr\disk\disk.c:142) trace: IsPartitionValid: TRUE
(\boot\freeldr\freeldr\lib\fs\fs.c:673) trace: FsRegisterDevice(multi(0)disk(0)rdisk(0)partition(0))
(\boot\freeldr\freeldr\disk\partition.c:82) trace: Drive 0x80 partition type MBR
(\boot\freeldr\freeldr\lib\fs\fs.c:673) trace: FsRegisterDevice(multi(0)disk(0)rdisk(0)partition(1))
(\boot\freeldr\freeldr\arch\uefi\uefidisk.c:976) trace: Identifier: 4d3b9ec2-00000000-A
(\boot\freeldr\freeldr\arch\uefi\uefidisk.c:1123) trace: Skipping logical partition handle 1
(\boot\freeldr\freeldr\arch\uefi\uefidisk.c:1129) trace: Found root block device at index 2: BlockSize=512, LastBlock=240353279
(\boot\freeldr\freeldr\arch\uefi\uefidisk.c:1151) trace: Calling GetHarddiskInformation for drive 129 (BlockDeviceIndex=1)
(\boot\freeldr\freeldr\disk\disk.c:102) trace: DiskInitialize(0x81, 'multi(0)disk(0)rdisk(1)', Type: 25)
(\boot\freeldr\freeldr\disk\disk.c:130) trace: Signature: 0
(\boot\freeldr\freeldr\disk\disk.c:139) trace: Checksum: 55bbc18b
(\boot\freeldr\freeldr\disk\disk.c:142) trace: IsPartitionValid: TRUE
(\boot\freeldr\freeldr\disk\disk.c:163) trace: Disk 0x81 is GPT, DiskGuid: {9df3f58f-f8ad-4f63-9de5-0e0a91c4e2a0}
(\boot\freeldr\freeldr\lib\fs\fs.c:673) trace: FsRegisterDevice(multi(0)disk(0)rdisk(1)partition(0))
(\boot\freeldr\freeldr\disk\partition.c:82) trace: Drive 0x81 partition type GPT
(\boot\freeldr\freeldr\lib\fs\fs.c:673) trace: FsRegisterDevice(multi(0)disk(0)rdisk(1)partition(1))
(\boot\freeldr\freeldr\lib\fs\fs.c:673) trace: FsRegisterDevice(multi(0)disk(0)rdisk(1)partition(2))
(\boot\freeldr\freeldr\lib\fs\fs.c:673) trace: FsRegisterDevice(multi(0)disk(0)rdisk(1)partition(3))
(\boot\freeldr\freeldr\arch\uefi\uefidisk.c:976) trace: Identifier: 55bbc18b-00000000-A
(\boot\freeldr\freeldr\arch\uefi\uefidisk.c:1123) trace: Skipping logical partition handle 3
(\boot\freeldr\freeldr\arch\uefi\uefidisk.c:1123) trace: Skipping logical partition handle 4
(\boot\freeldr\freeldr\arch\uefi\uefidisk.c:1123) trace: Skipping logical partition handle 5
(\boot\freeldr\freeldr\arch\uefi\uefidisk.c:1173) trace: Boot handle is a logical partition, searching for parent root device
(\boot\freeldr\freeldr\arch\uefi\uefidisk.c:1176) trace: Boot partition: BlockSize=512, RemovableMedia=TRUE
(\boot\freeldr\freeldr\arch\uefi\uefidisk.c:1212) trace: Found boot parent device by device path at ARC drive index 0
(\boot\freeldr\freeldr\arch\uefi\uefidisk.c:1266) trace: Found 2 root block devices
(\boot\freeldr\freeldr\arch\uefi\uefidisk.c:1279) trace: UefiSetBootpath: Setting up boot path
(\boot\freeldr\freeldr\arch\uefi\uefidisk.c:1362) trace: Boot handle is logical partition, using partition 1
(\boot\freeldr\freeldr\arch\uefi\uefidisk.c:1377) trace: Boot path set to hard disk: multi(0)disk(0)rdisk(0)partition(1)
(\boot\freeldr\freeldr\arch\uefi\uefildr.c:88) trace: ExecuteLoaderCleanly Entry
(\boot\freeldr\freeldr\lib\fs\iso.c:595) trace: Enter IsoMount(0)
(\boot\freeldr\freeldr\lib\fs\iso.c:609) warn: Unrecognized CD-ROM format
(\boot\freeldr\freeldr\lib\fs\fat.c:1592) trace: Enter FatMount(0)
(\boot\freeldr\freeldr\lib\fs\fat.c:168) trace: FatOpenVolume() DeviceId = 0
(\boot\freeldr\freeldr\lib\fs\fat.c:181) trace: Dumping boot sector:
(\boot\freeldr\freeldr\lib\fs\fat.c:199) trace: sizeof(FAT32_BOOTSECTOR) = 0x200.
(\boot\freeldr\freeldr\lib\fs\fat.c:201) trace: JumpBoot: 0xeb 0xfe 0x90
(\boot\freeldr\freeldr\lib\fs\fat.c:202) trace: OemName: mkfs.fat
(\boot\freeldr\freeldr\lib\fs\fat.c:203) trace: BytesPerSector: 512
(\boot\freeldr\freeldr\lib\fs\fat.c:204) trace: SectorsPerCluster: 8
(\boot\freeldr\freeldr\lib\fs\fat.c:205) trace: ReservedSectors: 32
(\boot\freeldr\freeldr\lib\fs\fat.c:206) trace: NumberOfFats: 2
(\boot\freeldr\freeldr\lib\fs\fat.c:207) trace: RootDirEntries: 0
(\boot\freeldr\freeldr\lib\fs\fat.c:208) trace: TotalSectors: 0
(\boot\freeldr\freeldr\lib\fs\fat.c:209) trace: MediaDescriptor: 0xf8
(\boot\freeldr\freeldr\lib\fs\fat.c:210) trace: SectorsPerFat: 0
(\boot\freeldr\freeldr\lib\fs\fat.c:211) trace: SectorsPerTrack: 63
(\boot\freeldr\freeldr\lib\fs\fat.c:212) trace: NumberOfHeads: 32
(\boot\freeldr\freeldr\lib\fs\fat.c:213) trace: HiddenSectors: 2048
(\boot\freeldr\freeldr\lib\fs\fat.c:214) trace: TotalSectorsBig: 1570779
(\boot\freeldr\freeldr\lib\fs\fat.c:215) trace: SectorsPerFatBig: 1536
(\boot\freeldr\freeldr\lib\fs\fat.c:216) trace: ExtendedFlags: 0x0
(\boot\freeldr\freeldr\lib\fs\fat.c:217) trace: FileSystemVersion: 0x0
(\boot\freeldr\freeldr\lib\fs\fat.c:218) trace: RootDirStartCluster: 2
(\boot\freeldr\freeldr\lib\fs\fat.c:219) trace: FsInfo: 1
(\boot\freeldr\freeldr\lib\fs\fat.c:220) trace: BackupBootSector: 6
(\boot\freeldr\freeldr\lib\fs\fat.c:221) trace: Reserved: 0x2533b34
(\boot\freeldr\freeldr\lib\fs\fat.c:222) trace: DriveNumber: 0xff
(\boot\freeldr\freeldr\lib\fs\fat.c:223) trace: Reserved1: 0x0
(\boot\freeldr\freeldr\lib\fs\fat.c:224) trace: BootSignature: 0x29
(\boot\freeldr\freeldr\lib\fs\fat.c:225) trace: VolumeSerialNumber: 0xf563bf07
(\boot\freeldr\freeldr\lib\fs\fat.c:226) trace: VolumeLabel: NO NAME    
(\boot\freeldr\freeldr\lib\fs\fat.c:227) trace: FileSystemType: FAT32   
(\boot\freeldr\freeldr\lib\fs\fat.c:228) trace: BootSectorMagic: 0xaa55
(\boot\freeldr\freeldr\lib\fs\fat.c:361) trace: FAT cache is 512 sectors, 262144 bytes
(\boot\freeldr\freeldr\lib\fs\fat.c:1665) trace: FatMount(0) success
(\boot\freeldr\freeldr\lib\fs\fat.c:1426) trace: FatGetFileInformation(1) -> FileSize = 1242, FilePointer = 0x0
(\boot\freeldr\freeldr\bootmgr.c:282) trace: Argv[0]: '(null)'
(\boot\freeldr\freeldr\bootmgr.c:282) trace: Argv[1]: 'SystemPartition=multi(0)disk(0)rdisk(0)partition(1)'
(\boot\freeldr\freeldr\bootmgr.c:282) trace: Argv[2]: 'LoadIdentifier=ReactOS (Debug, SMP)'
(\boot\freeldr\freeldr\bootmgr.c:282) trace: Argv[3]: 'BootType=Windows2003'
(\boot\freeldr\freeldr\bootmgr.c:282) trace: Argv[4]: 'SystemPath=\ReactOS'
(\boot\freeldr\freeldr\bootmgr.c:282) trace: Argv[5]: 'Options=/HAL=hal.dll /KERNEL=ntkrnlmp.exe /DEBUG /DEBUGPORT=COM1 /BAUDRATE=115200 /SOS /FASTDETECT'
(\boot\freeldr\freeldr\lib\fs\fat.c:965) trace: FAT cache miss: read sector 0x239 from disk
(\boot\freeldr\freeldr\lib\fs\fat.c:965) trace: FAT cache miss: read sector 0x326 from disk
(\boot\freeldr\freeldr\lib\fs\fat.c:965) trace: FAT cache miss: read sector 0x36f from disk
(\boot\freeldr\freeldr\lib\fs\fat.c:965) trace: FAT cache miss: read sector 0x414 from disk
(\boot\freeldr\freeldr\lib\fs\fat.c:965) trace: FAT cache miss: read sector 0x129 from disk
(\boot\freeldr\freeldr\lib\fs\fat.c:1426) trace: FatGetFileInformation(1) -> FileSize = 233472, FilePointer = 0x0
(\boot\freeldr\freeldr\lib\fs\fat.c:1426) trace: FatGetFileInformation(1) -> FileSize = 66082, FilePointer = 0x0
(\boot\freeldr\freeldr\lib\fs\fat.c:1426) trace: FatGetFileInformation(2) -> FileSize = 66594, FilePointer = 0x0
(\boot\freeldr\freeldr\lib\fs\fat.c:1426) trace: FatGetFileInformation(3) -> FileSize = 4870, FilePointer = 0x0
(\boot\freeldr\freeldr\lib\fs\fat.c:965) trace: FAT cache miss: read sector 0x240 from disk
(\boot\freeldr\freeldr\lib\fs\fat.c:965) trace: FAT cache miss: read sector 0x349 from disk
(\boot\freeldr\freeldr\lib\fs\fat.c:965) trace: FAT cache miss: read sector 0x34d from disk
(\boot\freeldr\freeldr\lib\fs\fat.c:965) trace: FAT cache miss: read sector 0x223 from disk
(\boot\freeldr\freeldr\arch\uefi\uefimem.c:273) trace: UefiMemGetMemoryMap: Gather memory map
(\boot\freeldr\freeldr\arch\uefi\uefimem.c:285) trace: Value of MapKey: 17340
(\boot\freeldr\freeldr\arch\uefi\uefimem.c:286) trace: Value of MapSize: 4752
(\boot\freeldr\freeldr\arch\uefi\uefimem.c:287) trace: Value of DescriptorSize: 48
(\boot\freeldr\freeldr\arch\uefi\uefimem.c:288) trace: Value of DescriptorVersion: 1
(\boot\freeldr\freeldr\arch\uefi\uefimem.c:420) trace: Attempting to exit bootsevices
(\boot\freeldr\freeldr\arch\uefi\uefimem.c:486) trace: Exited bootservices
(\boot\freeldr\freeldr\arch\arm64\mmu_v2.c:1124) trace: ARM64: Forcing va_bits from 36 to 47 for NT ARM64 page tables
[   14.076074] (\ntoskrnl\kd64\kdinit.c:94) -----------------------------------------------------
[   14.081798] (\ntoskrnl\kd64\kdinit.c:95) ReactOS 0.4.17-arm64-dev (Build 20260705-nt10.0-003-26-gfe90dcf) (Commit fe90dcff5ed47ffe266a87289933a34977d8b52f)
[   14.095680] (\ntoskrnl\kd64\kdinit.c:96) 1 System Processor [8166 MB Memory]
[   14.102708] (\ntoskrnl\kd64\kdinit.c:100) Command Line: HAL=HAL.DLL KERNEL=NTKRNLMP.EXE DEBUG DEBUGPORT=COM1 BAUDRATE=115200 SOS FASTDETECT
[   14.115202] (\ntoskrnl\kd64\kdinit.c:103) ARC Paths: multi(0)disk(0)rdisk(0)partition(1) \ multi(0)disk(0)rdisk(0)partition(1) \ReactOS\
[   14.127482] HAL: About to lookup FADT (signature=50434146)
[   14.132903] HAL: HalAcpiGetTable(FADT) returned FFFFFC000040B010
[   14.138895] (\hal\halarm64\acpi\rsdt.c:331) ACPI: XSDT 000000003dad4f18 00005c (v01 RPIFDN RPI5     00000200      01000013)
[   14.149997] (\hal\halarm64\acpi\rsdt.c:423) ACPI: FACP 000000003dad4b98 000114 (v06 RPIFDN RPI5     00000200 EDK2 00000300)
[   14.161101] (\hal\halarm64\acpi\rsdt.c:461) ACPI: DSDT 000000003ce90018 0015ea (v02 RPIFDN RPI5     00000002 INTL 20260408)
[   14.172206] (\hal\halarm64\acpi\rsdt.c:581) ACPI: BGRT 000000003dad4b18 000038 (v01 INTEL  EDK2     00000002      01000013)
[   14.183312] (\hal\halarm64\acpi\rsdt.c:581) ACPI: DBG2 000000003dad4e18 000061 (v00 RPIFDN RPI5     00000200 EDK2 00000300)
[   14.194417] (\hal\halarm64\acpi\rsdt.c:581) ACPI: GTDT 000000003dad4d18 000068 (v03 RPIFDN RPI5     00000200 EDK2 00000300)
[   14.205523] (\hal\halarm64\acpi\rsdt.c:581) ACPI: APIC 000000003dad4098 000184 (v05 RPIFDN RPI5     00000200 EDK2 00000300)
[   14.216628] (\hal\halarm64\acpi\rsdt.c:581) ACPI: [   14.221227] (\hal\halarm64\acpi\rsdt.c:581) ACPI: PPTT 000000003dad4318 000130 (v02 RPIFDN RPI5     00000200 EDK2 00000300)
[   14.232334] (\hal\halarm64\acpi\halacpi.c:2611) ACPI Timer resource unavailable (EXT: 0)
[   14.240405] (\hal\halarm64\acpi\halacpi.c:3065) ACPI v6.3-6.3_A detected. Tables: [XSDT] [FACP] [BGRT] [DBG2] [GTDT] [APIC] [ [PPTT]
[   14.252292] (\hal\halarm64\gic\gic_init.c:926) [arm64][GIC] GIC probe: PFR0.GIC=0 SRE=0 PIDR2=0x0000002b ARCHREV=2
[   14.262613] (\hal\halarm64\gic\gic_init.c:928) [arm64][GIC] Using GICv2 legacy (GICC) CPU interface
[   14.271637] (\hal\halarm64\gic\gic_init.c:538) [arm64][GIC] Initializing distributor (version=2, sysregs=0)
[   14.281355] (\hal\halarm64\gic\gic_init.c:551) [arm64][GIC] GICD typer=0x0000fc69 lines=320 nregs=10
[   14.290469] (\hal\halarm64\gic\gicv2.c:309) [arm64][GICv2] SPI targets set to CPU0
[   14.298013] (\hal\halarm64\gic\gicv2.c:119) [arm64][GICv2] Saved PPI enables: 0x0800ffff
[   14.306082] (\hal\halarm64\gic\gicv2.c:155) [arm64][GICv2] Restored PPI enables: 0x0800ffff
[   14.314411] (\hal\halarm64\gic\gicv2.c:159) [arm64][GICv2] SGI/PPI bank configured with preserved enables
[   14.323955] (\hal\halarm64\gic\gic_init.c:633) [arm64][GIC] Distributor initialized and enabled
[   14.332631] (\hal\halarm64\gic\gicv2.c:89) [arm64][GICv2] CPU interface initialized (PMR=0xFF, CTLR=0x3)
[   14.342088] (\hal\halarm64\gic\gic_init.c:822) [arm64][GIC] Version detection complete:
[   14.350070] (\hal\halarm64\gic\gic_init.c:823) [arm64][GIC]   Architecture: GICv2
[   14.357531] (\hal\halarm64\gic\gic_init.c:825) [arm64][GIC]   Interrupt lines: 320 (max SPI INTID: 319)
[   14.572829] (\ntoskrnl\mm\ARM3\largepag.c:37) MiInitializeLargePageSupport: PAE/x64 Not Implemented
[   14.580417] (\ntoskrnl\mm\ARM3\mminit.c:2235) Paged pool: 398 MB at FFFFDC3B91400000
[   14.589436] (\sdk\include\reactos\drivers\bootvid\framebuf.c:512) Display: loader UEFI GOP framebuffer 0x3F400000 size=8294400 1920x1080 stride=1920 bpp=32
[   14.600596] (\sdk\include\reactos\drivers\bootvid\framebuf.c:674) 
[   14.606753] Boot Display found on Interface 0, Bus 0
[   14.611700]     VideoRamAddress   : 0x3F400000
[   14.616123]     VideoRamSize      : 8294400
[   14.620288]     Version           : 1.3
[   14.624107]     VideoClock        : 0
[   14.627749] Framebuffer format:
[   14.630873]     BaseAddress       : 0x3F400000
[   14.635299]     ScreenWidth       : 1920
[   14.639202]     ScreenHeight      : 1080
[   14.643107]     PixelsPerScanLine : 1920
[   14.647012]     BitsPerPixel      : 32
[   14.650743]     ARGB masks:       : ff000000/00ff0000/0000ff00/000000ff
[   14.659448] (\drivers\base\bootvid\framebuf\bootvid.c:297) Scaling X = 2, Y = 2
[   14.664625] (\drivers\base\bootvid\framebuf\bootvid.c:304) Borders X = 320, Y = 60
[   14.692288] (\ntoskrnl\ke\arm64\stubs.c:653) [arm64] KeStartAllProcessors: Max=64 (numproc=0 bootproc=0)
[   14.698919] (\ntoskrnl\ke\arm64\stubs.c:738) [arm64] KeStartAllProcessors: Attempting to start CPU 1
[   14.708004] (\hal\halarm64\smp.c:315) [arm64][HAL] Identity-map page table: L0[0]→L1[0]→L2[2] block=0x400000 (trampoline PA=0x420000)
[   14.720318] (\hal\halarm64\smp.c:415) [arm64][HAL] AP trampoline initialized at PA=0x420000 VA=FFFFFC0000420000 size=448 idmap_ttbr0=0x500000
[   14.732980] (\hal\halarm64\smp.c:592) [arm64][HAL] Discovered 4 CPUs, parking protocol not available
[   14.742136] (\ntoskrnl\ke\arm64\stubs.c:771) [arm64] KeStartAllProcessors: CPU 1 started successfully
[   14.751315] (\ntoskrnl\ke\arm64\stubs.c:738) [arm64] KeStartAllProcessors: Attempting to start CPU 2
[   14.760432] (\ntoskrnl\ke\arm64\stubs.c:771) [arm64] KeStartAllProcessors: CPU 2 started successfully
[   14.769622] (\ntoskrnl\ke\arm64\stubs.c:738) [arm64] KeStartAllProcessors: Attempting to start CPU 3
[   14.778737] (\ntoskrnl\ke\arm64\stubs.c:771) [arm64] KeStartAllProcessors: CPU 3 started successfully
[   14.787929] (\ntoskrnl\ke\arm64\stubs.c:738) [arm64] KeStartAllProcessors: Attempting to start CPU 4
[   14.797010] (\hal\halarm64\halarm64.c:5909) [arm64][HAL] HalStartNextProcessor: no more processors (started=4, available=4)
[   14.808117] (\ntoskrnl\ke\arm64\stubs.c:744) [arm64] KeStartAllProcessors: HalStartNextProcessor failed for CPU 4
[   14.818387] (\ntoskrnl\ke\arm64\stubs.c:789) [arm64] KeStartAllProcessors: Successfully started 3 APs
[   14.827556] (\ntoskrnl\ke\arm64\stubs.c:824) [arm64] KeStartAllProcessors: Updating process affinities to 0xf
[   14.837444] (\ntoskrnl\ke\arm64\stubs.c:859) [arm64] KeStartAllProcessors: System process affinity 0x1 -> 0xf
[   14.847998] (\ntoskrnl\mm\mminit.c:224)           0xFFFFF80000000000 - 0xFFFFF80200000000	Boot Loaded Image
[   14.857050] (\ntoskrnl\mm\mminit.c:235)           0xFFFFB017E6600000 - 0xFFFFB017EF601000	PFN Database
[   14.866336] (\ntoskrnl\mm\mminit.c:239)           0xFFFFC68D8C600000 - 0xFFFFC68D8D620000	ARM3 Non Paged Pool
[   14.876225] (\ntoskrnl\mm\mminit.c:243)           0xFFFFF97FBA000000 - 0xFFFFF97FDA000000	System View Space
[   14.885944] (\ntoskrnl\mm\mminit.c:247)           0xFFFFF97FDA000000 - 0xFFFFF98000000000	Session Space
[   14.895312] (\ntoskrnl\mm\mminit.c:250)           0xFFFFE48000000000 - 0xFFFFE4FFFFFFFFFF	Page Tables
[   14.904511] (\ntoskrnl\mm\mminit.c:253)           0xFFFFE4F240000000 - 0xFFFFE4F27FFFFFFF	Page Directories
[   14.914140] (\ntoskrnl\mm\mminit.c:256)           0xFFFFF70000000000 - 0xFFFFF77FFFFFFFFF	Hyperspace
[   14.923254] (\ntoskrnl\mm\mminit.c:259)           0xFFFF808000000000 - 0xFFFF827FFFFFFFFF	System Cache
[   14.932534] (\ntoskrnl\mm\mminit.c:263)           0xFFFFDC3B91400000 - 0xFFFFDC3BAA400000	ARM3 Paged Pool
[   14.942080] (\ntoskrnl\mm\mminit.c:269)           0xFFFFC859B4000000 - 0xFFFFC859C0351000	System PTE Space
[   14.951709] (\ntoskrnl\mm\mminit.c:273)           0xFFFFC68D8D620000 - 0xFFFFC68D98D70000	Non Paged Pool Expansion PTE Space
[   14.966111] (\hal\halarm64\acpi\halacpi.c:3482) HAL: ARM64 PCI stubs initialized (ECAM-only mode)
[   14.972092] 
====== PCI BUS HARDWARE DETECTION (ACPI HAL) =======

[   14.978427] HAL: ARM64 PCI ECAM path not exercised.
[   14.983284] 
====== END PCI BUS DETECTION =======

[   14.988230] ACPI ARM64-based System initialized
[   14.992864] WARNING:  ArbBuildAssignmentOrdering at \sdk\lib\drivers\arbiter\arbiter.c:275 is UNIMPLEMENTED!
[   15.002549] WARNING:  ArbBuildAssignmentOrdering at \sdk\lib\drivers\arbiter\arbiter.c:275 is UNIMPLEMENTED!
[   15.012354] WARNING:  ArbBuildAssignmentOrdering at \sdk\lib\drivers\arbiter\arbiter.c:275 is UNIMPLEMENTED!
[   15.022157] WARNING:  ArbBuildAssignmentOrdering at \sdk\lib\drivers\arbiter\arbiter.c:275 is UNIMPLEMENTED!
[   15.031962] WARNING:  ArbBuildAssignmentOrdering at \sdk\lib\drivers\arbiter\arbiter.c:275 is UNIMPLEMENTED!
[   15.041954] (\ntoskrnl\io\pnpmgr\pnproot.c:518) Failed to read the LogConf key for Root\RPI5VC4\0000
[   15.050901] (\ntoskrnl\io\pnpmgr\pnproot.c:518) Failed to read the LogConf key for Root\SOFTGPU\0000
[   15.060806] (\ntoskrnl\io\pnpmgr\pnpmap.c:656) ZwQueryValueKey(\Registry\Machine\SYSTEM\CURRENTCONTROLSET\Control\PnpDisableFirmwareMapper) failed with status 0xc0000034
[   15.081831] (\hal\halarm64\acpi\halacpi.c:4622) Resource count: 0
[   15.085042] (\hal\halarm64\acpi\halacpi.c:4627) Resource list size: 40
[   15.091553] (\hal\halarm64\acpi\halacpi.c:4622) Resource count: 0
[   15.097621] (\hal\halarm64\acpi\halacpi.c:4627) Resource list size: 40
[   15.104632] (\ntoskrnl\io\pnpmgr\pnpmgr.c:164) CDDB: set Driver='{4D36E97D-E325-11CE-BFC1-08002BE10318}\0000' for critical device (0x00000000)
[   15.123209] (\drivers\bus\sd\sdbus.c:276) SD Bus Driver: DriverEntry
[   15.126818] (\drivers\storage\port\sdport\sdport.c:69) SdPortInitialize(FFFFC68D8D4A3070 \REGISTRY\MACHINE\SYSTEM\CONTROLSET001\SERVICES\SDHC FFFFC859BFE98A78)
[   15.141054] (\drivers\storage\port\sdport\sdport.c:173) SDPORT DriverEntry: DriverObject=FFFFC68D8D4A3E70 RegistryPath=\REGISTRY\MACHINE\SYSTEM\CONTROLSET001\SERVICES\SDPORT
[   15.160809] (\drivers\storage\port\storport\storport.c:961) StorPortInitialize(FFFFC68D8D4A3A70 FFFFC859BFE98BA0 FFFFC859BFE98A80 0000000000000000)
[   15.171132] (\drivers\storage\port\storport\storport.c:963) HwInitializationDataSize: 136
[   15.179285] (\drivers\storage\port\storport\storport.c:964) AdapterInterfaceType: 5
[   15.186922] (\drivers\storage\port\storport\storport.c:965) HwInitialize: FFFFC859C006BB48
[   15.195163] (\drivers\storage\port\storport\storport.c:966) HwStartIo: FFFFC859C006C27C
[   15.203147] (\drivers\storage\port\storport\storport.c:967) HwInterrupt: FFFFC859C006C168
[   15.211301] (\drivers\storage\port\storport\storport.c:968) HwFindAdapter: FFFFC859C006D3D4
[   15.219632] (\drivers\storage\port\storport\storport.c:969) HwResetBus: FFFFC859C006D308
[   15.227699] (\drivers\storage\port\storport\storport.c:970) HwDmaStarted: 0000000000000000
[   15.235943] (\drivers\storage\port\storport\storport.c:971) HwAdapterState: 0000000000000000
[   15.244357] (\drivers\storage\port\storport\storport.c:972) DeviceExtensionSize: 146520
[   15.252341] (\drivers\storage\port\storport\storport.c:973) SpecificLuExtensionSize: 0
[   15.260235] (\drivers\storage\port\storport\storport.c:974) SrbExtensionSize: 1592
[   15.267785] (\drivers\storage\port\storport\storport.c:975) NumberOfAccessRanges: 6
[   15.275417] (\drivers\storage\port\storport\storport.c:1001) No driver object extension!
[   15.283488] (\drivers\storage\port\storport\storport.c:1013) Driver object extension created!
[   15.291990] (\drivers\storage\port\storport\storport.c:31) PortAddDriverInitData()
[   15.299539] (\drivers\storage\port\storport\storport.c:1044) StorPortInitialize() done (Status 0x00000000)
[   15.310113] (\drivers\storage\port\storport\storport.c:461) DriverEntry(FFFFC68D8D4A37E0 FFFFC859BFE98BA0)
[   15.322763] WDFTrace: new WDFKEY object open failed, !STATUS!
[   15.329519] (\drivers\ksfilter\swenum\swenum.c:428) SWENUM loaded
[   15.333666] (\drivers\storage\class\ramdisk\ramdisk.c:5836) RAMDISK DriverEntry: DriverObject=FFFFC68D8D465A70 RegistryPath=\REGISTRY\MACHINE\SYSTEM\CONTROLSET001\SERVICES\RAMDISK
[   15.349670] (\ntoskrnl\io\iomgr\driver.c:1442) BOOT DRIVERS LOADED
[   15.355287] (\hal\halarm64\acpi\halpnpdd.c:1720) Start device received
[   15.361482] (\drivers\bus\acpi\pnp.c:338) ACPI: Registered PCI interface: \??\ACPI_HAL#PNP0C08#0#{a7e9db84-db4c-4289-876b-e2c3e63b5f4f}
[   15.373504] (\drivers\bus\acpi\pnp.c:353) Bus_StartFdo: Calling AcpiInitializeSubsystem
[   15.381532] (\drivers\bus\acpi\pnp.c:364) Bus_StartFdo: Calling AcpiInitializeTables
[   15.406473] (\drivers\bus\acpi\pnp.c:373) Bus_StartFdo: Calling AcpiLoadTables
[   15.412706] (\drivers\bus\acpi\busmgr\utils.c:575) AcpiGetTable() for FACS failed (Status 0x00000005)
[   15.420017] (\drivers\bus\acpi\pnp.c:385) Unable to create ACPI tables in registry (0xc0000001)
[   15.428684] (\drivers\bus\acpi\pnp.c:389) Bus_StartFdo: Calling acpi_init
[   15.436504] (\drivers\bus\acpi\busmgr\bus.c:1693) ACPI: _PIC method not present; firmware assumed APIC-ready
[   15.448967] (\hal\halarm64\halarm64.c:1715) [arm64][PCI] Registered PCI routing query provider at FFFFC859C01C1440
[   15.456427] (\drivers\bus\acpi\busmgr\acpi_pci_routing.c:430) ACPI: PCI routing provider registered (4 entries available)
[   15.467359] (\drivers\bus\acpi\busmgr\pci_root.c:978) ACPI: Enumerating PCI root bridges (ACPI 1.0/2.0+/PCIe)
[   15.477744] (\drivers\bus\acpi\busmgr\pci_root.c:320) ACPI: _OSC calling with Support=0x19 Control=0x10
[   15.486758] (\drivers\bus\acpi\busmgr\pci_root.c:423) ACPI: _OSC success - granted control 0x10 (status 0x0)
[   15.496426] (\drivers\bus\acpi\busmgr\pci_root.c:847) ACPI: PCI Root 1: HID=PNP0A08 UID=1 SEG=1 BUS=0
[   15.505619] (\drivers\bus\acpi\busmgr\pci_root.c:853)     Bus range  : [0 - 255]
[   15.513000] (\drivers\bus\acpi\busmgr\pci_root.c:872)     Memory window: [c0000000 - 1affffffff]
[   15.521757] (\drivers\bus\acpi\busmgr\pci_root.c:876)       translation: +0
[   15.528700] (\drivers\bus\acpi\busmgr\pci_root.c:897)     _OSC status 0x0 request 0x10 grant 0x10
[   15.537549] (\hal\halarm64\halarm64.c:1651) [arm64][PCI] ACPI PCI Root Bridge: Segment=1 Bus=0 BusRange=[0-255]
[   15.547615] (\hal\halarm64\halarm64.c:1660) [arm64][PCI]   No MCFG or _CBA config-space base published for this root bridge.
[   15.558807] (\hal\halarm64\halarm64.c:1674) [arm64][PCI]   Memory Window: [0xc0000000 - 0x1affffffff]
[   15.568002] (\hal\halarm64\halarm64.c:1690) [arm64][PCI]   _OSC: Status=0x0 Control=0x10 Grant=0x10 (OK)
[   15.578003] (\drivers\bus\acpi\busmgr\pci_root.c:835) ACPI: PCI root HID=PNP0A08 UID=1 already processed (Seg 1 Bus 0-255), skipping duplicate handle FFFFC68D8D539FD0
[   15.592377] (\drivers\bus\acpi\pnp.c:399) Bus_StartFdo: Calling ACPIEnumerateDevices
[   15.600093] (\drivers\bus\acpi\acpienum.c:159) ACPI-PCIROOT: Enumerating PCI root candidate HID=PNP0A08 UID=1 ADR=0xffffffffffffffff handle=FFFFC68D8D539FD0
[   15.613986] (\drivers\bus\acpi\acpienum.c:169) ACPI-PCIROOT:   |_ CID[0]=PNP0A03
[   15.621501] (\drivers\bus\acpi\acpienum.c:549) ACPI-PCIROOT:   |_ _CRS Bus 0x0-0xff (len=0x100)
[   15.630037] (\drivers\bus\acpi\acpienum.c:549) ACPI-PCIROOT:   |_ _CRS Mem64 0xc0000000-0xc04fffff (len=0x500000)
[   15.640275] (\drivers\bus\acpi\acpienum.c:549) ACPI-PCIROOT:   |_ _CRS Mem64 0x1800000000-0x1affffffff (len=0x300000000)
[   15.651203] (\drivers\bus\acpi\pnp.c:401) Bus_StartFdo: ACPIEnumerateDevices done (Status 0x0)
[   15.663118] (\drivers\bus\acpi\buspdo.c:237) ACPI: Using _BBN for PCI root ACPI\PNP0A08 bus=0
[   15.668752] (\drivers\bus\acpi\buspdo.c:283) ACPI: Cached PCI root ACPI\PNP0A08 bus number 0
[   15.678005] (\ntoskrnl\io\pnpmgr\pnpmgr.c:164) CDDB: set Driver='{4D36E97D-E325-11CE-BFC1-08002BE10318}\0001' for critical device (0x00000000)
[   15.690597] (\drivers\bus\acpi\buspdo.c:237) ACPI: Using _BBN for PCI root ACPI\PNP0A08 bus=0
[   15.698426] (\drivers\bus\acpi\buspdo.c:283) ACPI: Cached PCI root ACPI\PNP0A08 bus number 0
[   15.707658] (\drivers\bus\pci\fdo.c:474) PCI: FdoStartDevice called
[   15.713089] (\drivers\bus\pci\arb.c:666) PCI: Creating arbiters for bus 0
[   15.719861] (\drivers\bus\pci\arb.c:709) PCI: Created 3 arbiters for bus 0
[   15.726825] (\drivers\bus\pci\fdo.c:274) PCI: FdoQueryBusRelations called
[   15.733483] (\hal\halarm64\acpi\halacpi.c:139) HAL: PCI Express MMCONFIG unavailable because the ACPI MCFG table is missing or empty.
[   15.745454] (\drivers\bus\pci\fdo.c:133) PCI: Bus 0 slot 0 empty (Size=64 VendorID=0xffff), but scanning root bus anyway
[   15.756302] (\drivers\bus\pci\fdo.c:290) PCI: FdoQueryBusRelations enumerated 0 devices
[   15.768360] (\ntoskrnl\io\pnpmgr\pnpmgr.c:164) CDDB: set Driver='{36FC9E60-C465-11CF-8056-444553540000}\0000' for critical device (0x00000000)
[   15.780063] (\drivers\bus\acpi\interface.c:823) Invalid GUID
[   15.783895] (\drivers\usb\usbport\pnp.c:1615) USBPORT_StartDevice: no PCI config space (ACPI-enumerated controller), continuing
[   15.795344] (\drivers\bus\acpi\interface.c:823) Invalid GUID
[   15.803577] (\drivers\usb\usbxhci\usbxhci.c:9233) usbxhci: no PCI config space (ACPI-enumerated controller), skipping bus-master enable
[   15.814670] (\drivers\usb\usbxhci\osc.c:447) usbxhci: _OSC: Using IOCTL to evaluate _OSC method
[   15.821803] (\drivers\usb\usbxhci\osc.c:480) usbxhci: _OSC Query phase - asking what controls are available
[   15.831558] (\drivers\usb\usbxhci\osc.c:234) usbxhci: ACPI _OSC IOCTL failed: 0xC0000034
[   15.839590] (\drivers\usb\usbxhci\osc.c:497) usbxhci: _OSC not available (Status=0xC0000034) - using legacy defaults
[   15.850089] (\drivers\usb\usbxhci\osc.c:401) usbxhci: _OSC: Set legacy defaults (full OS control)
[   15.883040] (\drivers\usb\usbxhci\usbxhci.c:4211) usbxhci: bounce pool ready slots=32 size=65536
[   15.890135] (\drivers\usb\usbport\pnp.c:2537) USBPORT_CreatePdo: HubPdo=FFFFC68D8D597C90 DevExt=FFFFC68D8D597DE0
[   15.900258] (\ntoskrnl\io\pnpmgr\pnpmgr.c:164) CDDB: set Driver='{36FC9E60-C465-11CF-8056-444553540000}\0001' for critical device (0x00000000)
[   15.912179] (\drivers\usb\usbhub\usbhub.c:957) USBH_SyncGetRootHubPdo: Target=FFFFC68D8D597C90 Driver=\Driver\usbxhci StackSize=2
[   15.923476] (\drivers\usb\usbhub\usbhub.c:985) USBH_SyncGetRootHubPdo: Irp=FFFFC68D8D597710 Major=0f IoCtl=0022000f Arg1=FFFFC68D8D42F1E0 Arg2=FFFFC68D8D42F1E8
[   15.937703] (\drivers\usb\usbport\ioctl.c:661) USBPORT_PdoInternalDeviceControl: IOCTL_INTERNAL_USB_GET_ROOTHUB_PDO Pdo=FFFFC68D8D597C90 Arg1=FFFFC68D8D42F1E0 Arg2=FFFFC68D8D42F1E8
[   15.954383] (\drivers\usb\usbhub\usbhub.c:1267) USBH_GetConfigurationDescriptor: NTSTATUS=0x00000000 wTotalLength=25 FirstBytes=09 02 19 00 01 01
[   15.966773] (\drivers\bus\acpi\main.c:374) Unsupported IOCTL: 32c020
[   15.973652] (\drivers\usb\usbhub\pnp.c:344) USBH_OpenConfiguration: using interface 0 alt 0 Pipes=1 MaxPacket0=8
[   15.983278] (\drivers\usb\usbhub\pnp.c:372) USBH_OpenConfiguration: SelectConfig succeeded (PipeHandle=FFFFC68D8D42FA70 wTotalLength=25)
[   16.015569] (\drivers\usb\usbhub\usbhub.c:3689) USBD_RegisterRootHubCallBack: HubExtension - FFFFC68D8D42F1C0
[   16.022597] (\drivers\usb\usbport\iface.c:1283) USBHI_RootHubInitNotification: stored callback FFFFC859C01415A4 ctx=FFFFC68D8D42F1C0 seq=1 caller=FFFFC859C014168C
[   16.037086] (\drivers\usb\usbhub\usbhub.c:3705) USBD_RegisterRootHubCallBack: RootHubInitNotification -> 0x00000000
[   16.037091] (\drivers\usb\usbhub\usbhub.c:3137) USBH_SubmitStatusChangeTransfer: HubExtension - FFFFC68D8D42F1C0, SCEIrp - FFFFC68D8D597710
[   16.047623] (\drivers\usb\usbhub\pnp.c:1190) USBH_FdoQueryBusRelations: NumberPorts - 3
[   16.060027] (\drivers\usb\usbhub\usbhub.c:2544) USBH_ChangeIndicationWorker: HubExt=FFFFC68D8D42F1C0 WorkItem=FFFFC68D8D59A390
[   16.079340] (\drivers\usb\usbhub\usbhub.c:2792) USBH_ChangeIndicationWorker: Port 2 Status=0x0301 Change=0x0001
[   16.089434] (\drivers\usb\usbhub\usbhub.c:2311) USBH_ProcessPortStateChange: Port 2 connect -> enumerate
[   16.098886] (\drivers\usb\usbhub\usbhub.c:2792) USBH_ChangeIndicationWorker: Port 3 Status=0x1103 Change=0x0031
[   16.108947] (\drivers\usb\usbhub\usbhub.c:2311) USBH_ProcessPortStateChange: Port 3 connect -> enumerate
[   16.118424] (\drivers\usb\usbhub\usbhub.c:3137) USBH_SubmitStatusChangeTransfer: HubExtension - FFFFC68D8D42F1C0, SCEIrp - FFFFC68D8D597710
[   16.270093] (\drivers\usb\usbhub\usbhub.c:3137) USBH_SubmitStatusChangeTransfer: HubExtension - FFFFC68D8D42F1C0, SCEIrp - FFFFC68D8D597710
[   16.290042] (\drivers\usb\usbhub\usbhub.c:5701) USBH_CreateDevice: Port - 2, UsbPortStatus - 0x0303
[   16.296226] (\drivers\usb\usbhub\usbhub.c:5737) USBH_CreateDevice: PortDevice - FFFFC68D8D49A620, <\Device\USBPDO-1>
[   16.306697] (\drivers\usb\usbhub\usbhub.c:5739) USBH_CreateDevice: PortExtension - FFFFC68D8D49A770
[   16.403576] (\drivers\usb\usbhub\usbhub.c:3137) USBH_SubmitStatusChangeTransfer: HubExtension - FFFFC68D8D42F1C0, SCEIrp - FFFFC68D8D597710
[   16.430052] (\drivers\usb\usbxhci\usbxhci.c:5018) usbxhci: ResetDeviceOnPort: RESET_DEV succeeded for slot 1 on port 2, now in Default state
[   16.467512] (\drivers\usb\usbhub\usbhub.c:5611) USBH: announcing usb 1-2 port 2 (VID=413C PID=301A)
[   16.473667] (\drivers\usb\usbhub\usbhub.c:5634) usb 1-2: new low-speed USB device on port 2
[   16.481995] (\drivers\usb\usbhub\usbhub.c:5642) usb 1-2: New USB device found, idVendor=413C, idProduct=301A, bcdDevice=01.00
[   16.493275] (\drivers\usb\usbhub\usbhub.c:5649) usb 1-2: New USB device strings: Mfr=1, Product=2, SerialNumber=0
[   16.528498] (\drivers\usb\usbhub\usbhub.c:5655) usb 1-2: Product: Dell MS116 USB Optical Mouse
[   16.534222] (\drivers\usb\usbhub\usbhub.c:5660) usb 1-2: Manufacturer: PixArt
[   16.547497] (\drivers\usb\usbhub\usbhub.c:1267) USBH_GetConfigurationDescriptor: NTSTATUS=0x00000000 wTotalLength=34 FirstBytes=09 02 22 00 01 01
[   16.557648] (\drivers\usb\usbhub\pnp.c:1261) USBH_FdoQueryBusRelations: cached connect (no PDO) port 3 (ConnStatus=1)
[   16.568231] (\drivers\usb\usbhub\pnp.c:1302) USBH_FdoQueryBusRelations: forcing PDO creation from cached state on port 3
[   16.836027] (\drivers\usb\usbhub\usbhub.c:3137) USBH_SubmitStatusChangeTransfer: HubExtension - FFFFC68D8D42F1C0, SCEIrp - FFFFC68D8D597710
[   16.860076] (\drivers\usb\usbhub\usbhub.c:5701) USBH_CreateDevice: Port - 3, UsbPortStatus - 0x1103
[   16.866245] (\drivers\usb\usbhub\usbhub.c:5737) USBH_CreateDevice: PortDevice - FFFFC68D8D532CC0, <\Device\USBPDO-2>
[   16.876729] (\drivers\usb\usbhub\usbhub.c:5739) USBH_CreateDevice: PortExtension - FFFFC68D8D532E10
[   17.025839] (\drivers\usb\usbhub\usbhub.c:3137) USBH_SubmitStatusChangeTransfer: HubExtension - FFFFC68D8D42F1C0, SCEIrp - FFFFC68D8D597710
[   17.050105] (\drivers\usb\usbxhci\usbxhci.c:5018) usbxhci: ResetDeviceOnPort: RESET_DEV succeeded for slot 2 on port 3, now in Default state
[   17.073950] (\drivers\usb\usbhub\usbhub.c:5611) USBH: announcing usb 1-3 port 3 (VID=0781 PID=5581)
[   17.080105] (\drivers\usb\usbhub\usbhub.c:5634) usb 1-3: new super-speed USB device on port 3
[   17.088607] (\drivers\usb\usbhub\usbhub.c:5642) usb 1-3: New USB device found, idVendor=0781, idProduct=5581, bcdDevice=01.00
[   17.099887] (\drivers\usb\usbhub\usbhub.c:5649) usb 1-3: New USB device strings: Mfr=1, Product=2, SerialNumber=3
[   17.112091] (\drivers\usb\usbhub\usbhub.c:5655) usb 1-3: Product:  SanDisk 3.2Gen1
[   17.117673] (\drivers\usb\usbhub\usbhub.c:5660) usb 1-3: Manufacturer:  USB
[   17.124620] (\drivers\usb\usbhub\usbhub.c:5675) usb 1-3: SerialNumber: 0901da96cc5f2a6e98145c166ee0bf8579199debc6f1126c17dcbe55724e3388e11a00000000000000000000897c8cadff082920815581076e327e7a
[   17.142091] (\drivers\usb\usbhub\usbhub.c:1267) USBH_GetConfigurationDescriptor: NTSTATUS=0x00000000 wTotalLength=44 FirstBytes=09 02 2c 00 01 01
[   17.156181] (\ntoskrnl\io\pnpmgr\pnpmgr.c:164) CDDB: set Driver='{745a17a0-74d3-11d0-b6fe-00a0c90f57da}\0000' for critical device (0x00000000)
[   17.168674] (\ntoskrnl\io\pnpmgr\pnpmgr.c:164) CDDB: set Driver='{36FC9E60-C465-11CF-8056-444553540000}\0002' for critical device (0x00000000)
[   17.224589] (\ntoskrnl\io\pnpmgr\pnpmgr.c:164) CDDB: set Driver='{4D36E967-E325-11CE-BFC1-08002BE10318}\0000' for critical device (0x00000000)
[   17.234942] (\drivers\usb\usbstor\disk.c:143) SRB_FUNCTION_CLAIM_DEVICE
[   17.641955] (\ntoskrnl\io\pnpmgr\pnpmgr.c:164) CDDB: set Driver='{36FC9E60-C465-11CF-8056-444553540000}\0003' for critical device (0x00000000)
[   17.653682] (\drivers\bus\acpi\interface.c:823) Invalid GUID
[   17.657490] (\drivers\usb\usbport\pnp.c:1615) USBPORT_StartDevice: no PCI config space (ACPI-enumerated controller), continuing
[   17.668941] (\drivers\bus\acpi\interface.c:823) Invalid GUID
[   17.677084] (\drivers\usb\usbxhci\usbxhci.c:9233) usbxhci: no PCI config space (ACPI-enumerated controller), skipping bus-master enable
[   17.688198] (\drivers\usb\usbxhci\osc.c:447) usbxhci: _OSC: Using IOCTL to evaluate _OSC method
[   17.695399] (\drivers\usb\usbxhci\osc.c:480) usbxhci: _OSC Query phase - asking what controls are available
[   17.705151] (\drivers\usb\usbxhci\osc.c:234) usbxhci: ACPI _OSC IOCTL failed: 0xC0000034
[   17.713187] (\drivers\usb\usbxhci\osc.c:497) usbxhci: _OSC not available (Status=0xC0000034) - using legacy defaults
[   17.723686] (\drivers\usb\usbxhci\osc.c:401) usbxhci: _OSC: Set legacy defaults (full OS control)
[   17.756961] (\drivers\usb\usbxhci\usbxhci.c:4211) usbxhci: bounce pool ready slots=32 size=65536
[   17.764005] (\drivers\usb\usbport\pnp.c:2537) USBPORT_CreatePdo: HubPdo=FFFFC68D8D594340 DevExt=FFFFC68D8D594490
[   17.774155] (\ntoskrnl\io\pnpmgr\pnpmgr.c:164) CDDB: set Driver='{36FC9E60-C465-11CF-8056-444553540000}\0004' for critical device (0x00000000)
[   17.786068] (\drivers\usb\usbhub\usbhub.c:957) USBH_SyncGetRootHubPdo: Target=FFFFC68D8D594340 Driver=\Driver\usbxhci StackSize=2
[   17.797395] (\drivers\usb\usbhub\usbhub.c:985) USBH_SyncGetRootHubPdo: Irp=FFFFC68D8D531010 Major=0f IoCtl=0022000f Arg1=FFFFC68D8D530950 Arg2=FFFFC68D8D530958
[   17.811623] (\drivers\usb\usbport\ioctl.c:661) USBPORT_PdoInternalDeviceControl: IOCTL_INTERNAL_USB_GET_ROOTHUB_PDO Pdo=FFFFC68D8D594340 Arg1=FFFFC68D8D530950 Arg2=FFFFC68D8D530958
[   17.828291] (\drivers\usb\usbhub\usbhub.c:1267) USBH_GetConfigurationDescriptor: NTSTATUS=0x00000000 wTotalLength=25 FirstBytes=09 02 19 00 01 01
[   17.840696] (\drivers\bus\acpi\main.c:374) Unsupported IOCTL: 32c020
[   17.847527] (\drivers\usb\usbhub\pnp.c:344) USBH_OpenConfiguration: using interface 0 alt 0 Pipes=1 MaxPacket0=8
[   17.857201] (\drivers\usb\usbhub\pnp.c:372) USBH_OpenConfiguration: SelectConfig succeeded (PipeHandle=FFFFC68D8D416E00 wTotalLength=25)
[   17.889484] (\drivers\usb\usbhub\usbhub.c:3689) USBD_RegisterRootHubCallBack: HubExtension - FFFFC68D8D530930
[   17.896513] (\drivers\usb\usbport\iface.c:1283) USBHI_RootHubInitNotification: stored callback FFFFC859C01415A4 ctx=FFFFC68D8D530930 seq=1 caller=FFFFC859C014168C
[   17.911002] (\drivers\usb\usbhub\usbhub.c:3705) USBD_RegisterRootHubCallBack: RootHubInitNotification -> 0x00000000
[   17.911007] (\drivers\usb\usbhub\usbhub.c:3137) USBH_SubmitStatusChangeTransfer: HubExtension - FFFFC68D8D530930, SCEIrp - FFFFC68D8D531010
[   17.921525] (\drivers\usb\usbhub\pnp.c:1190) USBH_FdoQueryBusRelations: NumberPorts - 3
[   17.933951] (\drivers\usb\usbhub\usbhub.c:3137) USBH_SubmitStatusChangeTransfer: HubExtension - FFFFC68D8D530930, SCEIrp - FFFFC68D8D531010
[   18.219728] (\drivers\usb\usbhub\usbhub.c:3137) USBH_SubmitStatusChangeTransfer: HubExtension - FFFFC68D8D530930, SCEIrp - FFFFC68D8D531010
[   18.244424] (\drivers\usb\usbhub\usbhub.c:5701) USBH_CreateDevice: Port - 3, UsbPortStatus - 0x1103
[   18.250599] (\drivers\usb\usbhub\usbhub.c:5737) USBH_CreateDevice: PortDevice - FFFFC68D8D4164C0, <\Device\USBPDO-4>
[   18.261076] (\drivers\usb\usbhub\usbhub.c:5739) USBH_CreateDevice: PortExtension - FFFFC68D8D416610
[   18.410539] (\drivers\usb\usbhub\usbhub.c:3137) USBH_SubmitStatusChangeTransfer: HubExtension - FFFFC68D8D530930, SCEIrp - FFFFC68D8D531010
[   18.434466] (\drivers\usb\usbxhci\usbxhci.c:5018) usbxhci: ResetDeviceOnPort: RESET_DEV succeeded for slot 1 on port 3, now in Default state
[   18.458340] (\drivers\usb\usbhub\usbhub.c:5611) USBH: announcing usb 2-3 port 3 (VID=0781 PID=5591)
[   18.464495] (\drivers\usb\usbhub\usbhub.c:5634) usb 2-3: new super-speed USB device on port 3
[   18.472997] (\drivers\usb\usbhub\usbhub.c:5642) usb 2-3: New USB device found, idVendor=0781, idProduct=5591, bcdDevice=01.00
[   18.484277] (\drivers\usb\usbhub\usbhub.c:5649) usb 2-3: New USB device strings: Mfr=1, Product=2, SerialNumber=3
[   18.496465] (\drivers\usb\usbhub\usbhub.c:5655) usb 2-3: Product:  SanDisk 3.2Gen1
[   18.502062] (\drivers\usb\usbhub\usbhub.c:5660) usb 2-3: Manufacturer:  USB
[   18.509005] (\drivers\usb\usbhub\usbhub.c:5675) usb 2-3: SerialNumber: 01016e01ffd6f47ad7a9a904dc54438de8ee4ed362c463e23b37a4d9b83f12b6b3e3000000000000000000004ca60268000d5400915581077b32dc12
[   18.526342] (\drivers\usb\usbhub\usbhub.c:1267) USBH_GetConfigurationDescriptor: NTSTATUS=0x00000000 wTotalLength=44 FirstBytes=09 02 2c 00 01 01
[   18.540218] (\ntoskrnl\io\pnpmgr\pnpmgr.c:164) CDDB: set Driver='{36FC9E60-C465-11CF-8056-444553540000}\0005' for critical device (0x00000000)
[   18.598463] (\ntoskrnl\io\pnpmgr\pnpmgr.c:164) CDDB: set Driver='{4D36E967-E325-11CE-BFC1-08002BE10318}\0001' for critical device (0x00000000)
[   18.608824] (\drivers\usb\usbstor\disk.c:143) SRB_FUNCTION_CLAIM_DEVICE
[   18.704498] (\ntoskrnl\io\pnpmgr\pnpmgr.c:164) CDDB: set Driver='{a0a588a4-c46f-4b37-b7ea-c82fe89870c6}\0000' for critical device (0x00000000)
[   18.714672] (\drivers\bus\sd\sdbus.c:57) SdBusAddDevice: PhysicalDeviceObject FFFFC68D8D49D870
[   18.722985] (\drivers\bus\sd\sdbus.c:133) SdBusAddDevice: FDO FFFFC68D8D492BA0 attached to FFFFC68D8D49D870
[   18.733300] (\drivers\bus\sd\fdo.c:630) SDHCI: Memory resource at 0x1000fff000 length 0x260
[   18.741022] (\drivers\bus\sd\fdo.c:646) SDHCI: Interrupt vector 305 level 6
[   18.748664] (\drivers\bus\sd\fdo.c:283) SdBusInitializeController: RegisterBase FFFFC859BEC55000
[   18.756728] (\drivers\bus\sd\fdo.c:303) SDHCI: Version 1.02, Caps 0x15e2c832, Caps2 0x8000a577, BaseClock 200000 kHz
[   18.778017] (\drivers\bus\sd\fdo.c:537) SDHCI: SDMA buffer at VA=FFFFC859BEC15000 PA=0x00d5d000 (262144 bytes)
[   18.786445] (\ntoskrnl\io\pnpmgr\pnpmgr.c:164) CDDB: set Driver='{a0a588a4-c46f-4b37-b7ea-c82fe89870c6}\0001' for critical device (0x00000000)
[   18.798176] (\drivers\bus\sd\sdbus.c:57) SdBusAddDevice: PhysicalDeviceObject FFFFC68D8D535070
[   18.806485] (\drivers\bus\sd\sdbus.c:133) SdBusAddDevice: FDO FFFFC68D8D491BA0 attached to FFFFC68D8D535070
[   18.816849] (\drivers\bus\sd\fdo.c:630) SDHCI: Memory resource at 0x1001100000 length 0x260
[   18.824520] (\drivers\bus\sd\fdo.c:646) SDHCI: Interrupt vector 306 level 7
[   18.832161] (\drivers\bus\sd\fdo.c:283) SdBusInitializeController: RegisterBase FFFFC859BEC0B000
[   18.840226] (\drivers\bus\sd\fdo.c:303) SDHCI: Version 1.02, Caps 0x55e6c832, Caps2 0x8000a527, BaseClock 200000 kHz
[   18.858026] (\drivers\bus\sd\fdo.c:537) SDHCI: SDMA buffer at VA=FFFFC859BEBCB000 PA=0x00da6000 (262144 bytes)
[   18.877245] (\drivers\bus\sd\enum.c:945) SdBusEnumerateCard: CMD8 not supported (SD v1.x, MMC, or SDIO)
[   18.884033] (\drivers\bus\sd\enum.c:966) SdBusEnumerateCard: CMD5 detected SDIO funcs=3 memory=0 OCR=0x30ffff00
[   18.894101] (\drivers\bus\sd\enum.c:1005) SdBusEnumerateCard: SDIO card ready, OCR=0xb0ffff00 funcs=3
[   18.903287] (\drivers\bus\sd\enum.c:1291) SdBusEnumerateCard: RCA = 0x0001
[   18.912507] (\drivers\bus\sd\sdio.c:525) SdBusSdioEnumerateFunctions: CCCR rev=0x43 spec=0x03 cap=0x02 bus_if=0x40 uhs=0x07 CIS=0x0010AC NumFuncs=3
[   18.926640] (\drivers\bus\sd\sdio.c:532) SdBusSdioEnumerateFunctions: Common CIS VID=0x02D0 DID=0x4345 class=0x0C
[   18.934290] (\drivers\bus\sd\sdio.c:556) SdBusSdioEnumerateFunctions: SDIO 4-bit bus enabled
[   18.942999] (\drivers\bus\sd\sdio.c:568) SdBusSdioEnumerateFunctions: SDIO high-speed enabled
[   18.956030] (\drivers\bus\sd\sdio.c:632) SdBusSdioEnumerateFunctions: func 1 std=0x00 ext=0x00 class=0x0C CIS=0x001000 VID=0x02D0 DID=0x4345
[   18.965751] (\drivers\bus\sd\sdio.c:468) SdBusCreateSdioFunctionPdo: func=1 VID=02D0 DID=4345 class=12 PDO=FFFFC68D8D3CA070
[   18.981948] (\drivers\bus\sd\sdio.c:632) SdBusSdioEnumerateFunctions: func 2 std=0x00 ext=0x00 class=0x0C CIS=0x001038 VID=0x02D0 DID=0x4345
[   18.991667] (\drivers\bus\sd\sdio.c:468) SdBusCreateSdioFunctionPdo: func=2 VID=02D0 DID=4345 class=12 PDO=FFFFC68D8D3CAAF0
[   19.008472] (\drivers\bus\sd\sdio.c:632) SdBusSdioEnumerateFunctions: func 3 std=0x02 ext=0x00 class=0x02 CIS=0x001070 VID=0x02D0 DID=0x4345
[   19.018191] (\drivers\bus\sd\sdio.c:468) SdBusCreateSdioFunctionPdo: func=3 VID=02D0 DID=4345 class=2 PDO=FFFFC68D8D52A070
[   19.029203] (\drivers\bus\sd\enum.c:1569) SdBusEnumerateCard: Enumeration complete, CardType=5, HighCapacity=0, TotalSectors=0
[   19.040569] (\drivers\bus\sd\enum.c:1604) SdBusProgramClock: Setting transfer clock to 50000 kHz
[   19.604763] (\ntoskrnl\mm\ARM3\sysldr.c:170) Loading: \SystemRoot\system32\drivers\rpi5vc4.sys at FFFFC859BEBAE000 with 14 pages
[   19.753236] (\ntoskrnl\mm\ARM3\sysldr.c:170) Loading: \SystemRoot\system32\drivers\dxgkrnl.sys at FFFFC859BEB7C000 with 32 pages
[   19.918365] (\drivers\directx\dxgkrnl\adapter.c:3376) DXGKRNL: ERROR: DxgkAdapterStart: NO translated resources! (PDO=FFFFC68D8D5A0900 DOD=0)
[   19.944422] RPI5VC4: HVS IOMMU CTRL=00000000 (enable=0 bypass=0) PT=00000000 MISC=80003ffc DBG=20804774
[   19.950928] RPI5VC4: HVS IOMMU ADDR_CAP=00000fff (disabled, cap=1048320 MB) BYPASS=[00000000..00000fff] ILLEGAL=00000000
[   19.964215] (\drivers\directx\rpi5vc4\rpi5vc4.c:447) RPI5VC4: VideoCore firmware revision 0x69372732
[   19.975542] (\drivers\directx\rpi5vc4\rpi5vc4.c:460) RPI5VC4: V3D clock at 960 MHz
[   19.987575] (\drivers\directx\rpi5vc4\rpi5vc4_v3d.c:419) RPI5VC4: timer resolution granted 10000
[   19.993479] (\drivers\directx\rpi5vc4\rpi5vc4_v3d.c:423) RPI5VC4: init ERR_STAT after clear=00001000
[   20.002587] (\drivers\directx\rpi5vc4\rpi5vc4_v3d.c:433) RPI5VC4: V3D 7.1 online — hub 0x42554856/0x00081117 core 0x07443356, slab GPU VA 0x01000000 (65536 KB)
[   20.016998] (\drivers\directx\rpi5vc4\rpi5vc4_v3d.c:628) RPI5VC4: V3D interrupt connected (core=1/INTID282 hub=1/INTID281)
[   20.030821] RPI5VC4: LPTRS@0x110=000002a0 head=672 ctl0=600cc007 ptr1=3f400000 valid=1 match=1
[   20.036599] RPI5VC4: LPTRS@0x03c=ffffffff head=4095 (skip)
[   20.042066] RPI5VC4: takeover OK reg=0x110 head=672 fb=00:3f400000 cursor=0 start=0 count=10
[   20.050978] RPI5VC4: LPTRS@0x110=000002a0 head=672 ctl0=490cc007 ptr1=3f400000 valid=1 match=1
[   20.059069] RPI5VC4: LPTRS@0x03c=ffffffff head=4095 (skip)
[   20.064534] RPI5VC4: takeover OK reg=0x110 head=672 fb=00:3f400000 cursor=0 start=9 count=10
[   20.072952] RPI5VC4: LPTRS@0x110=000002a0 head=672 ctl0=490cc007 ptr1=3f400000 valid=1 match=1
[   20.081538] RPI5VC4: LPTRS@0x03c=ffffffff head=4095 (skip)
[   20.087007] RPI5VC4: takeover OK reg=0x110 head=672 fb=00:3f400000 cursor=0 start=9 count=10
[   20.196382] (\ntoskrnl\mm\ARM3\sysldr.c:170) Loading: \SystemRoot\system32\drivers\softgpu.sys at FFFFC859B8F75000 with 8 pages
[   20.465138] (\drivers\directx\dxgkrnl\adapter.c:3376) DXGKRNL: ERROR: DxgkAdapterStart: NO translated resources! (PDO=FFFFC68D8D5A06E0 DOD=0)
[   20.475047] (\drivers\directx\softgpu\softgpu.c:370) SOFTGPU: no acquirable boot framebuffer -- declining (none exists, or a real GPU miniport owns the display)
[   20.489259] (\drivers\directx\dxgkrnl\adapter.c:3613) DXGKRNL: ERROR: DxgkAdapterStart: DxgkDdiStartDevice failed 0xC0000182 (IRQs fired during start=0, vec=0 msgbased=0)
[   20.504449] (\ntoskrnl\io\pnpmgr\pnproot.c:1373) IRP_MJ_PNP / Unknown minor function 0x1
[   20.512516] (\ntoskrnl\io\pnpmgr\devaction.c:1936) Removal vetoed by Root\SOFTGPU\0000
[   20.520406] (\ntoskrnl\io\pnpmgr\devaction.c:2057) Removal vetoed by failing the query remove request
[   20.529601] (\ntoskrnl\io\pnpmgr\pnproot.c:1373) IRP_MJ_PNP / Unknown minor function 0x3
[   20.601423] (\ntoskrnl\mm\ARM3\sysldr.c:170) Loading: \SystemRoot\system32\drivers\hidusb.sys at FFFFC859B7F6C000 with 9 pages
[   20.738421] (\ntoskrnl\mm\ARM3\sysldr.c:170) Loading: \SystemRoot\system32\drivers\hidclass.sys at FFFFC859B7F5E000 with e pages
[   20.844059] (\ntoskrnl\mm\ARM3\sysldr.c:170) Loading: \SystemRoot\system32\drivers\hidparse.sys at FFFFC859B7F52000 with c pages
[   21.228770] (\drivers\hid\hidusb\hidusb.c:1957) Status 0
[   21.242118] (\ntoskrnl\io\pnpmgr\pnpmgr.c:164) CDDB: set Driver='{4D36E96F-E325-11CE-BFC1-08002BE10318}\0000' for critical device (0x00000000)
[   21.365990] (\ntoskrnl\mm\ARM3\sysldr.c:170) Loading: \SystemRoot\system32\drivers\mouhid.sys at FFFFC859B7F42000 with 8 pages
[   21.628572] (\ntoskrnl\mm\ARM3\sysldr.c:170) Loading: \SystemRoot\system32\drivers\mouclass.sys at FFFFC859B7F38000 with a pages
[   21.892282] (\ntoskrnl\mm\ARM3\sysldr.c:170) Loading: \SystemRoot\system32\drivers\fs_rec.sys at FFFFC859B7F2E000 with a pages
[   22.113649] (\ntoskrnl\mm\ARM3\sysldr.c:170) Loading: \SystemRoot\system32\drivers\null.sys at FFFFC859B7F26000 with 8 pages
[   22.374867] (\ntoskrnl\mm\ARM3\sysldr.c:170) Loading: \SystemRoot\system32\drivers\beep.sys at FFFFC859B7F1F000 with 7 pages
[   22.528368] (\ntoskrnl\mm\ARM3\sysldr.c:170) Loading: \SystemRoot\system32\drivers\i8042prt.sys at FFFFC859B7F0E000 with 11 pages
[   22.764795] (\ntoskrnl\wmi\smbios.c:172) Could not find the SMBIOS entry point
[   22.769137] (\ntoskrnl\wmi\smbios.c:233) WmipGetRawSMBiosTableData failed: 0xc0000225
[   22.776942] (\drivers\input\i8042prt\hwhacks.c:208) IoWMIOpenBlock failed: 0xc0000225
[   22.806193] (\ntoskrnl\mm\ARM3\sysldr.c:170) Loading: \SystemRoot\system32\drivers\kbdclass.sys at FFFFC859B7F03000 with b pages
[   23.140466] (\ntoskrnl\mm\ARM3\sysldr.c:170) Loading: \SystemRoot\system32\drivers\dxgmms1.sys at FFFFC859B7EF1000 with 12 pages
[   23.402455] (\drivers\directx\dxgmms1\dxgmms1.c:62) DXGMMS1: DriverEntry: DirectX GPU Memory Manager and Scheduler loading
[   23.410609] (\drivers\directx\dxgmms1\dxgmms1.c:69) DXGMMS1: DriverEntry: dxgmms1 loaded successfully
[   23.545009] (\ntoskrnl\mm\ARM3\sysldr.c:170) Loading: \SystemRoot\system32\drivers\blue.sys at FFFFC859B7EE7000 with a pages
[   23.808521] (\ntoskrnl\mm\ARM3\sysldr.c:170) Loading: \SystemRoot\system32\drivers\viogpudo.sys at FFFFC859B7EC9000 with 1e pages
[   24.071477] (\ntoskrnl\mm\ARM3\sysldr.c:170) Loading: \SystemRoot\system32\drivers\msfs.sys at FFFFC859B7EC2000 with 7 pages
[   24.268051] (\ntoskrnl\mm\ARM3\sysldr.c:170) Loading: \SystemRoot\system32\drivers\npfs.sys at FFFFC859B7EAD000 with 15 pages
[   24.528361] (\ntoskrnl\mm\ARM3\sysldr.c:170) Loading: \SystemRoot\system32\drivers\nwifi.sys at FFFFC859B7E9C000 with 11 pages
[   24.674658] (\drivers\network\nwifi\nwifi.c:197) NWIFI: DriverEntry
[   24.678088] (\drivers\network\nwifi\control.c:633) NWIFI: control device \Device\Nwifi created
[   24.686627] (\drivers\network\nwifi\nwifi.c:239) NWIFI: DriverEntry succeeded
[   24.713783] (\ntoskrnl\mm\ARM3\sysldr.c:170) Loading: \SystemRoot\system32\drivers\afd.sys at FFFFC859B7E82000 with 1a pages
[   24.998419] (\ntoskrnl\mm\ARM3\sysldr.c:170) Loading: \SystemRoot\system32\drivers\netio.sys at FFFFC859B7E74000 with e pages
[   25.229641] (\ntoskrnl\io\pnpmgr\pnproot.c:1373) IRP_MJ_PNP / Unknown minor function 0x1
[   25.234853] (\ntoskrnl\io\pnpmgr\devaction.c:1936) Removal vetoed by Root\SOFTGPU\0000
KDB: Executing KDBinit file...
[   25.242741] (\ntoskrnl\io\pnpmgr\devaction.c:2057) Removal vetoed by failing the query remove request
KDB: KDBinit executed
[   25.254715] (\ntoskrnl\io\pnpmgr\pnproot.c:1373) IRP_MJ_PNP / Unknown minor function 0x3
[   25.256718] (\ntoskrnl\io\iomgr\driver.c:309) Deleting driver object '\Driver\KdDriver'
[   25.404710] WARNING:  RtlCreateTagHeap at \sdk\lib\rtl\heap.c:4043 is UNIMPLEMENTED!
[   25.947992] (\base\system\smss\pagefile.c:969) SMSS:PFILE: Volume `\??\C:\' (121) cannot store a paging file
[   26.089479] (\base\system\smss\pagefile.c:969) SMSS:PFILE: Volume `\??\D:\' (121) cannot store a paging file
[   26.211550] (\base\system\smss\pagefile.c:930) SMSS:PFILE: Open volume `\??\E:\' failed with status C000014F
[   26.333606] (\base\system\smss\pagefile.c:930) SMSS:PFILE: Open volume `\??\F:\' failed with status C000014F
[   26.340542] (\base\system\smss\pagefile.c:1048) SMSS:PFILE: No paging-file-capable volumes found
[   26.349307] (\ntoskrnl\config\cmsysini.c:1214) CmpGetRegistryPath: ConfigPath = '\SystemRoot\System32\Config\'
[   26.359300] (\ntoskrnl\config\cmsysini.c:1214) CmpGetRegistryPath: ConfigPath = '\SystemRoot\System32\Config\'
[   26.359313] (\ntoskrnl\config\cmsysini.c:1214) CmpGetRegistryPath: ConfigPath = '\SystemRoot\System32\Config\'
[   26.359329] (\ntoskrnl\config\cmsysini.c:1214) CmpGetRegistryPath: ConfigPath = '\SystemRoot\System32\Config\'
[   26.359372] (\ntoskrnl\config\cmsysini.c:1214) CmpGetRegistryPath: ConfigPath = '\SystemRoot\System32\Config\'
[   26.369265] (\ntoskrnl\config\cmsysini.c:1214) CmpGetRegistryPath: ConfigPath = '\SystemRoot\System32\Config\'
[   26.379387] (\ntoskrnl\config\cmsysini.c:1214) CmpGetRegistryPath: ConfigPath = '\SystemRoot\System32\Config\'
[   27.010188] (\ntoskrnl\mm\ARM3\session.c:846) Session 0 is ready to go: 0xFFFFF97FFF010000 0xFFFFC859B7E21000, 2221 0x0000000000000000
[   27.151730] (\ntoskrnl\mm\ARM3\sysldr.c:170) Loading: \SystemRoot\System32\win32k.sys at FFFFC859B7C97000 with 17a pages
[   27.321945] (\ntoskrnl\mm\ARM3\sysldr.c:170) Loading: \SystemRoot\System32\ftfd.dll at FFFFC859B7BF5000 with a2 pages
[   27.725901] (\win32ss\gdi\ntgdi\d3dkmt.c:183) DxStartupDxgkInt: Entry
[   27.729500] (\win32ss\reactx\ntddraw\ddraw.c:57) Warning: trying loading xp/2003/windows7/reactos dxg.sys
[   27.871954] (\ntoskrnl\mm\ARM3\sysldr.c:170) Loading: \SystemRoot\System32\drivers\dxg.sys at FFFFC859B7BD7000 with b pages
[   28.018995] (\ntoskrnl\mm\ARM3\sysldr.c:170) Loading: \SystemRoot\System32\drivers\dxgthk.sys at FFFFC859B7E1C000 with 5 pages
[   28.142245] (\win32ss\reactx\ntddraw\ddraw.c:112) DirectX interface is activated
[   28.625576] (\win32ss\user\ntuser\winsta.c:243) err: Invalid window station handle
[   28.630325] (\win32ss\user\ntuser\clipboard.c:31) err: Cannot open winsta
[   28.909005] (\win32ss\user\ntuser\class.c:2396) err: SYSTEMCUR(ARROW) == NULL, should not happen!!
[   28.909014] (\win32ss\user\ntuser\keyboard.c:221) err: NtDeviceIoControlFile() failed, ignored
[   28.915093] (\win32ss\user\ntuser\class.c:2396) err: SYSTEMCUR(ARROW) == NULL, should not happen!!
[   28.932613] (\win32ss\user\ntuser\class.c:2396) err: SYSTEMCUR(ARROW) == NULL, should not happen!!
[   28.941547] (\win32ss\user\ntuser\class.c:2396) err: SYSTEMCUR(ARROW) == NULL, should not happen!!
[   28.950487] (\win32ss\user\ntuser\class.c:2396) err: SYSTEMCUR(ARROW) == NULL, should not happen!!
[   28.959420] (\win32ss\user\ntuser\class.c:2396) err: SYSTEMCUR(ARROW) == NULL, should not happen!!
[   28.971942] (\win32ss\user\ntuser\desktop.c:3395) err: The process 0xFFFFC68D8D210B30 'winlogon.exe' didn't have an assigned startup desktop before, assigning it now!
[   28.983957] (\win32ss\user\ntuser\desktop.c:3333) err: Attempted to change thread desktop although the thread has windows!
[   28.995097] (\win32ss\user\winsrv\usersrv\init.c:171) We are logged off
[   29.052754] (\ntoskrnl\mm\ARM3\sysldr.c:170) Loading: \SystemRoot\System32\kbdus.dll at FFFFC859B7B99000 with 5 pages
[   29.457900] (\base\system\services\services.c:64) CheckSetup()
[   29.461000] (\base\system\services\services.c:108) Running on LiveCD
[   29.467191] (\base\system\services\services.c:130) ReactOS Setup currently in progress!
[   29.918152] WARNING:  HvHiveWillShrink at \sdk\lib\cmlib\hivewrt.c:584 is UNIMPLEMENTED!
[   30.198247] (\win32ss\gdi\eng\mouse.c:811) Failed to lock the DC.
[   30.227505] fixme:(\dll\win32\rpcrt4\rpc_server.c:1736) (0x1000): stub
[   30.246759] (\base\system\services\services.c:185) ScmLogEvent: RegisterEventSourceW failed 1722
[   30.253847] WARNING:  getMacAddress at \base\services\dcomlaunch\network.c:32 is UNIMPLEMENTED!
[   30.261340] (\base\services\dcomlaunch\network.c:136) Failed finding a proper MAC address, will generate seed
[   30.273040] (\base\system\services\services.c:185) ScmLogEvent: RegisterEventSourceW failed 1722
[   30.311334] (\ntoskrnl\mm\ARM3\sysldr.c:170) Loading: \SystemRoot\System32\cdd.dll at FFFFC859B7A97000 with 9 pages
[   30.366915] WARNING:  LDEVOBJ_bUnloadImage at \win32ss\gdi\eng\ldevobj.c:291 is UNIMPLEMENTED!
[   30.369538] (\base\system\services\services.c:185) ScmLogEvent: RegisterEventSourceW failed 1722
[   30.389609] (\ntoskrnl\mm\ARM3\sysldr.c:170) Loading: \SystemRoot\System32\framebuf.dll at FFFFC859B7A4F000 with 9 pages
[   30.437766] WARNING:  LDEVOBJ_bUnloadImage at \win32ss\gdi\eng\ldevobj.c:291 is UNIMPLEMENTED!
[   30.445145] (\win32ss\reactx\ntddraw\dxeng.c:286) ReactX Calling : DxEngGetHdevData, Type: 12
[   30.451993] (\win32ss\reactx\ntddraw\dxeng.c:289) hDev: FFFFDC3B916DB900
[   30.458676] (\win32ss\reactx\ntddraw\dxeng.c:343) requested DxEGShDevData_display
[   30.466136] (\win32ss\reactx\ntddraw\dxeng.c:376) retVal: 00000001
[   30.472298] (\win32ss\reactx\ntddraw\dxeng.c:286) ReactX Calling : DxEngGetHdevData, Type: 7
[   30.480711] (\win32ss\reactx\ntddraw\dxeng.c:289) hDev: FFFFDC3B916DB900
[   30.487394] (\win32ss\reactx\ntddraw\dxeng.c:323) requested DxEGShDevData_eddg
[   30.494594] (\win32ss\reactx\ntddraw\dxeng.c:376) retVal: ffffdc3b916dc010
[   30.501450] (\win32ss\reactx\ntddraw\dxeng.c:286) ReactX Calling : DxEngGetHdevData, Type: 6
[   30.509864] (\win32ss\reactx\ntddraw\dxeng.c:289) hDev: FFFFDC3B916DB900
[   30.516547] (\win32ss\reactx\ntddraw\dxeng.c:319) requested DxEGShDevData_dhpdev
[   30.523919] (\win32ss\reactx\ntddraw\dxeng.c:376) retVal: ffffdc3b916d9300
[   30.530776] (\win32ss\reactx\ntddraw\dxeng.c:534) ReactX Calling : DxEngLockHdev
[   30.538149] (\win32ss\reactx\ntddraw\dxeng.c:536) hDev: FFFFDC3B916DB900
[   30.544768] RPI5VC4: present #1 moves=0 dirty=1 flip=0 idx=0 scan=3f400000
[   30.544832] (\win32ss\reactx\ntddraw\dxeng.c:286) ReactX Calling : DxEngGetHdevData, Type: 5
[   30.560102] (\win32ss\reactx\ntddraw\dxeng.c:289) hDev: FFFFDC3B916DB900
[   30.566780] (\win32ss\reactx\ntddraw\dxeng.c:315) requested DxEGShDevData_DrvFuncs
[   30.574331] (\win32ss\reactx\ntddraw\dxeng.c:376) retVal: ffffdc3b916dbc68
[   30.577927] RPI5VC4: flip ring: 3 x 8100 KB at 00:441db000
[   30.581184] (\win32ss\reactx\ntddraw\dxeng.c:571) ReactX Calling : DxEngUnlockHdev
[   30.590931] RPI5VC4: LPTRS@0x110=000002a0 head=672 ctl0=490cc007 ptr1=3f400000 valid=1 match=1
[   30.602863] RPI5VC4: LPTRS@0x03c=ffffffff head=4095 (skip)
[   30.608274] RPI5VC4: flip OK head=672 -> 00:441db000
[   30.735833] err:(\win32ss\user\user32\windows\cursoricon.c:274) Loading System Cursors
[   30.872526] RPI5VC4: present #2 moves=0 dirty=1 flip=3 idx=0 scan=441db000
[   30.882894] RPI5VC4: LPTRS@0x110=000002a0 head=672 ctl0=490cc007 ptr1=441db000 valid=1 match=1
[   30.888624] RPI5VC4: LPTRS@0x03c=ffffffff head=4095 (skip)
[   30.894092] RPI5VC4: flip OK head=672 -> 00:449c4000
[   31.132318] fixme:(\dll\win32\rpcrt4\rpc_server.c:1736) (0x1000): stub
[   31.157871] RPI5VC4: present #3 moves=0 dirty=1 flip=3 idx=1 scan=449c4000
[   31.167095] RPI5VC4: LPTRS@0x110=000002a0 head=672 ctl0=490cc007 ptr1=449c4000 valid=1 match=1
[   31.172819] RPI5VC4: LPTRS@0x03c=ffffffff head=4095 (skip)
[   31.178288] RPI5VC4: flip OK head=672 -> 00:451ad000
[   31.235416] err:(\dll\win32\lsasrv\lsarpc.c:1452) LsapOpenDbObject(Accounts/S-1-5-6) failed (Status 0xc0000034)
[   31.443216] RPI5VC4: present #4 moves=0 dirty=1 flip=3 idx=2 scan=451ad000
[   31.452837] RPI5VC4: LPTRS@0x110=000002a0 head=672 ctl0=490cc007 ptr1=451ad000 valid=1 match=1
[   31.458564] RPI5VC4: LPTRS@0x03c=ffffffff head=4095 (skip)
[   31.460040] err:(\win32ss\user\user32\misc\dllmain.c:668) hIconSmWindows 0000000000020070 hIconWindows 000000000002006E 
[   31.464028] RPI5VC4: flip OK head=672 -> 00:441db000
[   31.474883] (\win32ss\user\ntuser\callback.c:1149) err: hIconSmWindows 0000000000020070 hIconWindows 000000000002006E 
[   31.490992] (\win32ss\user\ntuser\desktop.c:3333) err: Attempted to change thread desktop although the thread has windows!
[   31.511574] RPI5VC4: LPTRS@0x110=000002a0 head=672 ctl0=490cc007 ptr1=441db000 valid=1 match=1
[   31.517304] RPI5VC4: LPTRS@0x03c=ffffffff head=4095 (skip)
[   31.522771] RPI5VC4: flip OK head=672 -> 00:449c4000
[   31.748134] RPI5VC4: LPTRS@0x110=000002a0 head=672 ctl0=490cc007 ptr1=449c4000 valid=1 match=1
[   31.753870] RPI5VC4: flip OK head=672 -> 00:451ad000
[   31.758960] RPI5VC4: present #64 moves=0 dirty=1 flip=3 idx=2 scan=451ad000
[   31.767010] RPI5VC4: present #128 moves=0 dirty=1 flip=3 idx=2 scan=451ad000
[   31.772911] RPI5VC4: LPTRS@0x110=000002a0 head=672 ctl0=490cc007 ptr1=451ad000 valid=1 match=1
[   31.781396] RPI5VC4: takeover OK reg=0x110 head=672 fb=00:451ad000 cursor=1 start=9 count=19
[   31.917697] err:(\win32ss\user\user32\windows\window.c:496) CreateWindowExW RegisterSystemControls
[   32.050936] RPI5VC4: LPTRS@0x110=000002a0 head=672 ctl0=490cc007 ptr1=451ad000 valid=1 match=1
[   32.056668] RPI5VC4: flip OK head=672 -> 00:441db000
[   32.160128] (\win32ss\user\ntuser\desktop.c:1370) err: ptiLastInput is CLEARED!!
[   32.160329] (\ntoskrnl\config\cmcontrl.c:269) CmpSaveBootControlSet(1)
[   32.171389] (\win32ss\user\ntuser\desktop.c:3333) err: Attempted to change thread desktop although the thread has windows!
[   32.183861] RPI5VC4: LPTRS@0x110=000002a0 head=672 ctl0=490cc007 ptr1=441db000 valid=1 match=1
[   32.191026] RPI5VC4: takeover OK reg=0x110 head=672 fb=00:441db000 cursor=0 start=9 count=10
[   32.218972] RPI5VC4: present #192 moves=0 dirty=1 flip=3 idx=1 scan=449c4000
[   32.223788] RPI5VC4: present #256 moves=0 dirty=1 flip=3 idx=1 scan=449c4000
[   32.742443] V3DSMOKE: rpi5vc4 V3dReady=1 ver=71 slab=64MB gpuva=0x01000000
[   32.746458] (\drivers\directx\dxgkrnl\d3dkmt.c:3488) D3DKMT CREATEALLOC #1 enter
[   32.753823] (\drivers\directx\dxgkrnl\d3dkmt.c:3491) D3DKMT CREATEALLOC #1 exit 0x00000000
[   32.762155] (\drivers\directx\dxgkrnl\d3dkmt.c:3524) D3DKMT LOCK #1 enter hAlloc=0x4d4d414d
[   32.768463] err:(\base\services\wkssvc\wkssvc.c:82) ServiceInit()
[   32.770778] (\drivers\directx\dxgkrnl\vidmm.c:3077) VidMm usermap #1 h=0x4D4D414D va=0000000040520000 resident=1 seg=1 pa=401db000 cache=2
[   32.788908] (\drivers\directx\dxgkrnl\d3dkmt.c:3570) D3DKMT LOCK #1 exit va=0000000040520000
[   32.796357] err:(\base\services\wkssvc\rpcserver.c:61) RpcServerListen() failed (Status 6b1)
[   32.792349] fixme:(\win32ss\printing\providers\localspl\monitors.c:265) InitializePrintMonitor2 loaded.
[   32.797365] (\drivers\directx\rpi5vc4\rpi5vc4_wddm.c:276) RPI5VC4: V3D job fence=1 EMPTY ranges bcl=00000000..00000000 rcl=01000000..01000000 qts=00000000 — completing without kick
[   32.815258] fixme:(\win32ss\printing\providers\localspl\monitors.c:304) InitializePrintMonitorList Handle 00000000401368E0
[   32.832245] V3DSMOKE: alloc-relative submit status=0x00000000
[   32.848072] (\drivers\directx\dxgkrnl\d3dkmt.c:3488) D3DKMT CREATEALLOC #2 enter
[   32.855427] (\drivers\directx\dxgkrnl\d3dkmt.c:3491) D3DKMT CREATEALLOC #2 exit 0x00000000
[   33.198752] (\base\system\services\database.c:1836) Service V3dProbe exited without connecting the control pipe
[   33.205961] (\base\system\services\database.c:2107) Connecting control pipe failed! (Error 1053)
[   33.214726] (\base\system\services\database.c:753) ScmRemoveServiceImage() called
[   33.220450] fixme:(\base\services\browser\browser.c:144) ServiceMain(1 0000000040129E60)
[   33.223309] fixme:(\win32ss\printing\providers\localspl\forms.c:234) InitializeFormList
[   33.238865] fixme:(\win32ss\printing\providers\localspl\printerdrivers.c:788) LocalGetPrinterDriverDirectory((null), Windows ARM64, 1, 00000000419FF168, 520, 00000000419FF164)
[   33.278764] err:(\base\services\browser\rpcserver.c:42) RpcServerListen() failed (Status 6b1)
[   33.279182] err:(\base\services\srvsvc\rpcserver.c:64) RpcServerListen() failed (Status 6b1)
[   33.321831] fixme:(\win32ss\printing\providers\localspl\printerdrivers.c:832) => L"C:\\ReactOS\\System32\\spool\\drivers\\arm64"
[   33.330518] fixme:(\win32ss\printing\providers\localspl\printerdrivers.c:114) DriverPath : C:\ReactOS\System32\spool\drivers\arm64\3\UniDrv.dll
[   33.347844] (\base\services\wuauserv\wuauserv.c:44) WU UpdateServiceStatus(4) called
[   33.377773] (\dll\win32\syssetup\wizard.c:1482) Applying visual theme '(Classic)'
[   33.936912] (\win32ss\user\ntuser\winpos.c:796) err: FIXME: Parent is Desktop, Min off screen!
[   33.943482] err:(\dll\win32\combase\combase.c:1796) class {56fdf344-fd6d-11d0-958a-006097c9a090} not registered
[   33.952714] err:(\dll\win32\combase\combase.c:1874) no class object {56fdf344-fd6d-11d0-958a-006097c9a090} could be created for context 0x1
[   34.211100] RPI5VC4: present #320 moves=0 dirty=1 flip=3 idx=0 scan=441db000
[   34.215781] RPI5VC4: present #384 moves=0 dirty=1 flip=3 idx=0 scan=441db000
[   34.253534] RPI5VC4: present #448 moves=0 dirty=1 flip=3 idx=1 scan=449c4000
[   34.265040] RPI5VC4: present #512 moves=0 dirty=1 flip=3 idx=1 scan=449c4000
[   34.279318] RPI5VC4: present #576 moves=0 dirty=1 flip=3 idx=2 scan=451ad000
[   35.037534] (\base\services\umpnpmgr\event.c:103) Removal pending: Root\SOFTGPU\0000
[   35.037903] (\base\services\umpnpmgr\install.c:931) Boot device install: 38 candidate(s), 36 need install
[   35.042478] (\base\services\umpnpmgr\event.c:99) Removal vetoed: Root\SOFTGPU\0000
[   35.051936] (\base\services\umpnpmgr\install.c:392) Installing: batch[36 devices]
[   35.059601] (\base\services\umpnpmgr\event.c:103) Removal pending: Root\SOFTGPU\0000
[   35.074683] (\base\services\umpnpmgr\event.c:99) Removal vetoed: Root\SOFTGPU\0000
[   35.141633] RPI5VC4: present #640 moves=0 dirty=1 flip=3 idx=1 scan=449c4000
[   35.180366] (\base\services\umpnpmgr\install.c:526) Installing: ACPI\ACPI0004\0
[   35.184812] (\base\services\umpnpmgr\install.c:526) Installing: ACPI\ACPI0004\1
[   35.192093] (\base\services\umpnpmgr\install.c:526) Installing: ACPI\ACPI0007\0
[   35.199378] (\base\services\umpnpmgr\install.c:526) Installing: ACPI\ACPI0007\1
[   35.206667] (\base\services\umpnpmgr\install.c:526) Installing: ACPI\ACPI0007\2
[   35.213953] (\base\services\umpnpmgr\install.c:526) Installing: ACPI\ACPI0007\3
[   35.221243] (\base\services\umpnpmgr\install.c:526) Installing: ACPI\AMZN0001\1
[   35.228531] (\base\services\umpnpmgr\install.c:526) Installing: ACPI\ARMH0011\0
[   35.235820] (\base\services\umpnpmgr\install.c:526) Installing: ACPI\BRCM5D12\0
[   35.243107] (\base\services\umpnpmgr\install.c:526) Installing: ACPI\BRCM5D12\1
[   35.250397] (\base\services\umpnpmgr\install.c:526) Installing: ACPI\FixedButton\2&ccb86d17&FFB0
[   35.259157] (\base\services\umpnpmgr\install.c:526) Installing: ACPI\PNP0A08\1
[   35.266362] (\base\services\umpnpmgr\install.c:526) Installing: ACPI\PNP0D10\0
[   35.273560] (\base\services\umpnpmgr\install.c:526) Installing: ACPI\PNP0D10\1
[   35.280763] (\base\services\umpnpmgr\install.c:526) Installing: ACPI\PRP0001\0
[   35.287964] (\base\services\umpnpmgr\install.c:526) Installing: ACPI_HAL\PNP0C08\0
[   35.295513] (\base\services\umpnpmgr\install.c:526) Installing: DISPLAY\Default_Monitor\4&00000000&0&00
[   35.304884] (\base\services\umpnpmgr\install.c:526) Installing: DISPLAY\Default_Monitor\4&00000001&0&01
[   35.314255] (\base\services\umpnpmgr\install.c:526) Installing: HID\Vid_413c&Pid_301a\5&68ef529e&2&Col0001
[   35.323883] (\base\services\umpnpmgr\install.c:526) Installing: HTREE\ROOT\0
[   35.330913] (\base\services\umpnpmgr\install.c:526) Installing: Root\ACPI_HAL\0000
[   35.338459] (\base\services\umpnpmgr\install.c:526) Installing: SD\VID_0003&PID_FF00\00000000_00000000_B0FEFF00
[   35.348531] (\base\services\umpnpmgr\install.c:526) Installing: SDIO\VEN_02D0&DEV_4345&FUNC_1\00000000_00000000_02D0_4345_FUNC_1
[   35.360067] (\base\services\umpnpmgr\install.c:526) Installing: SDIO\VEN_02D0&DEV_4345&FUNC_2\00000000_00000000_02D0_4345_FUNC_2
[   35.371605] (\base\services\umpnpmgr\install.c:526) Installing: SDIO\VEN_02D0&DEV_4345&FUNC_3\00000000_00000000_02D0_4345_FUNC_3
[   35.383146] (\base\services\umpnpmgr\install.c:526) Installing: STORAGE\Partition\6&3c4bbb55&S00000000_O100000_L2ff00000
[   35.393991] (\base\services\umpnpmgr\install.c:526) Installing: STORAGE\Partition\6&87aea797&S9df3f58f-f8ad-4f63-9de5-0e0a91c4e2a0S_O100000_L10400000
[   35.407353] (\base\services\umpnpmgr\install.c:526) Installing: STORAGE\Partition\6&87aea797&S9df3f58f-f8ad-4f63-9de5-0e0a91c4e2a0S_O10500000_L1000000
[   35.420801] (\base\services\umpnpmgr\install.c:526) Installing: STORAGE\Partition\6&87aea797&S9df3f58f-f8ad-4f63-9de5-0e0a91c4e2a0S_O11500000_L7c0000000
[   35.434421] (\base\services\umpnpmgr\install.c:526) Installing: USB\ROOT_HUB\3&cc8c31f5
[   35.442401] (\base\services\umpnpmgr\install.c:526) Installing: USB\ROOT_HUB\3&d59700b4
[   35.449709] (\base\services\umpnpmgr\rpcserver.c:3673) PNP_SetDeviceProblem(0000000040135D20 ACPI\ACPI0004\0 28 0x00000001)
[   35.450389] (\base\services\umpnpmgr\install.c:526) Installing: USB\Vid_0781&Pid_5581\0901da96cc5f2a6e98145c166ee0bf8579199debc6f1126c17dcbe55724e3388e11a00000000000000000000897c8cadff082920815581076e327e7a
[   35.461544] (\base\services\umpnpmgr\rpcserver.c:277) SetDeviceStatus(ACPI\ACPI0004\0 0x400 0x1c)
[   35.479804] (\base\services\umpnpmgr\install.c:526) Installing: USB\Vid_0781&Pid_5591\01016e01ffd6f47ad7a9a904dc54438de8ee4ed362c463e23b37a4d9b83f12b6b3e3000000000000000000004ca60268000d5400915581077b32dc12
[   35.488660] (\ntoskrnl\io\pnpmgr\plugplay.c:983) Set status data is NOT SUPPORTED
[   35.506955] (\base\services\umpnpmgr\install.c:526) Installing: USB\Vid_413c&Pid_301a\4&83bb0d7e&2
[   35.517487] (\base\services\umpnpmgr\rpcserver.c:3673) PNP_SetDeviceProblem(0000000040135D20 ACPI\ACPI0004\1 28 0x00000001)
[   35.523361] (\base\services\umpnpmgr\install.c:526) Installing: USBSTOR\Disk&Ven__USB____&Prod__SanDisk_3.2Gen1&Rev_1.00\5&955e2bc9&01016e01ffd6f47ad7a9a904dc54438de8ee4ed362c463e23b37a4d9b83f12b6b3e3000000000000000000004ca60268000d5400915581077b32dc12&0
[   35.534475] (\base\services\umpnpmgr\rpcserver.c:277) SetDeviceStatus(ACPI\ACPI0004\1 0x400 0x1c)
[   35.556935] (\base\services\umpnpmgr\install.c:526) Installing: USBSTOR\Disk&Ven__USB____&Prod__SanDisk_3.2Gen1&Rev_1.00\5&bb7f1351&0901da96cc5f2a6e98145c166ee0bf8579199debc6f1126c17dcbe55724e3388e11a00000000000000000000897c8cadff082920815581076e327e7a&0
[   35.565790] (\ntoskrnl\io\pnpmgr\plugplay.c:983) Set status data is NOT SUPPORTED
[   36.179445] (\base\services\umpnpmgr\rpcserver.c:3673) PNP_SetDeviceProblem(0000000040135D20 ACPI\BRCM5D12\0 28 0x00000001)
[   36.187730] (\base\services\umpnpmgr\rpcserver.c:277) SetDeviceStatus(ACPI\BRCM5D12\0 0x400 0x1c)
[   36.196562] (\ntoskrnl\io\pnpmgr\plugplay.c:983) Set status data is NOT SUPPORTED
[   36.205159] (\base\services\umpnpmgr\rpcserver.c:3673) PNP_SetDeviceProblem(0000000040135D20 ACPI\BRCM5D12\1 28 0x00000001)
[   36.215137] (\base\services\umpnpmgr\rpcserver.c:277) SetDeviceStatus(ACPI\BRCM5D12\1 0x400 0x1c)
[   36.223979] (\ntoskrnl\io\pnpmgr\plugplay.c:983) Set status data is NOT SUPPORTED
[   36.386376] (\ntoskrnl\io\pnpmgr\devaction.c:2657) NOTE: attempt to start an already started/uninitialized device ACPI\PNP0A08\1
[   36.532298] (\ntoskrnl\io\pnpmgr\devaction.c:2657) NOTE: attempt to start an already started/uninitialized device ACPI\PNP0D10\0
[   36.677019] (\ntoskrnl\io\pnpmgr\devaction.c:2657) NOTE: attempt to start an already started/uninitialized device ACPI\PNP0D10\1
[   36.842992] (\ntoskrnl\mm\ARM3\sysldr.c:170) Loading: \SystemRoot\System32\drivers\rp1gem.sys at FFFFC859B6054000 with c pages
[   36.864576] NDIS6-INIT: NdisAllocateBufferPool -> 0x00000000, handle=0000000000000000
[   36.869518] NDIS6-INIT: NdisAllocatePacketPool -> 0x00000000, handle=FFFFC68D8C70E000
[   36.877601] NDIS6: InitializeEx → driver (adapter=FFFFC68D8C7131C0 pdo=FFFFC68D8D49DC70 fdo=FFFFC68D8C713070 next=FFFFC68D8D49DC70)
[   36.893024] NDIS6: NdisMRegisterInterruptEx vec=261 irql=12 affinity=0x1 mode=Level share=1
[   36.898488] NDIS6: IoConnectInterrupt -> 0x00000000, KINTERRUPT=FFFFC68D8D641590
[   36.905921] NDIS6: adapter FFFFC68D8C7131C0 MAC 2c:cf:67:dd:90:9a connect=2
[   36.912864] NDIS6: InitializeEx returned 0x00000000 (ctx=FFFFC68D8C709000)
[   36.919660] (\drivers\network\nwifi\protocol.c:248) NWIFI: BindAdapterEx '\Device\{66e25700-43a9-4931-bce3-fc15e3fd4643}'
[   36.930589] (\drivers\network\nwifi\protocol.c:253) NWIFI: skipping non-dot11 medium 0
[   37.075105] (\ntoskrnl\io\pnpmgr\devaction.c:2657) NOTE: attempt to start an already started/uninitialized device ACPI_HAL\PNP0C08\0
[   37.368579] (\ntoskrnl\io\pnpmgr\devaction.c:2657) NOTE: attempt to start an already started/uninitialized device HID\Vid_413c&Pid_301a\5&68ef529e&2&Col0001
[   37.515533] (\ntoskrnl\io\pnpmgr\devaction.c:2657) NOTE: attempt to start an already started/uninitialized device Root\ACPI_HAL\0000
[   37.656043] (\base\services\umpnpmgr\rpcserver.c:3673) PNP_SetDeviceProblem(0000000040135D20 SD\VID_0003&PID_FF00\00000000_00000000_B0FEFF00 28 0x00000001)
[   37.667103] (\base\services\umpnpmgr\rpcserver.c:277) SetDeviceStatus(SD\VID_0003&PID_FF00\00000000_00000000_B0FEFF00 0x400 0x1c)
[   37.678711] (\ntoskrnl\io\pnpmgr\plugplay.c:983) Set status data is NOT SUPPORTED
[   37.828674] RPI5VC4: present #704 moves=0 dirty=1 flip=3 idx=1 scan=449c4000
[   37.834462] (\ntoskrnl\mm\ARM3\sysldr.c:170) Loading: \SystemRoot\System32\drivers\cyw43455.sys at FFFFC859B6046000 with e pages
[   37.857416] NDIS6-INIT: NdisAllocateBufferPool -> 0x00000000, handle=0000000000000000
[   37.862367] NDIS6-INIT: NdisAllocatePacketPool -> 0x00000000, handle=FFFFC68D8D79F000
[   37.870199] NDIS6: InitializeEx → driver (adapter=FFFFC68D8D79E1C0 pdo=FFFFC68D8D3CA070 fdo=FFFFC68D8D79E070 next=FFFFC68D8D3CA070)
[   38.102697] NDIS6: adapter FFFFC68D8D79E1C0 MAC b8:27:eb:74:f2:6c connect=2
[   38.106842] NDIS6: InitializeEx returned 0x00000000 (ctx=FFFFC68D8D7A4000)
[   38.113661] (\drivers\network\nwifi\protocol.c:248) NWIFI: BindAdapterEx '\Device\{8fb47236-96a0-4f20-8875-c650bb26aaed}'
[   38.124984] NDIS6: seeded TCPIP registry for \Device\{B1D2C3E4-5F6A-4B8C-9D0E-02524F535731}
[   38.132915] NDIS6: InitializeEx → driver (adapter=FFFFC68D8DA071C0 pdo=FFFFC68D8DA07070 fdo=FFFFC68D8DA07070 next=0000000000000000)
[   38.144893] (\drivers\network\nwifi\miniport.c:117) NWIFI: MiniportInitializeEx interface 0
[   38.153214] NDIS6: adapter FFFFC68D8DA071C0 MAC b8:27:eb:74:f2:6c connect=2
[   38.160154] NDIS6: InitializeEx returned 0x00000000 (ctx=FFFFC68D8D833980)
[   38.167008] NDIS6: Restart → driver
[   38.170650] (\drivers\network\nwifi\miniport.c:210) NWIFI: MiniportRestartEx interface 0
[   38.178724] NDIS6: LINK_STATE adapter=FFFFC68D8DA071C0 connect=2 rx=18446744073709551615 tx=18446744073709551615
[   38.188877] NDIS6: RestartHandler returned 0x00000000
[   38.193904] (\drivers\network\nwifi\protocol.c:248) NWIFI: BindAdapterEx '\Device\{B1D2C3E4-5F6A-4B8C-9D0E-02524F535731}'
[   38.204837] (\drivers\network\nwifi\protocol.c:253) NWIFI: skipping non-dot11 medium 0
[   38.212730] (\drivers\network\nwifi\protocol.c:383) NWIFI: bound interface 0 MAC b8:27:eb:74:f2:6c
[   38.355379] (\base\services\umpnpmgr\rpcserver.c:3673) PNP_SetDeviceProblem(0000000040135D20 SDIO\VEN_02D0&DEV_4345&FUNC_2\00000000_00000000_02D0_4345_FUNC_2 28 0x00000001)
[   38.367923] (\base\services\umpnpmgr\rpcserver.c:277) SetDeviceStatus(SDIO\VEN_02D0&DEV_4345&FUNC_2\00000000_00000000_02D0_4345_FUNC_2 0x400 0x1c)
[   38.381002] (\ntoskrnl\io\pnpmgr\plugplay.c:983) Set status data is NOT SUPPORTED
[   38.520871] (\base\services\umpnpmgr\rpcserver.c:3673) PNP_SetDeviceProblem(0000000040135D20 SDIO\VEN_02D0&DEV_4345&FUNC_3\00000000_00000000_02D0_4345_FUNC_3 28 0x00000001)
[   38.533410] (\base\services\umpnpmgr\rpcserver.c:277) SetDeviceStatus(SDIO\VEN_02D0&DEV_4345&FUNC_3\00000000_00000000_02D0_4345_FUNC_3 0x400 0x1c)
[   38.546497] (\ntoskrnl\io\pnpmgr\plugplay.c:983) Set status data is NOT SUPPORTED
[   38.698694] (\ntoskrnl\io\pnpmgr\devaction.c:2657) NOTE: attempt to start an already started/uninitialized device USB\ROOT_HUB\3&cc8c31f5
[   38.845185] (\ntoskrnl\io\pnpmgr\devaction.c:2657) NOTE: attempt to start an already started/uninitialized device USB\ROOT_HUB\3&d59700b4
[   38.990645] (\ntoskrnl\io\pnpmgr\devaction.c:2657) NOTE: attempt to start an already started/uninitialized device USB\Vid_0781&Pid_5581\0901da96cc5f2a6e98145c166ee0bf8579199debc6f1126c17dcbe55724e3388e11a00000000000000000000897c8cadff082920815581076e327e7a
[   39.146940] (\ntoskrnl\io\pnpmgr\devaction.c:2657) NOTE: attempt to start an already started/uninitialized device USB\Vid_0781&Pid_5591\01016e01ffd6f47ad7a9a904dc54438de8ee4ed362c463e23b37a4d9b83f12b6b3e3000000000000000000004ca60268000d5400915581077b32dc12
[   39.226907] (\ntoskrnl\io\pnpmgr\devaction.c:2657) NOTE: attempt to start an already started/uninitialized device USB\Vid_413c&Pid_301a\4&83bb0d7e&2
[   39.353168] (\dll\win32\storprop\disk.c:63) DiskClassInstaller(23 00000000401335F0 0000000040136780)
[   39.359667] (\dll\win32\storprop\disk.c:63) DiskClassInstaller(24 00000000401335F0 0000000040136780)
[   39.368701] (\dll\win32\storprop\disk.c:63) DiskClassInstaller(28 00000000401335F0 0000000040136780)
[   39.377808] (\dll\win32\storprop\disk.c:63) DiskClassInstaller(29 00000000401335F0 0000000040136780)
[   39.386913] (\dll\win32\storprop\disk.c:63) DiskClassInstaller(21 00000000401335F0 0000000040136780)
[   39.396449] (\dll\win32\storprop\disk.c:63) DiskClassInstaller(34 00000000401335F0 0000000040136780)
[   39.405548] (\dll\win32\storprop\disk.c:63) DiskClassInstaller(32 00000000401335F0 0000000040136780)
[   39.415068] (\dll\win32\storprop\disk.c:63) DiskClassInstaller(2 00000000401335F0 0000000040136780)
[   39.426675] (\ntoskrnl\io\pnpmgr\devaction.c:2657) NOTE: attempt to start an already started/uninitialized device USBSTOR\Disk&Ven__USB____&Prod__SanDisk_3.2Gen1&Rev_1.00\5&955e2bc9&01016e01ffd6f47ad7a9a904dc54438de8ee4ed362c463e23b37a4d9b83f12b6b3e3000000000000000000004ca60268000d5400915581077b32dc12&0
[   39.451471] (\dll\win32\storprop\disk.c:63) DiskClassInstaller(30 00000000401335F0 0000000040136780)
[   39.459807] (\dll\win32\storprop\disk.c:63) DiskClassInstaller(12 00000000401335F0 0000000040136780)
[   39.472242] (\dll\win32\storprop\disk.c:63) DiskClassInstaller(23 00000000401335F0 0000000040136780)
[   39.478635] (\dll\win32\storprop\disk.c:63) DiskClassInstaller(24 00000000401335F0 0000000040136780)
[   39.487760] (\dll\win32\storprop\disk.c:63) DiskClassInstaller(28 00000000401335F0 0000000040136780)
[   39.496851] (\dll\win32\storprop\disk.c:63) DiskClassInstaller(29 00000000401335F0 0000000040136780)
[   39.505964] (\dll\win32\storprop\disk.c:63) DiskClassInstaller(21 00000000401335F0 0000000040136780)
[   39.515477] (\dll\win32\storprop\disk.c:63) DiskClassInstaller(34 00000000401335F0 0000000040136780)
[   39.524585] (\dll\win32\storprop\disk.c:63) DiskClassInstaller(32 00000000401335F0 0000000040136780)
[   39.533990] (\dll\win32\storprop\disk.c:63) DiskClassInstaller(2 00000000401335F0 0000000040136780)
[   39.545608] (\ntoskrnl\io\pnpmgr\devaction.c:2657) NOTE: attempt to start an already started/uninitialized device USBSTOR\Disk&Ven__USB____&Prod__SanDisk_3.2Gen1&Rev_1.00\5&bb7f1351&0901da96cc5f2a6e98145c166ee0bf8579199debc6f1126c17dcbe55724e3388e11a00000000000000000000897c8cadff082920815581076e327e7a&0
[   39.570394] (\dll\win32\storprop\disk.c:63) DiskClassInstaller(30 00000000401335F0 0000000040136780)
[   39.578740] (\dll\win32\storprop\disk.c:63) DiskClassInstaller(12 00000000401335F0 0000000040136780)
[   39.610721] (\win32ss\user\ntuser\desktop.c:1370) err: ptiLastInput is CLEARED!!
[   39.675792] (\ntoskrnl\mm\ARM3\sysldr.c:170) Loading: \SystemRoot\System32\drivers\tcpip.sys at FFFFC859B5FFD000 with 40 pages
[   39.702622] NDIS6: Restart → driver
[   39.703401] NDIS6: RestartHandler returned 0x00000000
[   39.708678] NDIS6: Restart → driver
[   39.712076] NDIS6: RestartHandler returned 0x00000000
[   39.734863] (\base\services\dhcpcsvc\dhcp\api.c:58) RpcServerListen() failed (Status 6b1)
[   39.758134] fixme:(\dll\win32\rpcrt4\rpc_server.c:1736) (0x1000): stub
[   40.754679] fixme:(\dll\win32\wintrust\register.c:1227) stub
[   40.773718] (\win32ss\user\winsrv\usersrv\init.c:152) GetThreadConsoleDesktop(484) failed with Status 0xc0000008
[   41.112710] NDIS6: LINK_STATE adapter=FFFFC68D8C7131C0 connect=1 rx=1000000000 tx=1000000000
[   42.743450] Could not load wine-gecko. HTML rendering will be disabled.
[   42.747281] fixme:(\dll\win32\mshtml\main.c:363) stub 1 (null): returning S_OK
[   42.793277] (\base\services\dhcpcsvc\dhcp\adapter.c:170) There is no active configuration!
[   42.798672] DHCPCSVC: Adapter Name: [{66e25700-43a9-4931-bce3-fc15e3fd4643}] (dynamic)
[   42.809424] TCPIP-UDP: UDPReceive #1 dst=0x67dfa8c0:68 src=0x01dfa8c0:67 len=300
[   42.813941] TCPIP-UDP: matched AddrFile=FFFFC68D8DA9BA80 — delivering
[   42.820533] AFD-RX: PacketSocketRecvComplete #1 FCB=FFFFC68D8DA9BCA0 Status=0x00000000 Info=300
[   43.257042] fixme:(\dll\win32\olepro32\olepro32stubs.c:47) stub
[   43.273877] fixme:(\dll\win32\pstorec\pstorec.c:377) 
[   43.453043] fixme:(\dll\win32\shdocvw\shdocvw_main.c:222) (TRUE, (null)): stub!
[   43.836045] TCPIP-UDP: UDPReceive #2 dst=0x67dfa8c0:68 src=0x01dfa8c0:67 len=300
[   43.840562] TCPIP-UDP: matched AddrFile=FFFFC68D8DA9BA80 — delivering
[   43.847155] AFD-RX: PacketSocketRecvComplete #2 FCB=FFFFC68D8DA9BCA0 Status=0x00000000 Info=300
[   44.208851] fixme:(\dll\win32\shell32\shell32.cpp:512) TRUE (null): stub
[   44.430634] fixme:(\dll\win32\urlmon\urlmon_main.c:243) (TRUE, (null)): stub
[   44.472345] (\base\services\w32time\register.c:54) RegisterService()
[   44.612465] fixme:(\dll\win32\wininet\internet.c:350) (1 (null)): stub
[   44.785380] (\dll\ntdll\rtl\libsupp.c:1173) ApiSetResolveToHost redirected api-ms-win-core-synch-l1-2-0 to C:\ReactOS\System32\kernel32.dll
[   44.801762] (\dll\ntdll\rtl\libsupp.c:1173) ApiSetResolveToHost redirected api-ms-win-core-localization-l1-2-1 to C:\ReactOS\System32\kernel32.dll
[   45.005151] (\win32ss\user\ntuser\msgqueue.c:2248) err: Thread Cleanup Post Messages FFFFDC3B9169A780
[   45.065315] RPI5VC4: present #768 moves=0 dirty=1 flip=3 idx=2 scan=451ad000
[   45.070061] RPI5VC4: present #832 moves=0 dirty=1 flip=3 idx=2 scan=451ad000
[   45.092830] RPI5VC4: present #896 moves=0 dirty=1 flip=3 idx=0 scan=441db000
[   45.097556] RPI5VC4: present #960 moves=0 dirty=1 flip=3 idx=0 scan=441db000
[   45.120235] RPI5VC4: present #1024 moves=0 dirty=1 flip=3 idx=1 scan=449c4000
[   45.125048] RPI5VC4: present #1088 moves=0 dirty=1 flip=3 idx=1 scan=449c4000
[   45.147882] RPI5VC4: present #1152 moves=0 dirty=1 flip=3 idx=2 scan=451ad000
[   45.152688] RPI5VC4: present #1216 moves=0 dirty=1 flip=3 idx=2 scan=451ad000
[   45.175450] RPI5VC4: present #1280 moves=0 dirty=1 flip=3 idx=0 scan=441db000
[   45.180252] RPI5VC4: present #1344 moves=0 dirty=1 flip=3 idx=0 scan=441db000
[   45.203587] RPI5VC4: present #1408 moves=0 dirty=1 flip=3 idx=1 scan=449c4000
[   45.208457] RPI5VC4: present #1472 moves=0 dirty=1 flip=3 idx=1 scan=449c4000
[   45.231341] RPI5VC4: present #1536 moves=0 dirty=1 flip=3 idx=2 scan=451ad000
[   45.236168] RPI5VC4: present #1600 moves=0 dirty=1 flip=3 idx=2 scan=451ad000
[   45.258938] RPI5VC4: present #1664 moves=0 dirty=1 flip=3 idx=0 scan=441db000
[   45.263761] RPI5VC4: present #1728 moves=0 dirty=1 flip=3 idx=0 scan=441db000
[   45.286396] RPI5VC4: present #1792 moves=0 dirty=1 flip=3 idx=1 scan=449c4000
[   45.291186] RPI5VC4: present #1856 moves=0 dirty=1 flip=3 idx=1 scan=449c4000
[   45.313984] RPI5VC4: present #1920 moves=0 dirty=1 flip=3 idx=2 scan=451ad000
[   45.318774] RPI5VC4: present #1984 moves=0 dirty=1 flip=3 idx=2 scan=451ad000
[   45.341551] RPI5VC4: present #2048 moves=0 dirty=1 flip=3 idx=0 scan=441db000
[   45.346343] RPI5VC4: present #2112 moves=0 dirty=1 flip=3 idx=0 scan=441db000
[   45.369493] RPI5VC4: present #2176 moves=0 dirty=1 flip=3 idx=1 scan=449c4000
[   45.374313] RPI5VC4: present #2240 moves=0 dirty=1 flip=3 idx=1 scan=449c4000
[   45.405332] RPI5VC4: present #2304 moves=0 dirty=1 flip=3 idx=2 scan=451ad000
[   45.410128] RPI5VC4: present #2368 moves=0 dirty=1 flip=3 idx=2 scan=451ad000
[   45.432843] RPI5VC4: present #2432 moves=0 dirty=1 flip=3 idx=0 scan=441db000
[   45.437644] RPI5VC4: present #2496 moves=0 dirty=1 flip=3 idx=0 scan=441db000
[   45.472209] RPI5VC4: present #2560 moves=0 dirty=1 flip=3 idx=1 scan=449c4000
[   45.477041] RPI5VC4: present #2624 moves=0 dirty=1 flip=3 idx=1 scan=449c4000
[   45.499740] RPI5VC4: present #2688 moves=0 dirty=1 flip=3 idx=2 scan=451ad000
[   45.521538] RPI5VC4: present #2752 moves=0 dirty=1 flip=3 idx=0 scan=441db000
[   45.526337] RPI5VC4: present #2816 moves=0 dirty=1 flip=3 idx=0 scan=441db000
[   45.549457] RPI5VC4: present #2880 moves=0 dirty=1 flip=3 idx=1 scan=449c4000
[   45.554299] RPI5VC4: present #2944 moves=0 dirty=1 flip=3 idx=1 scan=449c4000
[   45.588267] RPI5VC4: present #3008 moves=0 dirty=1 flip=3 idx=2 scan=451ad000
[   45.593075] RPI5VC4: present #3072 moves=0 dirty=1 flip=3 idx=2 scan=451ad000
[   45.615874] RPI5VC4: present #3136 moves=0 dirty=1 flip=3 idx=0 scan=441db000
[   45.620669] RPI5VC4: present #3200 moves=0 dirty=1 flip=3 idx=0 scan=441db000
[   45.643367] RPI5VC4: present #3264 moves=0 dirty=1 flip=3 idx=1 scan=449c4000
[   45.648174] RPI5VC4: present #3328 moves=0 dirty=1 flip=3 idx=1 scan=449c4000
[   45.670985] RPI5VC4: present #3392 moves=0 dirty=1 flip=3 idx=2 scan=451ad000
[   45.675819] RPI5VC4: present #3456 moves=0 dirty=1 flip=3 idx=2 scan=451ad000
[   45.699342] RPI5VC4: present #3520 moves=0 dirty=1 flip=3 idx=0 scan=441db000
[   45.704182] RPI5VC4: present #3584 moves=0 dirty=1 flip=3 idx=0 scan=441db000
[   45.727542] RPI5VC4: present #3648 moves=0 dirty=1 flip=3 idx=1 scan=449c4000
[   45.732406] RPI5VC4: present #3712 moves=0 dirty=1 flip=3 idx=1 scan=449c4000
[   45.755801] RPI5VC4: present #3776 moves=0 dirty=1 flip=3 idx=2 scan=451ad000
[   45.760620] RPI5VC4: present #3840 moves=0 dirty=1 flip=3 idx=2 scan=451ad000
[   45.783670] RPI5VC4: present #3904 moves=0 dirty=1 flip=3 idx=0 scan=441db000
[   45.788464] RPI5VC4: present #3968 moves=0 dirty=1 flip=3 idx=0 scan=441db000
[   45.811393] RPI5VC4: present #4032 moves=0 dirty=1 flip=3 idx=1 scan=449c4000
[   45.816181] RPI5VC4: present #4096 moves=0 dirty=1 flip=3 idx=1 scan=449c4000
[   45.839186] RPI5VC4: present #4160 moves=0 dirty=1 flip=3 idx=2 scan=451ad000
[   45.843970] RPI5VC4: present #4224 moves=0 dirty=1 flip=3 idx=2 scan=451ad000
[   45.866837] RPI5VC4: present #4288 moves=0 dirty=1 flip=3 idx=0 scan=441db000
[   45.871698] RPI5VC4: present #4352 moves=0 dirty=1 flip=3 idx=0 scan=441db000
[   45.897144] RPI5VC4: present #4416 moves=0 dirty=1 flip=3 idx=2 scan=451ad000
[   45.901945] RPI5VC4: present #4480 moves=0 dirty=1 flip=3 idx=2 scan=451ad000
[   45.924916] RPI5VC4: present #4544 moves=0 dirty=1 flip=3 idx=0 scan=441db000
[   45.929719] RPI5VC4: present #4608 moves=0 dirty=1 flip=3 idx=0 scan=441db000
[   45.952785] RPI5VC4: present #4672 moves=0 dirty=1 flip=3 idx=1 scan=449c4000
[   45.970574] (\dll\ntdll\ldr\ldrinit.c:2244) WARN: Accepting different LOAD_CONFIG size!
[   46.097188] fixme:(\dll\win32\shdocvw\winlist.cpp:81) ()
[   46.113675] (\win32ss\gdi\ntgdi\dibobj.c:1335) GEARSDIB: dst=21x233 src=21x233 biWH=21x233 rop=00cc0020 surf=21x233 org=0,0
[   46.148131] fixme:(\dll\win32\comctl32\toolbar.c:403) [00000000000200B2] TBSTYLE_REGISTERDROP not implemented
[   46.213941] RPI5VC4: present #4736 moves=0 dirty=1 flip=3 idx=1 scan=449c4000
[   46.239092] WARNING:  NtNotifyChangeMultipleKeys at \ntoskrnl\config\ntapi.c:1470 is UNIMPLEMENTED!
[   46.239200] (\win32ss\user\ntuser\desktop.c:1551) err: UMWP calling IDWP
[   46.245283] err:(\dll\win32\mmdevapi\devenum.c:1309) RegNotifyChangeKeyValue failed: 1
[   46.251934] (\win32ss\user\ntuser\desktop.c:1551) err: UMWP calling IDWP
[   46.420730] fixme:(\dll\win32\shell32\shlexec.cpp:2350) flags ignored: 0x00000100
[   46.475441] fixme:(\dll\win32\setupapi\install.c:1494) default path of the installation not changed
[   46.557455] err:(\dll\win32\setupapi\queue.c:1215) Unsupported style(s) 0x104
[   46.675217] fixme:(\dll\win32\advpack\reg.c:197) SYS_MOD_PATH needs more work
[   47.046742] RPI5VC4: present #4800 moves=0 dirty=1 flip=3 idx=2 scan=451ad000
[   47.051531] RPI5VC4: present #4864 moves=0 dirty=1 flip=3 idx=2 scan=451ad000
[   47.089504] (\win32ss\user\ntuser\winpos.c:1449) err: Window is HWND_BOTTOM hwnd 0000000000000001
[   47.403263] (\dll\ntdll\ldr\ldrinit.c:2244) WARN: Accepting different LOAD_CONFIG size!
[   47.500475] (\dll\ntdll\rtl\libsupp.c:1173) ApiSetResolveToHost redirected api-ms-win-crt-private-l1-1-0.dll to C:\ReactOS\System32\ucrtbase.dll
[   47.521445] (\dll\ntdll\rtl\libsupp.c:1173) ApiSetResolveToHost redirected api-ms-win-crt-stdio-l1-1-0.dll to C:\ReactOS\System32\ucrtbase.dll
[   47.531405] (\dll\ntdll\rtl\libsupp.c:1173) ApiSetResolveToHost redirected api-ms-win-crt-string-l1-1-0.dll to C:\ReactOS\System32\ucrtbase.dll
[   47.548021] (\dll\ntdll\rtl\libsupp.c:1173) ApiSetResolveToHost redirected api-ms-win-crt-runtime-l1-1-0.dll to C:\ReactOS\System32\ucrtbase.dll
[   47.558175] (\dll\ntdll\rtl\libsupp.c:1173) ApiSetResolveToHost redirected api-ms-win-crt-locale-l1-1-0.dll to C:\ReactOS\System32\ucrtbase.dll
[   47.571091] (\dll\ntdll\rtl\libsupp.c:1173) ApiSetResolveToHost redirected api-ms-win-crt-math-l1-1-0.dll to C:\ReactOS\System32\ucrtbase.dll
[   47.583709] (\dll\ntdll\rtl\libsupp.c:1173) ApiSetResolveToHost redirected api-ms-win-crt-heap-l1-1-0.dll to C:\ReactOS\System32\ucrtbase.dll
[   47.596718] (\dll\ntdll\rtl\libsupp.c:1173) ApiSetResolveToHost redirected api-ms-win-crt-convert-l1-1-0.dll to C:\ReactOS\System32\ucrtbase.dll
[   47.609635] (\dll\ntdll\rtl\libsupp.c:1173) ApiSetResolveToHost redirected api-ms-win-crt-environment-l1-1-0.dll to C:\ReactOS\System32\ucrtbase.dll
[   47.669958] (\dll\ntdll\rtl\libsupp.c:1173) ApiSetResolveToHost redirected api-ms-win-core-localization-l1-2-1 to C:\ReactOS\System32\kernel32.dll
[   47.700285] err:(\dll\opengl\opengl32\icdload.c:122) Overriding the default OGL ICD with MesaV3D
[   47.783653] (\dll\ntdll\rtl\libsupp.c:1173) ApiSetResolveToHost redirected api-ms-win-core-synch-l1-2-0.dll to C:\ReactOS\System32\kernel32.dll
[   47.794091] (\dll\ntdll\rtl\libsupp.c:1173) ApiSetResolveToHost redirected api-ms-win-crt-utility-l1-1-0.dll to C:\ReactOS\System32\ucrtbase.dll
[   47.806621] (\dll\ntdll\rtl\libsupp.c:1173) ApiSetResolveToHost redirected api-ms-win-crt-filesystem-l1-1-0.dll to C:\ReactOS\System32\ucrtbase.dll
[   47.874496] MESA: error: WGL: trying gallium driver [0] 'v3d'
[   47.877538] (\drivers\directx\dxgkrnl\d3dkmt.c:3028) DxgkCreatePagingQueue: RETURN hPagingQueue=0x51474151
[   47.899100] MESA: error: v3dv-reactos: rpi5vc4 adapter open pq=0x51474151, V3D 7.1 ready=1 slab=64MB
[   47.921885] v3dwgl: v3d screen created, wrapper installed
[   47.946920] MESA: error: WGL: gallium driver 'v3d' screen created
[   48.114981] MESA: error: STW: screen 'V3D 7.1.10.2' ready, pixelformats=360
[   48.119068] OPENGL32: ICD MesaV3D formats=360 for hdc 000000004701016B
[   48.127072] OPENGL32: C:\ReactOS\bin\gears.exe renders with the HARDWARE ICD
[   48.147285] (\drivers\directx\dxgkrnl\d3dkmt.c:3488) D3DKMT CREATEALLOC #3 enter
[   48.151809] (\drivers\directx\dxgkrnl\d3dkmt.c:3491) D3DKMT CREATEALLOC #3 exit 0x00000000
[   48.160058] (\drivers\directx\dxgkrnl\d3dkmt.c:3878) D3DKMT MAP: ioctl reached hAlloc=0x4d4d414f pages=2 ctx=0000000000000000
[   48.171321] (\drivers\directx\dxgkrnl\d3dkmt.c:3921) D3DKMT MAP exit hAlloc=0x4d4d414f va=401e0000
[   48.180311] (\drivers\directx\dxgkrnl\d3dkmt.c:3524) D3DKMT LOCK #2 enter hAlloc=0x4d4d414f
[   48.189177] (\drivers\directx\dxgkrnl\vidmm.c:3077) VidMm usermap #2 h=0x4D4D414F va=0000000042D10000 resident=1 seg=1 pa=401e0000 cache=2
[   48.200996] (\drivers\directx\dxgkrnl\d3dkmt.c:3570) D3DKMT LOCK #2 exit va=0000000042D10000
[   48.257410] (\drivers\directx\dxgkrnl\d3dkmt.c:3488) D3DKMT CREATEALLOC #4 enter
[   48.261936] (\drivers\directx\dxgkrnl\d3dkmt.c:3491) D3DKMT CREATEALLOC #4 exit 0x00000000
[   48.270178] (\drivers\directx\dxgkrnl\d3dkmt.c:3878) D3DKMT MAP: ioctl reached hAlloc=0x4d4d4148 pages=96 ctx=0000000000000000
[   48.281533] (\drivers\directx\dxgkrnl\d3dkmt.c:3921) D3DKMT MAP exit hAlloc=0x4d4d4148 va=401e2000
[   48.290645] (\drivers\directx\dxgkrnl\d3dkmt.c:3488) D3DKMT CREATEALLOC #5 enter
[   48.297849] (\drivers\directx\dxgkrnl\d3dkmt.c:3491) D3DKMT CREATEALLOC #5 exit 0x00000000
[   48.306094] (\drivers\directx\dxgkrnl\d3dkmt.c:3878) D3DKMT MAP: ioctl reached hAlloc=0x4d4d4149 pages=48 ctx=0000000000000000
[   48.317452] (\drivers\directx\dxgkrnl\d3dkmt.c:3921) D3DKMT MAP exit hAlloc=0x4d4d4149 va=40242000
[   48.398249] GL_RENDERER   = V3D 7.1.10.2
[   48.399425] GL_VERSION    = 3.1 Mesa 26.2.0-devel (git-3bbd7a1d03)
[   48.406674] GL_VENDOR     = Broadcom
[   48.411983] GL_EXTENSIONS = GL_ARB_multisample GL_EXT_abgr GL_EXT_bgra GL_EXT_blend_color GL_EXT_blend_minmax GL_EXT_blend_subtract GL_EXT_copy_texture GL_EXT_subtexture GL_EXT_texture_object GL_EXT_vertex_array GL_EXT_compiled_vertex_array GL_EXT_texture GL_EXT_texture3D GL_IBM_rasterpos_clip GL_ARB_point_parameters GL_EXT_draw_range_elements GL_EXT_packed_pixels GL_EXT_point_parameters GL_EXT_rescale_normal GL_EXT_separate_specular_color GL_EXT_texture_edge_clamp GL_SGIS_generate_mipmap GL_SGIS_texture[   48.453561]  GL_SGIS_texture_edge_clamp GL_SGIS_texture_lod GL_ARB_framebuffer_sRGB GL_ARB_multitexture GL_EXT_framebuffer_sRGB GL_IBM_multimode_draw_arrays GL_IBM_texture_mirrored_repeat GL_ARB_texture_cube_map GL_ARB_texture_env_add GL_ARB_transpose_matrix GL_EXT_blend_func_separate GL_EXT_fog_coord GL_EXT_multi_draw_arrays GL_EXT_secondary_color GL_EXT_texture_env_add GL_EXT_texture_filter_anisotropic GL_EXT_texture_lod_bias GL_INGR_blend_func_separate GL_NV_blend_square GL_NV_light_max_exponent GL_NV[   48.497977] ction GL_NV_texture_env_combine4 GL_S3_s3tc GL_SUN_multi_draw_arrays GL_ARB_texture_border_clamp GL_ARB_texture_compression GL_EXT_framebuffer_object GL_EXT_texture_compression_s3tc GL_EXT_texture_env_combine GL_EXT_texture_env_dot3 GL_MESA_window_pos GL_NV_packed_depth_stencil GL_NV_texture_rectangle GL_ARB_depth_texture GL_ARB_occlusion_query GL_ARB_shadow GL_ARB_texture_env_combine GL_ARB_texture_env_crossbar GL_ARB_texture_env_dot3 GL_ARB_texture_mirrored_repeat GL_ARB_window_pos GL_ATI_f[   48.542400] r GL_EXT_stencil_two_side GL_EXT_texture_cube_map GL_NV_depth_clamp GL_NV_fog_distance GL_NV_half_float GL_APPLE_packed_pixels GL_ARB_draw_buffers GL_ARB_fragment_program GL_ARB_fragment_shader GL_ARB_shader_objects GL_ARB_vertex_program GL_ARB_vertex_shader GL_ATI_draw_buffers GL_ATI_texture_env_combine3 GL_ATI_texture_float GL_EXT_shadow_funcs GL_EXT_stencil_wrap GL_MESA_pack_invert GL_NV_primitive_restart GL_ARB_depth_clamp GL_ARB_fragment_program_shadow GL_ARB_half_float_pixel GL_ARB_occl[   48.586815] GL_ARB_[   48.609615] (\drivers\directx\dxgkrnl\d3dkmt.c:3488) D3DKMT CREATEALLOC #6 enter
[   48.614139] (\drivers\directx\dxgkrnl\d3dkmt.c:3491) D3DKMT CREATEALLOC #6 exit 0x00000000
[   48.622451] (\drivers\directx\dxgkrnl\d3dkmt.c:3878) D3DKMT MAP: ioctl reached hAlloc=0x4d4d414a pages=257 ctx=0000000000000000
[   48.633827] (\drivers\directx\dxgkrnl\d3dkmt.c:3921) D3DKMT MAP exit hAlloc=0x4d4d414a va=40272000
[   48.642832] (\drivers\directx\dxgkrnl\d3dkmt.c:3524) D3DKMT LOCK #3 enter hAlloc=0x4d4d414a
[   48.651782] (\drivers\directx\dxgkrnl\vidmm.c:3077) VidMm usermap #3 h=0x4D4D414A va=0000000043000000 resident=1 seg=1 pa=40272000 cache=2
[   48.663498] (\drivers\directx\dxgkrnl\d3dkmt.c:3570) D3DKMT LOCK #3 exit va=0000000043000000
[   48.687650] (\drivers\directx\dxgkrnl\d3dkmt.c:3488) D3DKMT CREATEALLOC #7 enter
[   48.692170] (\drivers\directx\dxgkrnl\d3dkmt.c:3491) D3DKMT CREATEALLOC #7 exit 0x00000000
[   48.700415] (\drivers\directx\dxgkrnl\d3dkmt.c:3878) D3DKMT MAP: ioctl reached hAlloc=0x4d4d414b pages=1 ctx=0000000000000000
[   48.711683] (\drivers\directx\dxgkrnl\d3dkmt.c:3921) D3DKMT MAP exit hAlloc=0x4d4d414b va=40373000
[   48.720666] (\drivers\directx\dxgkrnl\d3dkmt.c:3524) D3DKMT LOCK #4 enter hAlloc=0x4d4d414b
[   48.729321] (\drivers\directx\dxgkrnl\vidmm.c:3077) VidMm usermap #4 h=0x4D4D414B va=0000000043110000 resident=1 seg=1 pa=40373000 cache=2
[   48.741357] (\drivers\directx\dxgkrnl\d3dkmt.c:3570) D3DKMT LOCK #4 exit va=0000000043110000
[   48.749850] (\sdk\lib\rtl\heap.c:2995) Realloc in place failed, but it was the only option
[   48.758024] (\sdk\lib\rtl\heap.c:2995) Realloc in place failed, but it was the only option
[   48.772106] (\drivers\directx\dxgkrnl\d3dkmt.c:3488) D3DKMT CREATEALLOC #8 enter
[   48.776626] (\drivers\directx\dxgkrnl\d3dkmt.c:3491) D3DKMT CREATEALLOC #8 exit 0x00000000
[   48.784870] (\drivers\directx\dxgkrnl\d3dkmt.c:3878) D3DKMT MAP: ioctl reached hAlloc=0x4d4d4144 pages=129 ctx=0000000000000000
[   48.796312] (\drivers\directx\dxgkrnl\d3dkmt.c:3921) D3DKMT MAP exit hAlloc=0x4d4d4144 va=40374000
[   48.805259] (\drivers\directx\dxgkrnl\d3dkmt.c:3524) D3DKMT LOCK #5 enter hAlloc=0x4d4d4144
[   48.814058] (\drivers\directx\dxgkrnl\vidmm.c:3077) VidMm usermap #5 h=0x4D4D4144 va=0000000043120000 resident=1 seg=1 pa=40374000 cache=2
[   48.825986] (\drivers\directx\dxgkrnl\d3dkmt.c:3570) D3DKMT LOCK #5 exit va=0000000043120000
[   48.864232] (\sdk\lib\rtl\heap.c:2995) Realloc in place failed, but it was the only option
[   48.869865] (\sdk\lib\rtl\heap.c:2995) Realloc in place failed, but it was the only option
[   48.927394] (\drivers\directx\dxgkrnl\d3dkmt.c:3878) D3DKMT MAP: ioctl reached hAlloc=0x4d4d4145 pages=1 ctx=0000000000000000
[   48.935814] (\drivers\directx\dxgkrnl\d3dkmt.c:3921) D3DKMT MAP exit hAlloc=0x4d4d4145 va=403f5000
[   48.944760] (\drivers\directx\dxgkrnl\d3dkmt.c:3524) D3DKMT LOCK #6 enter hAlloc=0x4d4d4145
[   48.953466] (\drivers\directx\dxgkrnl\vidmm.c:3077) VidMm usermap #6 h=0x4D4D4145 va=00000000431C0000 resident=1 seg=1 pa=403f5000 cache=2
[   48.965486] (\drivers\directx\dxgkrnl\d3dkmt.c:3570) D3DKMT LOCK #6 exit va=00000000431C0000
[   48.974495] (\sdk\lib\rtl\heap.c:2995) Realloc in place failed, but it was the only option
[   48.991998] (\drivers\directx\dxgkrnl\d3dkmt.c:3878) D3DKMT MAP: ioctl reached hAlloc=0x4d4d4146 pages=2 ctx=0000000000000000
[   49.000416] (\drivers\directx\dxgkrnl\d3dkmt.c:3921) D3DKMT MAP exit hAlloc=0x4d4d4146 va=403f6000
[   49.009361] (\drivers\directx\dxgkrnl\d3dkmt.c:3524) D3DKMT LOCK #7 enter hAlloc=0x4d4d4146
[   49.018057] (\drivers\directx\dxgkrnl\vidmm.c:3077) VidMm usermap #7 h=0x4D4D4146 va=00000000433D0000 resident=1 seg=1 pa=403f6000 cache=2
[   49.030092] (\drivers\directx\dxgkrnl\d3dkmt.c:3570) D3DKMT LOCK #7 exit va=00000000433D0000
[   49.038637] (\drivers\directx\dxgkrnl\d3dkmt.c:3921) D3DKMT MAP exit hAlloc=0x4d4d4147 va=403f8000
[   49.047466] (\drivers\directx\dxgkrnl\d3dkmt.c:3921) D3DKMT MAP exit hAlloc=0x4d4d4140 va=40400000
[   49.056398] (\drivers\directx\dxgkrnl\d3dkmt.c:3921) D3DKMT MAP exit hAlloc=0x4d4d4141 va=40402000
[   49.065321] (\drivers\directx\dxgkrnl\d3dkmt.c:3524) D3DKMT LOCK #8 enter hAlloc=0x4d4d4141
[   49.074015] (\drivers\directx\dxgkrnl\vidmm.c:3077) VidMm usermap #8 h=0x4D4D4141 va=00000000433E0000 resident=1 seg=1 pa=40402000 cache=2
[   49.086050] (\drivers\directx\dxgkrnl\d3dkmt.c:3570) D3DKMT LOCK #8 exit va=00000000433E0000
[   49.094567] (\drivers\directx\rpi5vc4\rpi5vc4_wddm.c:295) RPI5VC4: CL kick fence=2 bcl=01198000..011981c0 rcl=01227000..012270a8 qma=0121d000 qms=8000 qts=01225000
[   49.109255] (\drivers\directx\dxgkrnl\d3dkmt.c:3921) D3DKMT MAP exit hAlloc=0x4d4d4142 va=40403000
[   49.118257] (\drivers\directx\dxgkrnl\vidsch.c:284) VidSch nokick #1 state=1
[   49.125497] (\drivers\directx\dxgkrnl\vidmm.c:3077) VidMm usermap #9 h=0x4D4D4148 va=00000000433F0000 resident=1 seg=1 pa=401e2000 cache=2
[   49.132671] RPI5VC4: present #4928 moves=0 dirty=1 flip=3 idx=1 scan=449c4000
[   49.140498] (\win32ss\gdi\ntgdi\dibobj.c:1335) GEARSDIB: dst=300x300 src=300x300 biWH=300x-300 rop=00cc0020 surf=1920x1080 org=224,243
[   49.164698] (\drivers\directx\dxgkrnl\vidsch.c:284) VidSch nokick #2 state=1
[   49.169628] (\drivers\directx\dxgkrnl\vidmm.c:3077) VidMm usermap #10 h=0x4D4D4142 va=0000000043450000 resident=1 seg=1 pa=40403000 cache=2
[   49.183545] (\win32ss\gdi\ntgdi\dibobj.c:1335) GEARSDIB: dst=300x300 src=300x300 biWH=300x-300 rop=00cc0020 surf=308x327 org=4,23
[   49.195388] (\drivers\directx\dxgkrnl\vidsch.c:284) VidSch nokick #3 state=1
[   49.202220] (\win32ss\gdi\ntgdi\dibobj.c:1335) GEARSDIB: dst=300x300 src=300x300 biWH=300x-300 rop=00cc0020 surf=308x327 org=4,23
[   49.214066] (\drivers\directx\dxgkrnl\vidsch.c:284) VidSch nokick #4 state=1
[   49.220870] (\win32ss\gdi\ntgdi\dibobj.c:1335) GEARSDIB: dst=300x300 src=300x300 biWH=300x-300 rop=00cc0020 surf=308x327 org=4,23
[   49.232684] (\drivers\directx\dxgkrnl\vidsch.c:284) VidSch nokick #5 state=1
[   49.239516] (\win32ss\gdi\ntgdi\dibobj.c:1335) GEARSDIB: dst=300x300 src=300x300 biWH=300x-300 rop=00cc0020 surf=308x327 org=4,23
[   49.251311] (\drivers\directx\dxgkrnl\vidsch.c:284) VidSch nokick #6 state=1
[   49.258180] (\win32ss\gdi\ntgdi\dibobj.c:1335) GEARSDIB: dst=300x300 src=300x300 biWH=300x-300 rop=00cc0020 surf=308x327 org=4,23
[   49.270027] (\drivers\directx\dxgkrnl\vidsch.c:284) VidSch nokick #7 state=1
[   49.276834] (\win32ss\gdi\ntgdi\dibobj.c:1335) GEARSDIB: dst=300x300 src=300x300 biWH=300x-300 rop=00cc0020 surf=308x327 org=4,23
[   49.288655] (\drivers\directx\dxgkrnl\vidsch.c:284) VidSch nokick #8 state=1
[   49.297010] (\drivers\directx\dxgkrnl\vidsch.c:284) VidSch nokick #9 state=1
[   49.305801] (\drivers\directx\dxgkrnl\vidsch.c:284) VidSch nokick #10 state=1
[   49.313781] (\drivers\directx\dxgkrnl\vidsch.c:284) VidSch nokick #11 state=1
[   49.322641] (\drivers\directx\dxgkrnl\vidsch.c:284) VidSch nokick #12 state=1
[   49.330605] (\drivers\directx\dxgkrnl\vidsch.c:284) VidSch nokick #13 state=1
[   49.339441] (\drivers\directx\dxgkrnl\vidsch.c:284) VidSch nokick #14 state=1
[   49.347395] (\drivers\directx\dxgkrnl\vidsch.c:284) VidSch nokick #15 state=1
[   49.356227] (\drivers\directx\dxgkrnl\vidsch.c:284) VidSch nokick #16 state=1
[   49.393919] (\drivers\directx\rpi5vc4\rpi5vc4_wddm.c:479) RPI5VC4: V3D job fence=2 timed out — completing (TDR) BFC=00000000 RFC=00000000 CT1CS=00000000 CT1CA=00000000 QMA=0121d000 QMS=00008000 BPOA=00000000 INT_STS=00000000
[   49.411107] (\drivers\directx\rpi5vc4\rpi5vc4_wddm.c:489) RPI5VC4: TDR CT0CS=00000010 CT0CA=011981c0 CT0EA=011981c0 CT1CS=00000000 CT1CA=00000000 INT_STS=00000000
[   49.425594] (\drivers\directx\rpi5vc4\rpi5vc4_wddm.c:501) RPI5VC4: TDR isr=0 MMU_CTL=04090801 VIO_ADDR=00000000 bin=1/0 rend=0 bcl=01198000..011981c0
[   49.438955] (\drivers\directx\rpi5vc4\rpi5vc4_wddm.c:526) RPI5VC4: TDR L2TCACTL=00000000 PCS=00000001 BFC=00000000 RFC=00000000 CT0SYNC=00000000 CT1SYNC=00000000
[   49.453358] (\drivers\directx\rpi5vc4\rpi5vc4_wddm.c:543) RPI5VC4: TDR QMA bytes 38 42 47 44 40 62 b1 21 01 53 00 56 00 00 00 00
[   49.464897] (\drivers\directx\rpi5vc4\rpi5vc4_wddm.c:553) RPI5VC4: TDR CT1CFG=00000000 TILECT=00000000 PTCT=00000000 RA0=00000000/00000000 BPCA=01220000 BPCS=00005000
[   49.479735] (\drivers\directx\rpi5vc4\rpi5vc4_wddm.c:582) RPI5VC4: TDR RCL head 79 00 2c 01 2c 01 00 b1 01 79 02 00 7c 40 00 00
[   49.491188] (\drivers\directx\rpi5vc4\rpi5vc4_wddm.c:608) RPI5VC4: TDR BCL+0c0 00 00 00 3f 00 00 00 00 01 00 00 00 02 00 00 00
[   49.502551] (\drivers\directx\rpi5vc4\rpi5vc4_wddm.c:608) RPI5VC4: TDR BCL+0d0 03 00 00 00 00 00 00 00 01 00 00 00 02 00 00 00
[   49.513918] (\drivers\directx\rpi5vc4\rpi5vc4_wddm.c:608) RPI5VC4: TDR BCL+0e0 a8 52 36 40 29 3b 83 40 2b 78 79 3d ea 16 53 3d
[   49.525283] (\drivers\directx\rpi5vc4\rpi5vc4_wddm.c:608) RPI5VC4: TDR BCL+0f0 d6 b4 50 c0 9f 9e 1c 40 8e 21 2f bf 16 30 14 bf
[   49.536649] (\drivers\directx\rpi5vc4\rpi5vc4_wddm.c:608) RPI5VC4: TDR BCL+100 03 00 00 00 00 00 20 40 19 91 bd bf f5 35 76 bf
[   49.548015] (\drivers\directx\rpi5vc4\rpi5vc4_wddm.c:608) RPI5VC4: TDR BCL+110 0b 55 50 bf 99 d8 4f c1 ac 64 3f c1 60 06 0e 42
[   49.559381] (\drivers\directx\rpi5vc4\rpi5vc4_wddm.c:608) RPI5VC4: TDR BCL+120 17 19 1d 42 00 00 16 46 00 00 16 c6 00 00 00 00
[   49.570747] (\drivers\directx\rpi5vc4\rpi5vc4_wddm.c:616) RPI5VC4: TDR BCL head 00 00 00 00 00 00 00 00 00 00 00 00 00 00 80 3f
[   49.582200] (\drivers\directx\rpi5vc4\rpi5vc4_wddm.c:622) RPI5VC4: TDR BCL tail 00 00 80 3f 00 00 00 00 02 00 00 00 0b d7 23 3e
[   49.593652] (\drivers\directx\rpi5vc4\rpi5vc4_wddm.c:631) RPI5VC4: TDR ERR_STAT=00001000 dpcIsr=0 isr=0 msk=ffff0038 hubmsk=000000fd
[   49.605538] (\drivers\directx\rpi5vc4\rpi5vc4_wddm.c:668) RPI5VC4: TDR SMS TEE_CS=00000250 REE_CS=00000200
[   49.615851] (\drivers\directx\rpi5vc4\rpi5vc4_v3d.c:323) RPI5VC4: reset ERR_STAT after clear=00001000
[   49.624365] (\drivers\directx\rpi5vc4\rpi5vc4_wddm.c:672) RPI5VC4: TDR resetting V3D core: ok
[   49.632889] (\drivers\directx\rpi5vc4\rpi5vc4_wddm.c:295) RPI5VC4: CL kick fence=3 bcl=0121a000..0121a1c0 rcl=01227000..012270a8 qma=0121d000 qms=8000 qts=01225000
[   49.662662] MESA: error: v3d: 512 draws: shaders=27064us total=122935us
[   49.845536] MESA: error: v3d: 512 draws: shaders=29485us total=313150us
[   49.946835] (\drivers\directx\rpi5vc4\rpi5vc4_wddm.c:479) RPI5VC4: V3D job fence=3 timed out — completing (TDR) BFC=00000000 RFC=00000000 CT1CS=00000000 CT1CA=00000000 QMA=0121d000 QMS=00008000 BPOA=00000000 INT_STS=003f0000
[   49.964028] (\drivers\directx\rpi5vc4\rpi5vc4_wddm.c:489) RPI5VC4: TDR CT0CS=00000020 CT0CA=0121a08a CT0EA=0121a1c0 CT1CS=00000000 CT1CA=00000000 INT_STS=003f0000
[   49.978513] (\drivers\directx\rpi5vc4\rpi5vc4_wddm.c:501) RPI5VC4: TDR isr=0 MMU_CTL=04190801 VIO_ADDR=01000010 bin=1/0 rend=0 bcl=0121a000..0121a1c0
[   49.991875] (\drivers\directx\rpi5vc4\rpi5vc4_wddm.c:516) RPI5VC4: TDR @VIO 00 00 19 0d 00 00 00 00 00 00 00 00 00 00 00 00 | 00 00 00 00 00 00 00 00 00 00 00 00 00 00 00 00
[   50.007318] (\drivers\directx\rpi5vc4\rpi5vc4_wddm.c:526) RPI5VC4: TDR L2TCACTL=00000000 PCS=00000001 BFC=00000000 RFC=00000000 CT0SYNC=00000000 CT1SYNC=00000000
[   50.021721] (\drivers\directx\rpi5vc4\rpi5vc4_wddm.c:543) RPI5VC4: TDR QMA bytes 38 42 47 44 40 62 b1 21 01 53 00 56 00 00 00 00
[   50.033260] (\drivers\directx\rpi5vc4\rpi5vc4_wddm.c:553) RPI5VC4: TDR CT1CFG=00000000 TILECT=00000000 PTCT=00000000 RA0=00000000/00000000 BPCA=01220000 BPCS=00005000
[   50.048096] (\drivers\directx\rpi5vc4\rpi5vc4_wddm.c:582) RPI5VC4: TDR RCL head 79 00 2c 01 2c 01 00 b1 01 79 02 00 7c 40 00 00
[   50.051262] MESA: error: v3d: 512 draws: shaders=31820us total=327909us
[   50.059550] (\drivers\directx\rpi5vc4\rpi5vc4_wddm.c:608) RPI5VC4: TDR BCL+0c0 58 47 44 40 02 86 19 01 2c 00 70 09 01 00 10 10
[   50.077509] (\drivers\directx\rpi5vc4\rpi5vc4_wddm.c:608) RPI5VC4: TDR BCL+0d0 03 00 00 00 00 00 00 00 01 00 00 00 02 00 00 00
[   50.088875] (\drivers\directx\rpi5vc4\rpi5vc4_wddm.c:608) RPI5VC4: TDR BCL+0e0 63 58 47 44 40 a1 87 19 01 2c 00 70 09 01 00 10
[   50.100241] (\drivers\directx\rpi5vc4\rpi5vc4_wddm.c:608) RPI5VC4: TDR BCL+0f0 10 00 20 84 b4 00 00 00 c0 33 00 00 47 44 40 21
[   50.111607] (\drivers\directx\rpi5vc4\rpi5vc4_wddm.c:608) RPI5VC4: TDR BCL+100 89 19 01 2c 00 70 09 01 00 10 10 00 20 84 b4 00
[   50.122972] (\drivers\directx\rpi5vc4\rpi5vc4_wddm.c:608) RPI5VC4: TDR BCL+110 00 00 00 39 00 00 47 44 40 a2 8a 19 01 2c 00 70
[   50.134338] (\drivers\directx\rpi5vc4\rpi5vc4_wddm.c:608) RPI5VC4: TDR BCL+120 09 01 00 10 10 00 20 84 f0 00 00 00 80 43 00 00
[   50.145705] (\drivers\directx\rpi5vc4\rpi5vc4_wddm.c:616) RPI5VC4: TDR BCL head 77 00 78 04 1b 00 00 2b 01 2b 01 13 5c 00 00 00
[   50.157157] (\drivers\directx\rpi5vc4\rpi5vc4_wddm.c:622) RPI5VC4: TDR BCL tail 01 00 10 10 00 20 84 3c 00 00 00 40 62 00 00 04
[   50.168611] (\drivers\directx\rpi5vc4\rpi5vc4_wddm.c:631) RPI5VC4: TDR ERR_STAT=00001000 dpcIsr=0 isr=0 msk=ffff0038 hubmsk=000000ff
[   50.180495] (\drivers\directx\rpi5vc4\rpi5vc4_wddm.c:668) RPI5VC4: TDR SMS TEE_CS=00000250 REE_CS=00000200
[   50.191081] (\drivers\directx\rpi5vc4\rpi5vc4_v3d.c:323) RPI5VC4: reset ERR_STAT after clear=00001000
[   50.199323] (\drivers\directx\rpi5vc4\rpi5vc4_wddm.c:672) RPI5VC4: TDR resetting V3D core: ok
[   50.207856] (\drivers\directx\rpi5vc4\rpi5vc4_wddm.c:295) RPI5VC4: CL kick fence=4 bcl=01198000..011981c0 rcl=01227000..012270a8 qma=0121d000 qms=8000 qts=01225000
[   50.303070] MESA: error: v3d: 512 draws: shaders=34200us total=353994us
[   50.492840] MESA: error: v3d: 512 draws: shaders=36577us total=368774us
[   50.522185] RPI5VC4: present #4992 moves=0 dirty=1 flip=3 idx=0 scan=441db000
[   50.528456] (\drivers\directx\rpi5vc4\rpi5vc4_wddm.c:479) RPI5VC4: V3D job fence=4 timed out — completing (TDR) BFC=00000000 RFC=00000000 CT1CS=00000000 CT1CA=00000000 QMA=0121d000 QMS=00008000 BPOA=00000000 INT_STS=00000000
[   50.546487] (\drivers\directx\rpi5vc4\rpi5vc4_wddm.c:489) RPI5VC4: TDR CT0CS=00000010 CT0CA=01198045 CT0EA=011981c0 CT1CS=00000000 CT1CA=00000000 INT_STS=00000000
[   50.560972] (\drivers\directx\rpi5vc4\rpi5vc4_wddm.c:501) RPI5VC4: TDR isr=0 MMU_CTL=04090801 VIO_ADDR=00000000 bin=1/0 rend=0 bcl=01198000..011981c0
[   50.574334] (\drivers\directx\rpi5vc4\rpi5vc4_wddm.c:526) RPI5VC4: TDR L2TCACTL=00000000 PCS=00000001 BFC=00000000 RFC=00000000 CT0SYNC=00000000 CT1SYNC=00000000
[   50.588737] (\drivers\directx\rpi5vc4\rpi5vc4_wddm.c:543) RPI5VC4: TDR QMA bytes 38 42 47 44 40 62 b1 21 01 53 00 56 00 00 00 00
[   50.600276] (\drivers\directx\rpi5vc4\rpi5vc4_wddm.c:553) RPI5VC4: TDR CT1CFG=00000000 TILECT=00000000 PTCT=00000000 RA0=00000000/00000000 BPCA=01220000 BPCS=00005000
[   50.615112] (\drivers\directx\rpi5vc4\rpi5vc4_wddm.c:582) RPI5VC4: TDR RCL head 79 00 2c 01 2c 01 00 b1 01 79 02 00 7c 40 00 00
[   50.626565] (\drivers\directx\rpi5vc4\rpi5vc4_wddm.c:608) RPI5VC4: TDR BCL+0c0 58 47 44 40 02 a6 21 01 2c 00 70 09 01 00 10 10
[   50.637931] (\drivers\directx\rpi5vc4\rpi5vc4_wddm.c:608) RPI5VC4: TDR BCL+0d0 00 20 84 78 00 00 00 70 2f 00 00 62 40 0f 00 00
[   50.649297] (\drivers\directx\rpi5vc4\rpi5vc4_wddm.c:608) RPI5VC4: TDR BCL+0e0 63 58 47 44 40 a1 a7 21 01 2c 00 70 09 01 00 10
[   50.660662] (\drivers\directx\rpi5vc4\rpi5vc4_wddm.c:608) RPI5VC4: TDR BCL+0f0 10 00 20 84 b4 00 00 00 c0 33 00 00 47 44 40 21
[   50.672029] (\drivers\directx\rpi5vc4\rpi5vc4_wddm.c:608) RPI5VC4: TDR BCL+100 03 00 00 00 00 00 20 40 19 91 bd bf f5 35 76 bf
[   50.683395] (\drivers\directx\rpi5vc4\rpi5vc4_wddm.c:608) RPI5VC4: TDR BCL+110 0b 55 50 bf 99 d8 4f c1 ac 64 3f c1 60 06 0e 42
[   50.694760] (\drivers\directx\rpi5vc4\rpi5vc4_wddm.c:608) RPI5VC4: TDR BCL+120 17 19 1d 42 00 00 16 46 00 00 16 c6 00 00 00 00
[   50.706127] (\drivers\directx\rpi5vc4\rpi5vc4_wddm.c:616) RPI5VC4: TDR BCL head 77 00 78 04 1b 00 00 2b 01 2b 01 13 5c 00 00 00
[   50.717579] (\drivers\directx\rpi5vc4\rpi5vc4_wddm.c:622) RPI5VC4: TDR BCL tail 00 00 80 3f 00 00 00 00 02 00 00 00 0b d7 23 3e
[   50.729032] (\drivers\directx\rpi5vc4\rpi5vc4_wddm.c:631) RPI5VC4: TDR ERR_STAT=00001000 dpcIsr=0 isr=0 msk=ffff0038 hubmsk=000000ff
[   50.740918] (\drivers\directx\rpi5vc4\rpi5vc4_wddm.c:668) RPI5VC4: TDR SMS TEE_CS=00000250 REE_CS=00000200
[   50.751230] (\drivers\directx\rpi5vc4\rpi5vc4_v3d.c:323) RPI5VC4: reset ERR_STAT after clear=00001000
[   50.759744] (\drivers\directx\rpi5vc4\rpi5vc4_wddm.c:672) RPI5VC4: TDR resetting V3D core: ok
[   50.768274] (\drivers\directx\rpi5vc4\rpi5vc4_wddm.c:295) RPI5VC4: CL kick fence=5 bcl=0121a000..0121a1c0 rcl=01227000..012270a8 qma=0121d000 qms=8000 qts=01225000
[   50.938956] MESA: error: v3d: 512 draws: shaders=38978us total=386155us
[   51.082234] (\drivers\directx\rpi5vc4\rpi5vc4_wddm.c:479) RPI5VC4: V3D job fence=5 timed out — completing (TDR) BFC=00000000 RFC=00000000 CT1CS=00000000 CT1CA=00000000 QMA=0121d000 QMS=00008000 BPOA=00000000 INT_STS=00000000
[   51.099423] (\drivers\directx\rpi5vc4\rpi5vc4_wddm.c:489) RPI5VC4: TDR CT0CS=00000010 CT0CA=0121a001 CT0EA=0121a1c0 CT1CS=00000000 CT1CA=00000000 INT_STS=00000000
[   51.113908] (\drivers\directx\rpi5vc4\rpi5vc4_wddm.c:501) RPI5VC4: TDR isr=0 MMU_CTL=04090801 VIO_ADDR=00000000 bin=1/0 rend=0 bcl=0121a000..0121a1c0
[   51.127272] (\drivers\directx\rpi5vc4\rpi5vc4_wddm.c:526) RPI5VC4: TDR L2TCACTL=00000000 PCS=00000000 BFC=00000000 RFC=00000000 CT0SYNC=00000000 CT1SYNC=00000000
[   51.141671] (\drivers\directx\rpi5vc4\rpi5vc4_wddm.c:543) RPI5VC4: TDR QMA bytes 38 42 47 44 40 62 b1 21 01 53 00 56 00 00 00 00
[   51.153212] (\drivers\directx\rpi5vc4\rpi5vc4_wddm.c:553) RPI5VC4: TDR CT1CFG=00000000 TILECT=00000000 PTCT=00000000 RA0=00000000/00000000 BPCA=00000000 BPCS=00000000
[   51.168048] (\drivers\directx\rpi5vc4\rpi5vc4_wddm.c:582) RPI5VC4: TDR RCL head 79 00 2c 01 2c 01 00 b1 01 79 02 00 7c 40 00 00
[   51.179500] (\drivers\directx\rpi5vc4\rpi5vc4_wddm.c:608) RPI5VC4: TDR BCL+0c0 58 47 44 40 02 86 19 01 2c 00 70 09 01 00 10 10
[   51.190866] (\drivers\directx\rpi5vc4\rpi5vc4_wddm.c:608) RPI5VC4: TDR BCL+0d0 00 20 84 78 00 00 00 70 2f 00 00 62 40 0f 00 00
[   51.202232] (\drivers\directx\rpi5vc4\rpi5vc4_wddm.c:608) RPI5VC4: TDR BCL+0e0 63 58 47 44 40 a1 87 19 01 2c 00 70 09 01 00 10
[   51.213598] (\drivers\directx\rpi5vc4\rpi5vc4_wddm.c:608) RPI5VC4: TDR BCL+0f0 10 00 20 84 b4 00 00 00 c0 33 00 00 47 44 40 21
[   51.224964] (\drivers\directx\rpi5vc4\rpi5vc4_wddm.c:608) RPI5VC4: TDR BCL+100 89 19 01 2c 00 70 09 01 00 10 10 00 20 84 b4 00
[   51.236330] (\drivers\directx\rpi5vc4\rpi5vc4_wddm.c:608) RPI5VC4: TDR BCL+110 00 00 00 39 00 00 47 44 40 a2 8a 19 01 2c 00 70
[   51.247696] (\drivers\directx\rpi5vc4\rpi5vc4_wddm.c:608) RPI5VC4: TDR BCL+120 09 01 00 10 10 00 20 84 f0 00 00 00 80 43 00 00
[   51.259062] (\drivers\directx\rpi5vc4\rpi5vc4_wddm.c:616) RPI5VC4: TDR BCL head 77 00 78 04 1b 00 00 2b 01 2b 01 13 5c 00 00 00
[   51.270514] (\drivers\directx\rpi5vc4\rpi5vc4_wddm.c:622) RPI5VC4: TDR BCL tail 00 00 80 3f 00 00 00 00 02 00 00 00 0b d7 23 3e
[   51.281967] (\drivers\directx\rpi5vc4\rpi5vc4_wddm.c:631) RPI5VC4: TDR ERR_STAT=00001000 dpcIsr=0 isr=0 msk=ffff0038 hubmsk=000000ff
[   51.293853] (\drivers\directx\rpi5vc4\rpi5vc4_wddm.c:668) RPI5VC4: TDR SMS TEE_CS=00000250 REE_CS=00000200
[   51.304165] (\drivers\directx\rpi5vc4\rpi5vc4_v3d.c:323) RPI5VC4: reset ERR_STAT after clear=00001000
[   51.312679] (\drivers\directx\rpi5vc4\rpi5vc4_wddm.c:672) RPI5VC4: TDR resetting V3D core: ok
[   51.321208] (\drivers\directx\rpi5vc4\rpi5vc4_wddm.c:295) RPI5VC4: CL kick fence=6 bcl=01198000..011981c0 rcl=01227000..012270a8 qma=0121d000 qms=8000 qts=01225000
[   51.349641] MESA: error: v3d: 512 draws: shaders=41291us total=400804us
[   51.551507] MESA: error: v3d: 512 draws: shaders=43676us total=633932us
[   51.635131] (\drivers\directx\rpi5vc4\rpi5vc4_wddm.c:479) RPI5VC4: V3D job fence=6 timed out — completing (TDR) BFC=00000000 RFC=00000000 CT1CS=00000000 CT1CA=00000000 QMA=0121d000 QMS=00008000 BPOA=00000000 INT_STS=00000000
[   51.652320] (\drivers\directx\rpi5vc4\rpi5vc4_wddm.c:489) RPI5VC4: TDR CT0CS=00000010 CT0CA=01198045 CT0EA=011981c0 CT1CS=00000000 CT1CA=00000000 INT_STS=00000000
[   51.666805] (\drivers\directx\rpi5vc4\rpi5vc4_wddm.c:501) RPI5VC4: TDR isr=0 MMU_CTL=04090801 VIO_ADDR=00000000 bin=1/0 rend=0 bcl=01198000..011981c0
[   51.680166] (\drivers\directx\rpi5vc4\rpi5vc4_wddm.c:526) RPI5VC4: TDR L2TCACTL=00000000 PCS=00000001 BFC=00000000 RFC=00000000 CT0SYNC=00000000 CT1SYNC=00000000
[   51.694569] (\drivers\directx\rpi5vc4\rpi5vc4_wddm.c:543) RPI5VC4: TDR QMA bytes 38 42 47 44 40 62 b1 21 01 53 00 56 00 00 00 00
[   51.706109] (\drivers\directx\rpi5vc4\rpi5vc4_wddm.c:553) RPI5VC4: TDR CT1CFG=00000000 TILECT=00000000 PTCT=00000000 RA0=00000000/00000000 BPCA=01220000 BPCS=00005000
[   51.720945] (\drivers\directx\rpi5vc4\rpi5vc4_wddm.c:582) RPI5VC4: TDR RCL head 79 00 2c 01 2c 01 00 b1 01 79 02 00 7c 40 00 00
[   51.732398] (\drivers\directx\rpi5vc4\rpi5vc4_wddm.c:608) RPI5VC4: TDR BCL+0c0 58 47 44 40 02 a6 21 01 2c 00 70 09 01 00 10 10
[   51.743764] (\drivers\directx\rpi5vc4\rpi5vc4_wddm.c:608) RPI5VC4: TDR BCL+0d0 00 20 84 78 00 00 00 70 2f 00 00 62 40 0f 00 00
[   51.755129] (\drivers\directx\rpi5vc4\rpi5vc4_wddm.c:608) RPI5VC4: TDR BCL+0e0 01 7b 63 c0 e4 a9 58 c0 8b 55 66 be ec e5 42 be
[   51.757785] MESA: error: v3d: 512 draws: shaders=45927us total=664378us
[   51.766497] (\drivers\directx\rpi5vc4\rpi5vc4_wddm.c:608) RPI5VC4: TDR BCL+0f0 bc 47 1e 40 71 93 57 c0 79 20 26 3f a2 91 0c 3f
[   51.784455] (\drivers\directx\rpi5vc4\rpi5vc4_wddm.c:608) RPI5VC4: TDR BCL+100 03 00 00 00 00 00 20 40 19 91 bd bf f5 35 76 bf
[   51.795821] (\drivers\directx\rpi5vc4\rpi5vc4_wddm.c:608) RPI5VC4: TDR BCL+110 0b 55 50 bf 99 d8 4f c1 ac 64 3f c1 60 06 0e 42
[   51.807187] (\drivers\directx\rpi5vc4\rpi5vc4_wddm.c:608) RPI5VC4: TDR BCL+120 17 19 1d 42 00 00 16 46 00 00 16 c6 00 00 00 00
[   51.818553] (\drivers\directx\rpi5vc4\rpi5vc4_wddm.c:616) RPI5VC4: TDR BCL head 00 00 00 00 00 00 00 00 00 00 00 00 00 00 80 3f
[   51.830006] (\drivers\directx\rpi5vc4\rpi5vc4_wddm.c:622) RPI5VC4: TDR BCL tail 00 00 80 3f 00 00 00 00 02 00 00 00 0b d7 23 3e
[   51.841458] (\drivers\directx\rpi5vc4\rpi5vc4_wddm.c:631) RPI5VC4: TDR ERR_STAT=00001000 dpcIsr=0 isr=0 msk=ffff0038 hubmsk=000000ff
[   51.853345] (\drivers\directx\rpi5vc4\rpi5vc4_wddm.c:668) RPI5VC4: TDR SMS TEE_CS=00000250 REE_CS=00000200
[   51.863782] (\drivers\directx\rpi5vc4\rpi5vc4_v3d.c:323) RPI5VC4: reset ERR_STAT after clear=00001000
[   51.872171] (\drivers\directx\rpi5vc4\rpi5vc4_wddm.c:672) RPI5VC4: TDR resetting V3D core: ok
[   51.880708] (\drivers\directx\rpi5vc4\rpi5vc4_wddm.c:295) RPI5VC4: CL kick fence=7 bcl=0121a000..0121a1c0 rcl=01227000..012270a8 qma=0121d000 qms=8000 qts=01225000
[   51.987525] MESA: error: v3d: 512 draws: shaders=48225us total=687163us
[   52.090974] RPI5VC4: present #5056 moves=0 dirty=1 flip=3 idx=1 scan=449c4000
[   52.173515] MESA: error: v3d: 512 draws: shaders=50647us total=701942us
[   52.194603] (\drivers\directx\rpi5vc4\rpi5vc4_wddm.c:479) RPI5VC4: V3D job fence=7 timed out — completing (TDR) BFC=00000000 RFC=00000000 CT1CS=00000000 CT1CA=00000000 QMA=0121d000 QMS=00008000 BPOA=00000000 INT_STS=00000000
[   52.211790] (\drivers\directx\rpi5vc4\rpi5vc4_wddm.c:489) RPI5VC4: TDR CT0CS=00000010 CT0CA=0121a045 CT0EA=0121a1c0 CT1CS=00000000 CT1CA=00000000 INT_STS=00000000
[   52.226276] (\drivers\directx\rpi5vc4\rpi5vc4_wddm.c:501) RPI5VC4: TDR isr=0 MMU_CTL=04090801 VIO_ADDR=00000000 bin=1/0 rend=0 bcl=0121a000..0121a1c0
[   52.239637] (\drivers\directx\rpi5vc4\rpi5vc4_wddm.c:526) RPI5VC4: TDR L2TCACTL=00000000 PCS=00000001 BFC=00000000 RFC=00000000 CT0SYNC=00000000 CT1SYNC=00000000
[   52.254040] (\drivers\directx\rpi5vc4\rpi5vc4_wddm.c:543) RPI5VC4: TDR QMA bytes 38 42 47 44 40 62 b1 21 01 53 00 56 00 00 00 00
[   52.265579] (\drivers\directx\rpi5vc4\rpi5vc4_wddm.c:553) RPI5VC4: TDR CT1CFG=00000000 TILECT=00000000 PTCT=00000000 RA0=00000000/00000000 BPCA=01220000 BPCS=00005000
[   52.280417] (\drivers\directx\rpi5vc4\rpi5vc4_wddm.c:582) RPI5VC4: TDR RCL head 79 00 2c 01 2c 01 00 b1 01 79 02 00 7c 40 00 00
[   52.291868] (\drivers\directx\rpi5vc4\rpi5vc4_wddm.c:608) RPI5VC4: TDR BCL+0c0 58 47 44 40 02 86 19 01 2c 00 70 09 01 00 10 10
[   52.303234] (\drivers\directx\rpi5vc4\rpi5vc4_wddm.c:608) RPI5VC4: TDR BCL+0d0 00 20 84 78 00 00 00 70 2f 00 00 62 40 0f 00 00
[   52.314600] (\drivers\directx\rpi5vc4\rpi5vc4_wddm.c:608) RPI5VC4: TDR BCL+0e0 63 58 47 44 40 a1 87 19 01 2c 00 70 09 01 00 10
[   52.325966] (\drivers\directx\rpi5vc4\rpi5vc4_wddm.c:608) RPI5VC4: TDR BCL+0f0 10 00 20 84 b4 00 00 00 c0 33 00 00 47 44 40 21
[   52.337332] (\drivers\directx\rpi5vc4\rpi5vc4_wddm.c:608) RPI5VC4: TDR BCL+100 89 19 01 2c 00 70 09 01 00 10 10 00 20 84 b4 00
[   52.348699] (\drivers\directx\rpi5vc4\rpi5vc4_wddm.c:608) RPI5VC4: TDR BCL+110 00 00 00 39 00 00 47 44 40 a2 8a 19 01 2c 00 70
[   52.360063] (\drivers\directx\rpi5vc4\rpi5vc4_wddm.c:608) RPI5VC4: TDR BCL+120 09 01 00 10 10 00 20 84 f0 00 00 00 80 43 00 00
[   52.371429] (\drivers\directx\rpi5vc4\rpi5vc4_wddm.c:616) RPI5VC4: TDR BCL head 77 00 78 04 1b 00 00 2b 01 2b 01 13 5c 00 00 00
[   52.382882] (\drivers\directx\rpi5vc4\rpi5vc4_wddm.c:622) RPI5VC4: TDR BCL tail 00 00 80 3f 00 00 00 00 02 00 00 00 0b d7 23 3e
[   52.387532] MESA: error: v3d: 512 draws: shaders=52821us total=718936us
[   52.394335] (\drivers\directx\rpi5vc4\rpi5vc4_wddm.c:631) RPI5VC4: TDR ERR_STAT=00001000 dpcIsr=0 isr=0 msk=ffff0038 hubmsk=000000ff
[   52.412816] (\drivers\directx\rpi5vc4\rpi5vc4_wddm.c:668) RPI5VC4: TDR SMS TEE_CS=00000250 REE_CS=00000200
[   52.423382] (\drivers\directx\rpi5vc4\rpi5vc4_v3d.c:323) RPI5VC4: reset ERR_STAT after clear=00001000
[   52.431641] (\drivers\directx\rpi5vc4\rpi5vc4_wddm.c:672) RPI5VC4: TDR resetting V3D core: ok
[   52.440171] (\drivers\directx\rpi5vc4\rpi5vc4_wddm.c:295) RPI5VC4: CL kick fence=8 bcl=01198000..011981c0 rcl=01227000..012270a8 qma=0121d000 qms=8000 qts=01225000
[   52.599688] MESA: error: v3d: 512 draws: shaders=55173us total=739296us
[   52.754076] (\drivers\directx\rpi5vc4\rpi5vc4_wddm.c:479) RPI5VC4: V3D job fence=8 timed out — completing (TDR) BFC=00000000 RFC=00000000 CT1CS=00000000 CT1CA=00000000 QMA=0121d000 QMS=00008000 BPOA=00000000 INT_STS=00000000
[   52.772052] (\drivers\directx\rpi5vc4\rpi5vc4_v3d.c:323) RPI5VC4: reset ERR_STAT after clear=00001000
[   52.780455] (\drivers\directx\rpi5vc4\rpi5vc4_wddm.c:672) RPI5VC4: TDR resetting V3D core: ok
[   52.788980] (\drivers\directx\rpi5vc4\rpi5vc4_wddm.c:295) RPI5VC4: CL kick fence=9 bcl=0121a000..0121a1c0 rcl=01227000..012270a8 qma=0121d000 qms=8000 qts=01225000
[   52.814060] MESA: error: v3d: 512 draws: shaders=57552us total=754176us
[   53.001259] MESA: error: v3d: 512 draws: shaders=59825us total=798557us
[   53.102889] (\drivers\directx\rpi5vc4\rpi5vc4_wddm.c:479) RPI5VC4: V3D job fence=9 timed out — completing (TDR) BFC=00000000 RFC=00000000 CT1CS=00000000 CT1CA=00000000 QMA=0121d000 QMS=00008000 BPOA=00000000 INT_STS=00000000
[   53.120075] (\drivers\directx\rpi5vc4\rpi5vc4_v3d.c:280) RPI5VC4: escalating to V3D domain power-cycle (reset #8)
[   53.131991] (\drivers\directx\rpi5vc4\rpi5vc4_v3d.c:323) RPI5VC4: reset ERR_STAT after clear=00001000
[   53.139505] (\drivers\directx\rpi5vc4\rpi5vc4_wddm.c:672) RPI5VC4: TDR resetting V3D core: ok
[   53.148031] (\drivers\directx\rpi5vc4\rpi5vc4_wddm.c:295) RPI5VC4: CL kick fence=10 bcl=01198000..011981c0 rcl=01227000..012270a8 qma=0121d000 qms=8000 qts=01225000
[   53.219611] MESA: error: v3d: 512 draws: shaders=62186us total=813302us
[   53.260496] RPI5VC4: present #5120 moves=0 dirty=1 flip=3 idx=1 scan=449c4000
[   53.407271] MESA: error: v3d: 512 draws: shaders=64591us total=828160us
[   53.462022] (\drivers\directx\rpi5vc4\rpi5vc4_wddm.c:479) RPI5VC4: V3D job fence=10 timed out — completing (TDR) BFC=00000000 RFC=00000000 CT1CS=00000000 CT1CA=00000000 QMA=0121d000 QMS=00008000 BPOA=00000000 INT_STS=00000000
[   53.480272] (\drivers\directx\rpi5vc4\rpi5vc4_v3d.c:323) RPI5VC4: reset ERR_STAT after clear=00001000
[   53.488489] (\drivers\directx\rpi5vc4\rpi5vc4_wddm.c:672) RPI5VC4: TDR resetting V3D core: ok
[   53.497020] (\drivers\directx\rpi5vc4\rpi5vc4_wddm.c:295) RPI5VC4: CL kick fence=11 bcl=0121a000..0121a1c0 rcl=01227000..012270a8 qma=0121d000 qms=8000 qts=01225000
[   53.602340] MESA: error: v3d: 512 draws: shaders=66969us total=848059us
[   53.810938] (\drivers\directx\rpi5vc4\rpi5vc4_wddm.c:479) RPI5VC4: V3D job fence=11 timed out — completing (TDR) BFC=00000000 RFC=00000000 CT1CS=00000000 CT1CA=00000000 QMA=0121d000 QMS=00008000 BPOA=00000000 INT_STS=00000000
[   53.828552] (\drivers\directx\rpi5vc4\rpi5vc4_v3d.c:323) RPI5VC4: reset ERR_STAT after clear=00001000
[   53.837397] (\drivers\directx\rpi5vc4\rpi5vc4_wddm.c:672) RPI5VC4: TDR resetting V3D core: ok
[   53.845930] (\drivers\directx\rpi5vc4\rpi5vc4_wddm.c:295) RPI5VC4: CL kick fence=12 bcl=01198000..011981c0 rcl=01227000..012270a8 qma=0121d000 qms=8000 qts=01225000
[   54.159816] (\drivers\directx\rpi5vc4\rpi5vc4_wddm.c:479) RPI5VC4: V3D job fence=12 timed out — completing (TDR) BFC=00000000 RFC=00000000 CT1CS=00000000 CT1CA=00000000 QMA=0121d000 QMS=00008000 BPOA=00000000 INT_STS=00000000
[   54.177768] (\drivers\directx\rpi5vc4\rpi5vc4_v3d.c:323) RPI5VC4: reset ERR_STAT after clear=00001000
[   54.186281] (\drivers\directx\rpi5vc4\rpi5vc4_wddm.c:672) RPI5VC4: TDR resetting V3D core: ok
[   54.194884] (\drivers\directx\rpi5vc4\rpi5vc4_wddm.c:295) RPI5VC4: CL kick fence=13 bcl=0121a000..0121a1c0 rcl=01227000..012270a8 qma=0121d000 qms=8000 qts=01225000
[   54.210458] (\drivers\directx\rpi5vc4\rpi5vc4_wddm.c:344) RPI5VC4: render-kick fence=13 rcl=01227000..012270a8 BFC=00000001 RFC=00000000 QMA=0121d000 QMS=00008000 BPOA=00000000 BPOS=00000000 ERR=00001000
[   54.227758] (\drivers\directx\rpi5vc4\rpi5vc4_wddm.c:295) RPI5VC4: CL kick fence=14 bcl=01198000..011981c0 rcl=01227000..012270a8 qma=0121d000 qms=8000 qts=01225000
[   54.541440] (\drivers\directx\rpi5vc4\rpi5vc4_wddm.c:479) RPI5VC4: V3D job fence=14 timed out — completing (TDR) BFC=00000001 RFC=00000001 CT1CS=00000000 CT1CA=012270a8 QMA=0121d000 QMS=00008000 BPOA=00000000 INT_STS=00000000
[   54.559399] (\drivers\directx\rpi5vc4\rpi5vc4_v3d.c:323) RPI5VC4: reset ERR_STAT after clear=00001000
[   54.567904] (\drivers\directx\rpi5vc4\rpi5vc4_wddm.c:672) RPI5VC4: TDR resetting V3D core: ok
[   54.576523] (\drivers\directx\rpi5vc4\rpi5vc4_wddm.c:295) RPI5VC4: CL kick fence=15 bcl=0121a000..0121a1c0 rcl=01227000..012270a8 qma=0121d000 qms=8000 qts=01225000
[   54.592087] (\drivers\directx\rpi5vc4\rpi5vc4_wddm.c:344) RPI5VC4: render-kick fence=15 rcl=01227000..012270a8 BFC=00000001 RFC=00000000 QMA=0121d000 QMS=00008000 BPOA=00000000 BPOS=00000000 ERR=00001000
[   54.609289] (\drivers\directx\rpi5vc4\rpi5vc4_wddm.c:295) RPI5VC4: CL kick fence=16 bcl=01198000..011981c0 rcl=01227000..012270a8 qma=0121d000 qms=8000 qts=01225000
[   54.923039] (\drivers\directx\rpi5vc4\rpi5vc4_wddm.c:479) RPI5VC4: V3D job fence=16 timed out — completing (TDR) BFC=00000001 RFC=00000001 CT1CS=00000000 CT1CA=012270a8 QMA=0121d000 QMS=00008000 BPOA=00000000 INT_STS=00000000
[   54.940652] (\drivers\directx\rpi5vc4\rpi5vc4_v3d.c:323) RPI5VC4: reset ERR_STAT after clear=00001000
[   54.949497] (\drivers\directx\rpi5vc4\rpi5vc4_wddm.c:672) RPI5VC4: TDR resetting V3D core: ok
[   54.958027] (\drivers\directx\rpi5vc4\rpi5vc4_wddm.c:295) RPI5VC4: CL kick fence=17 bcl=0121a000..0121a1c0 rcl=01227000..012270a8 qma=0121d000 qms=8000 qts=01225000
[   54.973677] (\drivers\directx\rpi5vc4\rpi5vc4_wddm.c:344) RPI5VC4: render-kick fence=17 rcl=01227000..012270a8 BFC=00000001 RFC=00000000 QMA=0121d000 QMS=00008000 BPOA=00000000 BPOS=00000000 ERR=00001000
[   54.990879] (\drivers\directx\rpi5vc4\rpi5vc4_wddm.c:295) RPI5VC4: CL kick fence=18 bcl=01198000..011981c0 rcl=01227000..012270a8 qma=0121d000 qms=8000 qts=01225000
[   55.304627] (\drivers\directx\rpi5vc4\rpi5vc4_wddm.c:479) RPI5VC4: V3D job fence=18 timed out — completing (TDR) BFC=00000001 RFC=00000001 CT1CS=00000000 CT1CA=012270a8 QMA=0121d000 QMS=00008000 BPOA=00000000 INT_STS=00000000
[   55.322575] (\drivers\directx\rpi5vc4\rpi5vc4_v3d.c:323) RPI5VC4: reset ERR_STAT after clear=00001000
[   55.331089] (\drivers\directx\rpi5vc4\rpi5vc4_wddm.c:672) RPI5VC4: TDR resetting V3D core: ok
[   55.339618] (\drivers\directx\rpi5vc4\rpi5vc4_wddm.c:295) RPI5VC4: CL kick fence=19 bcl=0121a000..0121a1c0 rcl=01227000..012270a8 qma=0121d000 qms=8000 qts=01225000
[   55.355265] (\drivers\directx\rpi5vc4\rpi5vc4_wddm.c:344) RPI5VC4: render-kick fence=19 rcl=01227000..012270a8 BFC=00000001 RFC=00000000 QMA=0121d000 QMS=00008000 BPOA=00000000 BPOS=00000000 ERR=00001000
[   55.372468] (\drivers\directx\rpi5vc4\rpi5vc4_wddm.c:295) RPI5VC4: CL kick fence=20 bcl=01198000..011981c0 rcl=01227000..012270a8 qma=0121d000 qms=8000 qts=01225000
[   55.686203] (\drivers\directx\rpi5vc4\rpi5vc4_wddm.c:479) RPI5VC4: V3D job fence=20 timed out — completing (TDR) BFC=00000001 RFC=00000001 CT1CS=00000000 CT1CA=012270a8 QMA=0121d000 QMS=00008000 BPOA=00000000 INT_STS=00000000
[   55.703809] (\drivers\directx\rpi5vc4\rpi5vc4_v3d.c:323) RPI5VC4: reset ERR_STAT after clear=00001000
[   55.712661] (\drivers\directx\rpi5vc4\rpi5vc4_wddm.c:672) RPI5VC4: TDR resetting V3D core: ok
[   55.721179] (\drivers\directx\rpi5vc4\rpi5vc4_wddm.c:295) RPI5VC4: CL kick fence=21 bcl=0121a000..0121a1c0 rcl=01227000..012270a8 qma=0121d000 qms=8000 qts=01225000
[   55.736832] (\drivers\directx\rpi5vc4\rpi5vc4_wddm.c:344) RPI5VC4: render-kick fence=21 rcl=01227000..012270a8 BFC=00000001 RFC=00000000 QMA=0121d000 QMS=00008000 BPOA=00000000 BPOS=00000000 ERR=00001000
[   55.753962] (\drivers\directx\rpi5vc4\rpi5vc4_wddm.c:295) RPI5VC4: CL kick fence=22 bcl=01198000..011981c0 rcl=01227000..012270a8 qma=0121d000 qms=8000 qts=01225000
[   56.067788] (\drivers\directx\rpi5vc4\rpi5vc4_wddm.c:479) RPI5VC4: V3D job fence=22 timed out — completing (TDR) BFC=00000001 RFC=00000001 CT1CS=00000000 CT1CA=012270a8 QMA=0121d000 QMS=00008000 BPOA=00000000 INT_STS=00000000
[   56.085055] (\drivers\directx\rpi5vc4\rpi5vc4_v3d.c:280) RPI5VC4: escalating to V3D domain power-cycle (reset #16)
[   56.097008] (\drivers\directx\rpi5vc4\rpi5vc4_v3d.c:323) RPI5VC4: reset ERR_STAT after clear=00001000
[   56.104572] (\drivers\directx\rpi5vc4\rpi5vc4_wddm.c:672) RPI5VC4: TDR resetting V3D core: ok
[   56.113102] (\drivers\directx\rpi5vc4\rpi5vc4_wddm.c:295) RPI5VC4: CL kick fence=23 bcl=0121a000..0121a1c0 rcl=01227000..012270a8 qma=0121d000 qms=8000 qts=01225000
[   56.128748] (\drivers\directx\rpi5vc4\rpi5vc4_wddm.c:344) RPI5VC4: render-kick fence=23 rcl=01227000..012270a8 BFC=00000001 RFC=00000000 QMA=0121d000 QMS=00008000 BPOA=00000000 BPOS=00000000 ERR=00001000
[   56.145952] (\drivers\directx\rpi5vc4\rpi5vc4_wddm.c:295) RPI5VC4: CL kick fence=24 bcl=01198000..011981c0 rcl=01227000..012270a8 qma=0121d000 qms=8000 qts=01225000
[   56.459717] (\drivers\directx\rpi5vc4\rpi5vc4_wddm.c:479) RPI5VC4: V3D job fence=24 timed out — completing (TDR) BFC=00000001 RFC=00000001 CT1CS=00000000 CT1CA=012270a8 QMA=0121d000 QMS=00008000 BPOA=00000000 INT_STS=00000000
[   56.477313] (\drivers\directx\rpi5vc4\rpi5vc4_v3d.c:323) RPI5VC4: reset ERR_STAT after clear=00001000
[   56.486175] (\drivers\directx\rpi5vc4\rpi5vc4_wddm.c:672) RPI5VC4: TDR resetting V3D core: ok
[   56.494696] (\drivers\directx\rpi5vc4\rpi5vc4_wddm.c:295) RPI5VC4: CL kick fence=25 bcl=0121a000..0121a1c0 rcl=01227000..012270a8 qma=0121d000 qms=8000 qts=01225000
[   56.510354] (\drivers\directx\rpi5vc4\rpi5vc4_wddm.c:344) RPI5VC4: render-kick fence=25 rcl=01227000..012270a8 BFC=00000001 RFC=00000000 QMA=0121d000 QMS=00008000 BPOA=00000000 BPOS=00000000 ERR=00001000
[   56.527556] (\drivers\directx\rpi5vc4\rpi5vc4_wddm.c:295) RPI5VC4: CL kick fence=26 bcl=01198000..011981c0 rcl=01227000..012270a8 qma=0121d000 qms=8000 qts=01225000
[   56.841301] (\drivers\directx\rpi5vc4\rpi5vc4_wddm.c:479) RPI5VC4: V3D job fence=26 timed out — completing (TDR) BFC=00000001 RFC=00000001 CT1CS=00000000 CT1CA=012270a8 QMA=0121d000 QMS=00008000 BPOA=00000000 INT_STS=00000000
[   56.859250] (\drivers\directx\rpi5vc4\rpi5vc4_v3d.c:323) RPI5VC4: reset ERR_STAT after clear=00001000
[   56.867764] (\drivers\directx\rpi5vc4\rpi5vc4_wddm.c:672) RPI5VC4: TDR resetting V3D core: ok
[   56.876294] (\drivers\directx\rpi5vc4\rpi5vc4_wddm.c:295) RPI5VC4: CL kick fence=27 bcl=0121a000..0121a1c0 rcl=01227000..012270a8 qma=0121d000 qms=8000 qts=01225000
[   56.891941] (\drivers\directx\rpi5vc4\rpi5vc4_wddm.c:344) RPI5VC4: render-kick fence=27 rcl=01227000..012270a8 BFC=00000001 RFC=00000000 QMA=0121d000 QMS=00008000 BPOA=00000000 BPOS=00000000 ERR=00001000
[   56.909142] (\drivers\directx\rpi5vc4\rpi5vc4_wddm.c:295) RPI5VC4: CL kick fence=28 bcl=01198000..011981c0 rcl=01227000..012270a8 qma=0121d000 qms=8000 qts=01225000
[   56.981709] (\drivers\directx\dxgkrnl\adapter.c:249) DXGKRNL: ERROR: DxgkpTdrWorker: GPU timeout — fence 520 stuck on adapter FFFFC68D8D3C2B60
[   57.091812] (\drivers\directx\dxgkrnl\adapter.c:270) DXGKRNL: ERROR: DxgkpTdrWorker: preemption recovered adapter FFFFC68D8D3C2B60 (fence 520 -> 27), skipping reset
[   57.222937] (\drivers\directx\rpi5vc4\rpi5vc4_wddm.c:479) RPI5VC4: V3D job fence=28 timed out — completing (TDR) BFC=00000001 RFC=00000001 CT1CS=00000000 CT1CA=012270a8 QMA=0121d000 QMS=00008000 BPOA=00000000 INT_STS=00000000
[   57.240884] (\drivers\directx\rpi5vc4\rpi5vc4_v3d.c:323) RPI5VC4: reset ERR_STAT after clear=00001000
[   57.249398] (\drivers\directx\rpi5vc4\rpi5vc4_wddm.c:672) RPI5VC4: TDR resetting V3D core: ok
[   57.257927] (\drivers\directx\rpi5vc4\rpi5vc4_wddm.c:295) RPI5VC4: CL kick fence=29 bcl=0121a000..0121a1c0 rcl=01227000..012270a8 qma=0121d000 qms=8000 qts=01225000
[   57.273575] (\drivers\directx\rpi5vc4\rpi5vc4_wddm.c:344) RPI5VC4: render-kick fence=29 rcl=01227000..012270a8 BFC=00000001 RFC=00000000 QMA=0121d000 QMS=00008000 BPOA=00000000 BPOS=00000000 ERR=00001000
[   57.290776] (\drivers\directx\rpi5vc4\rpi5vc4_wddm.c:295) RPI5VC4: CL kick fence=30 bcl=01198000..011981c0 rcl=01227000..012270a8 qma=0121d000 qms=8000 qts=01225000
[   57.604526] (\drivers\directx\rpi5vc4\rpi5vc4_wddm.c:479) RPI5VC4: V3D job fence=30 timed out — completing (TDR) BFC=00000001 RFC=00000001 CT1CS=00000000 CT1CA=012270a8 QMA=0121d000 QMS=00008000 BPOA=00000000 INT_STS=00000000
[   57.622473] (\drivers\directx\rpi5vc4\rpi5vc4_v3d.c:323) RPI5VC4: reset ERR_STAT after clear=00001000
[   57.630988] (\drivers\directx\rpi5vc4\rpi5vc4_wddm.c:672) RPI5VC4: TDR resetting V3D core: ok
[   57.639517] (\drivers\directx\rpi5vc4\rpi5vc4_wddm.c:295) RPI5VC4: CL kick fence=31 bcl=0121a000..0121a1c0 rcl=01227000..012270a8 qma=0121d000 qms=8000 qts=01225000
[   57.655165] (\drivers\directx\rpi5vc4\rpi5vc4_wddm.c:344) RPI5VC4: render-kick fence=31 rcl=01227000..012270a8 BFC=00000001 RFC=00000000 QMA=0121d000 QMS=00008000 BPOA=00000000 BPOS=00000000 ERR=00001000
[   57.672367] (\drivers\directx\rpi5vc4\rpi5vc4_wddm.c:295) RPI5VC4: CL kick fence=32 bcl=01198000..011981c0 rcl=01227000..012270a8 qma=0121d000 qms=8000 qts=01225000
[   57.986165] (\drivers\directx\rpi5vc4\rpi5vc4_wddm.c:479) RPI5VC4: V3D job fence=32 timed out — completing (TDR) BFC=00000001 RFC=00000001 CT1CS=00000000 CT1CA=012270a8 QMA=0121d000 QMS=00008000 BPOA=00000000 INT_STS=00000000
[   58.004113] (\drivers\directx\rpi5vc4\rpi5vc4_v3d.c:323) RPI5VC4: reset ERR_STAT after clear=00001000
[   58.012627] (\drivers\directx\rpi5vc4\rpi5vc4_wddm.c:672) RPI5VC4: TDR resetting V3D core: ok
[   58.022144] (\drivers\directx\rpi5vc4\rpi5vc4_wddm.c:344) RPI5VC4: render-kick fence=33 rcl=01227000..012270a8 BFC=00000001 RFC=00000000 QMA=0121d000 QMS=00008000 BPOA=00000000 BPOS=00000000 ERR=00001000
[   58.339431] (\drivers\directx\rpi5vc4\rpi5vc4_wddm.c:479) RPI5VC4: V3D job fence=34 timed out — completing (TDR) BFC=00000001 RFC=00000001 CT1CS=00000000 CT1CA=012270a8 QMA=0121d000 QMS=00008000 BPOA=00000000 INT_STS=00000000
[   58.357380] (\drivers\directx\rpi5vc4\rpi5vc4_v3d.c:323) RPI5VC4: reset ERR_STAT after clear=00001000
[   58.365894] (\drivers\directx\rpi5vc4\rpi5vc4_wddm.c:672) RPI5VC4: TDR resetting V3D core: ok
[   58.375417] (\drivers\directx\rpi5vc4\rpi5vc4_wddm.c:344) RPI5VC4: render-kick fence=35 rcl=01227000..012270a8 BFC=00000001 RFC=00000000 QMA=0121d000 QMS=00008000 BPOA=00000000 BPOS=00000000 ERR=00001000
[   58.592130] MESA: error: Draw call returned Invalid argument.  Expect corruption.
[   58.692777] (\drivers\directx\rpi5vc4\rpi5vc4_wddm.c:479) RPI5VC4: V3D job fence=36 timed out — completing (TDR) BFC=00000001 RFC=00000001 CT1CS=00000000 CT1CA=012270a8 QMA=0121d000 QMS=00008000 BPOA=00000000 INT_STS=00000000
[   58.710720] (\drivers\directx\rpi5vc4\rpi5vc4_v3d.c:323) RPI5VC4: reset ERR_STAT after clear=00001000
[   58.719245] (\drivers\directx\rpi5vc4\rpi5vc4_wddm.c:672) RPI5VC4: TDR resetting V3D core: ok
[   59.028050] (\drivers\directx\rpi5vc4\rpi5vc4_wddm.c:479) RPI5VC4: V3D job fence=37 timed out — completing (TDR) BFC=00000000 RFC=00000000 CT1CS=00000000 CT1CA=00000000 QMA=0121d000 QMS=00008000 BPOA=00000000 INT_STS=00000000
[   59.045315] (\drivers\directx\rpi5vc4\rpi5vc4_v3d.c:280) RPI5VC4: escalating to V3D domain power-cycle (reset #24)
[   59.058172] (\drivers\directx\rpi5vc4\rpi5vc4_v3d.c:323) RPI5VC4: reset ERR_STAT after clear=00001000
[   59.064836] (\drivers\directx\rpi5vc4\rpi5vc4_wddm.c:672) RPI5VC4: TDR resetting V3D core: ok
[   59.374635] (\drivers\directx\rpi5vc4\rpi5vc4_wddm.c:479) RPI5VC4: V3D job fence=39 timed out — completing (TDR) BFC=00000001 RFC=00000001 CT1CS=00000000 CT1CA=012270a8 QMA=0121d000 QMS=00008000 BPOA=00000000 INT_STS=00000000
[   59.392247] (\drivers\directx\rpi5vc4\rpi5vc4_v3d.c:323) RPI5VC4: reset ERR_STAT after clear=00001000
[   59.401094] (\drivers\directx\rpi5vc4\rpi5vc4_wddm.c:672) RPI5VC4: TDR resetting V3D core: ok
[   59.710843] (\drivers\directx\rpi5vc4\rpi5vc4_wddm.c:479) RPI5VC4: V3D job fence=41 timed out — completing (TDR) BFC=00000001 RFC=00000001 CT1CS=00000000 CT1CA=012270a8 QMA=0121d000 QMS=00008000 BPOA=00000000 INT_STS=00000000
[   59.728449] (\drivers\directx\rpi5vc4\rpi5vc4_v3d.c:323) RPI5VC4: reset ERR_STAT after clear=00001000
[   59.737302] (\drivers\directx\rpi5vc4\rpi5vc4_wddm.c:672) RPI5VC4: TDR resetting V3D core: ok
[   60.047058] (\drivers\directx\rpi5vc4\rpi5vc4_wddm.c:479) RPI5VC4: V3D job fence=43 timed out — completing (TDR) BFC=00000001 RFC=00000001 CT1CS=00000000 CT1CA=012270a8 QMA=0121d000 QMS=00008000 BPOA=00000000 INT_STS=00000000
[   60.064663] (\drivers\directx\rpi5vc4\rpi5vc4_v3d.c:323) RPI5VC4: reset ERR_STAT after clear=00001000
[   60.073517] (\drivers\directx\rpi5vc4\rpi5vc4_wddm.c:672) RPI5VC4: TDR resetting V3D core: ok
[   60.383264] (\drivers\directx\rpi5vc4\rpi5vc4_wddm.c:479) RPI5VC4: V3D job fence=45 timed out — completing (TDR) BFC=00000001 RFC=00000001 CT1CS=00000000 CT1CA=012270a8 QMA=0121d000 QMS=00008000 BPOA=00000000 INT_STS=00000000
[   60.401210] (\drivers\directx\rpi5vc4\rpi5vc4_v3d.c:323) RPI5VC4: reset ERR_STAT after clear=00001000
[   60.409725] (\drivers\directx\rpi5vc4\rpi5vc4_wddm.c:672) RPI5VC4: TDR resetting V3D core: ok
[   60.719485] (\drivers\directx\rpi5vc4\rpi5vc4_wddm.c:479) RPI5VC4: V3D job fence=47 timed out — completing (TDR) BFC=00000001 RFC=00000001 CT1CS=00000000 CT1CA=012270a8 QMA=0121d000 QMS=00008000 BPOA=00000000 INT_STS=00000000
[   60.737433] (\drivers\directx\rpi5vc4\rpi5vc4_v3d.c:323) RPI5VC4: reset ERR_STAT after clear=00001000
[   60.745947] (\drivers\directx\rpi5vc4\rpi5vc4_wddm.c:672) RPI5VC4: TDR resetting V3D core: ok
[   61.055704] (\drivers\directx\rpi5vc4\rpi5vc4_wddm.c:479) RPI5VC4: V3D job fence=49 timed out — completing (TDR) BFC=00000001 RFC=00000001 CT1CS=00000000 CT1CA=012270a8 QMA=0121d000 QMS=00008000 BPOA=00000000 INT_STS=00000000
[   61.073653] (\drivers\directx\rpi5vc4\rpi5vc4_v3d.c:323) RPI5VC4: reset ERR_STAT after clear=00001000
[   61.082165] (\drivers\directx\rpi5vc4\rpi5vc4_wddm.c:672) RPI5VC4: TDR resetting V3D core: ok
[   61.391928] (\drivers\directx\rpi5vc4\rpi5vc4_wddm.c:479) RPI5VC4: V3D job fence=51 timed out — completing (TDR) BFC=00000001 RFC=00000001 CT1CS=00000000 CT1CA=012270a8 QMA=0121d000 QMS=00008000 BPOA=00000000 INT_STS=00000000
[   61.409879] (\drivers\directx\rpi5vc4\rpi5vc4_v3d.c:323) RPI5VC4: reset ERR_STAT after clear=00001000
[   61.418394] (\drivers\directx\rpi5vc4\rpi5vc4_wddm.c:672) RPI5VC4: TDR resetting V3D core: ok
[   61.728151] (\drivers\directx\rpi5vc4\rpi5vc4_wddm.c:479) RPI5VC4: V3D job fence=53 timed out — completing (TDR) BFC=00000001 RFC=00000001 CT1CS=00000000 CT1CA=012270a8 QMA=0121d000 QMS=00008000 BPOA=00000000 INT_STS=00000000
[   61.745420] (\drivers\directx\rpi5vc4\rpi5vc4_v3d.c:280) RPI5VC4: escalating to V3D domain power-cycle (reset #32)
[   61.757373] (\drivers\directx\rpi5vc4\rpi5vc4_v3d.c:323) RPI5VC4: reset ERR_STAT after clear=00001000
[   61.764937] (\drivers\directx\rpi5vc4\rpi5vc4_wddm.c:672) RPI5VC4: TDR resetting V3D core: ok
[   62.074695] (\drivers\directx\rpi5vc4\rpi5vc4_wddm.c:479) RPI5VC4: V3D job fence=55 timed out — completing (TDR) BFC=00000001 RFC=00000001 CT1CS=00000000 CT1CA=012270a8 QMA=0121d000 QMS=00008000 BPOA=00000000 INT_STS=00000000
[   62.092648] (\drivers\directx\rpi5vc4\rpi5vc4_v3d.c:323) RPI5VC4: reset ERR_STAT after clear=00001000
[   62.101157] (\drivers\directx\rpi5vc4\rpi5vc4_wddm.c:672) RPI5VC4: TDR resetting V3D core: ok
[   62.410918] (\drivers\directx\rpi5vc4\rpi5vc4_wddm.c:479) RPI5VC4: V3D job fence=57 timed out — completing (TDR) BFC=00000001 RFC=00000001 CT1CS=00000000 CT1CA=012270a8 QMA=0121d000 QMS=00008000 BPOA=00000000 INT_STS=00000000
[   62.428865] (\drivers\directx\rpi5vc4\rpi5vc4_v3d.c:323) RPI5VC4: reset ERR_STAT after clear=00001000
[   62.437379] (\drivers\directx\rpi5vc4\rpi5vc4_wddm.c:672) RPI5VC4: TDR resetting V3D core: ok
[   62.747139] (\drivers\directx\rpi5vc4\rpi5vc4_wddm.c:479) RPI5VC4: V3D job fence=59 timed out — completing (TDR) BFC=00000001 RFC=00000001 CT1CS=00000000 CT1CA=012270a8 QMA=0121d000 QMS=00008000 BPOA=00000000 INT_STS=00000000
[   62.765090] (\drivers\directx\rpi5vc4\rpi5vc4_v3d.c:323) RPI5VC4: reset ERR_STAT after clear=00001000
[   62.773604] (\drivers\directx\rpi5vc4\rpi5vc4_wddm.c:672) RPI5VC4: TDR resetting V3D core: ok
[   62.906217] RPI5VC4: present #5184 moves=0 dirty=1 flip=3 idx=2 scan=451ad000
[   63.071035] 775 frames in 9.9 seconds = 78.070 FPS
[   63.083364] (\drivers\directx\rpi5vc4\rpi5vc4_wddm.c:479) RPI5VC4: V3D job fence=61 timed out — completing (TDR) BFC=00000001 RFC=00000001 CT1CS=00000000 CT1CA=012270a8 QMA=0121d000 QMS=00008000 BPOA=00000000 INT_STS=00000000
[   63.101316] (\drivers\directx\rpi5vc4\rpi5vc4_v3d.c:323) RPI5VC4: reset ERR_STAT after clear=00001000
[   63.109829] (\drivers\directx\rpi5vc4\rpi5vc4_wddm.c:672) RPI5VC4: TDR resetting V3D core: ok
[   63.418581] (\drivers\directx\rpi5vc4\rpi5vc4_wddm.c:479) RPI5VC4: V3D job fence=62 timed out — completing (TDR) BFC=00000000 RFC=00000000 CT1CS=00000000 CT1CA=00000000 QMA=0121d000 QMS=00008000 BPOA=00000000 INT_STS=00000000
[   63.436528] (\drivers\directx\rpi5vc4\rpi5vc4_v3d.c:323) RPI5VC4: reset ERR_STAT after clear=00001000
[   63.445042] (\drivers\directx\rpi5vc4\rpi5vc4_wddm.c:672) RPI5VC4: TDR resetting V3D core: ok
[   63.754802] (\drivers\directx\rpi5vc4\rpi5vc4_wddm.c:479) RPI5VC4: V3D job fence=64 timed out — completing (TDR) BFC=00000001 RFC=00000001 CT1CS=00000000 CT1CA=012270a8 QMA=0121d000 QMS=00008000 BPOA=00000000 INT_STS=00000000
[   63.772754] (\drivers\directx\rpi5vc4\rpi5vc4_v3d.c:323) RPI5VC4: reset ERR_STAT after clear=00001000
[   63.781268] (\drivers\directx\rpi5vc4\rpi5vc4_wddm.c:672) RPI5VC4: TDR resetting V3D core: ok
[   64.091026] (\drivers\directx\rpi5vc4\rpi5vc4_wddm.c:479) RPI5VC4: V3D job fence=66 timed out — completing (TDR) BFC=00000001 RFC=00000001 CT1CS=00000000 CT1CA=012270a8 QMA=0121d000 QMS=00008000 BPOA=00000000 INT_STS=00000000
[   64.108972] (\drivers\directx\rpi5vc4\rpi5vc4_v3d.c:323) RPI5VC4: reset ERR_STAT after clear=00001000
[   64.117487] (\drivers\directx\rpi5vc4\rpi5vc4_wddm.c:672) RPI5VC4: TDR resetting V3D core: ok
[   64.427289] (\drivers\directx\rpi5vc4\rpi5vc4_wddm.c:479) RPI5VC4: V3D job fence=68 timed out — completing (TDR) BFC=00000001 RFC=00000001 CT1CS=00000000 CT1CA=012270a8 QMA=0121d000 QMS=00008000 BPOA=00000000 INT_STS=00000000
[   64.444552] (\drivers\directx\rpi5vc4\rpi5vc4_v3d.c:280) RPI5VC4: escalating to V3D domain power-cycle (reset #40)
[   64.457410] (\drivers\directx\rpi5vc4\rpi5vc4_v3d.c:323) RPI5VC4: reset ERR_STAT after clear=00001000
[   64.464075] (\drivers\directx\rpi5vc4\rpi5vc4_wddm.c:672) RPI5VC4: TDR resetting V3D core: ok
[   64.773818] (\drivers\directx\rpi5vc4\rpi5vc4_wddm.c:479) RPI5VC4: V3D job fence=70 timed out — completing (TDR) BFC=00000001 RFC=00000001 CT1CS=00000000 CT1CA=012270a8 QMA=0121d000 QMS=00008000 BPOA=00000000 INT_STS=00000000
[   64.791425] (\drivers\directx\rpi5vc4\rpi5vc4_v3d.c:323) RPI5VC4: reset ERR_STAT after clear=00001000
[   64.800277] (\drivers\directx\rpi5vc4\rpi5vc4_wddm.c:672) RPI5VC4: TDR resetting V3D core: ok
[   65.110032] (\drivers\directx\rpi5vc4\rpi5vc4_wddm.c:479) RPI5VC4: V3D job fence=72 timed out — completing (TDR) BFC=00000001 RFC=00000001 CT1CS=00000000 CT1CA=012270a8 QMA=0121d000 QMS=00008000 BPOA=00000000 INT_STS=00000000
[   65.127633] (\drivers\directx\rpi5vc4\rpi5vc4_v3d.c:323) RPI5VC4: reset ERR_STAT after clear=00001000
[   65.136491] (\drivers\directx\rpi5vc4\rpi5vc4_wddm.c:672) RPI5VC4: TDR resetting V3D core: ok
[   65.446246] (\drivers\directx\rpi5vc4\rpi5vc4_wddm.c:479) RPI5VC4: V3D job fence=74 timed out — completing (TDR) BFC=00000001 RFC=00000001 CT1CS=00000000 CT1CA=012270a8 QMA=0121d000 QMS=00008000 BPOA=00000000 INT_STS=00000000
[   65.463854] (\drivers\directx\rpi5vc4\rpi5vc4_v3d.c:323) RPI5VC4: reset ERR_STAT after clear=00001000
[   65.472706] (\drivers\directx\rpi5vc4\rpi5vc4_wddm.c:672) RPI5VC4: TDR resetting V3D core: ok
[   65.782467] (\drivers\directx\rpi5vc4\rpi5vc4_wddm.c:479) RPI5VC4: V3D job fence=76 timed out — completing (TDR) BFC=00000001 RFC=00000001 CT1CS=00000000 CT1CA=012270a8 QMA=0121d000 QMS=00008000 BPOA=00000000 INT_STS=00000000
[   65.800418] (\drivers\directx\rpi5vc4\rpi5vc4_v3d.c:323) RPI5VC4: reset ERR_STAT after clear=00001000
[   65.808929] (\drivers\directx\rpi5vc4\rpi5vc4_wddm.c:672) RPI5VC4: TDR resetting V3D core: ok
[   66.118685] (\drivers\directx\rpi5vc4\rpi5vc4_wddm.c:479) RPI5VC4: V3D job fence=78 timed out — completing (TDR) BFC=00000001 RFC=00000001 CT1CS=00000000 CT1CA=012270a8 QMA=0121d000 QMS=00008000 BPOA=00000000 INT_STS=00000000
[   66.136637] (\drivers\directx\rpi5vc4\rpi5vc4_v3d.c:323) RPI5VC4: reset ERR_STAT after clear=00001000
[   66.145149] (\drivers\directx\rpi5vc4\rpi5vc4_wddm.c:672) RPI5VC4: TDR resetting V3D core: ok
[   66.454900] (\drivers\directx\rpi5vc4\rpi5vc4_wddm.c:479) RPI5VC4: V3D job fence=80 timed out — completing (TDR) BFC=00000001 RFC=00000001 CT1CS=00000000 CT1CA=012270a8 QMA=0121d000 QMS=00008000 BPOA=00000000 INT_STS=00000000
[   66.472847] (\drivers\directx\rpi5vc4\rpi5vc4_v3d.c:323) RPI5VC4: reset ERR_STAT after clear=00001000
[   66.481362] (\drivers\directx\rpi5vc4\rpi5vc4_wddm.c:672) RPI5VC4: TDR resetting V3D core: ok
[   66.791183] (\drivers\directx\rpi5vc4\rpi5vc4_wddm.c:479) RPI5VC4: V3D job fence=82 timed out — completing (TDR) BFC=00000001 RFC=00000001 CT1CS=00000000 CT1CA=012270a8 QMA=0121d000 QMS=00008000 BPOA=00000000 INT_STS=00000000
[   66.808788] (\drivers\directx\rpi5vc4\rpi5vc4_v3d.c:323) RPI5VC4: reset ERR_STAT after clear=00001000
[   66.817642] (\drivers\directx\rpi5vc4\rpi5vc4_wddm.c:672) RPI5VC4: TDR resetting V3D core: ok
[   67.127355] (\drivers\directx\rpi5vc4\rpi5vc4_wddm.c:479) RPI5VC4: V3D job fence=84 timed out — completing (TDR) BFC=00000001 RFC=00000001 CT1CS=00000000 CT1CA=012270a8 QMA=0121d000 QMS=00008000 BPOA=00000000 INT_STS=00000000
[   67.144624] (\drivers\directx\rpi5vc4\rpi5vc4_v3d.c:280) RPI5VC4: escalating to V3D domain power-cycle (reset #48)
[   67.156582] (\drivers\directx\rpi5vc4\rpi5vc4_v3d.c:323) RPI5VC4: reset ERR_STAT after clear=00001000
[   67.164142] (\drivers\directx\rpi5vc4\rpi5vc4_wddm.c:672) RPI5VC4: TDR resetting V3D core: ok
[   67.473899] (\drivers\directx\rpi5vc4\rpi5vc4_wddm.c:479) RPI5VC4: V3D job fence=86 timed out — completing (TDR) BFC=00000001 RFC=00000001 CT1CS=00000000 CT1CA=012270a8 QMA=0121d000 QMS=00008000 BPOA=00000000 INT_STS=00000000
[   67.491850] (\drivers\directx\rpi5vc4\rpi5vc4_v3d.c:323) RPI5VC4: reset ERR_STAT after clear=00001000
[   67.500360] (\drivers\directx\rpi5vc4\rpi5vc4_wddm.c:672) RPI5VC4: TDR resetting V3D core: ok
[   67.810177] (\drivers\directx\rpi5vc4\rpi5vc4_wddm.c:479) RPI5VC4: V3D job fence=88 timed out — completing (TDR) BFC=00000001 RFC=00000001 CT1CS=00000000 CT1CA=012270a8 QMA=0121d000 QMS=00008000 BPOA=00000000 INT_STS=00000000
[   67.828131] (\drivers\directx\rpi5vc4\rpi5vc4_v3d.c:323) RPI5VC4: reset ERR_STAT after clear=00001000
[   67.836641] (\drivers\directx\rpi5vc4\rpi5vc4_wddm.c:672) RPI5VC4: TDR resetting V3D core: ok
[   68.146457] (\drivers\directx\rpi5vc4\rpi5vc4_wddm.c:479) RPI5VC4: V3D job fence=90 timed out — completing (TDR) BFC=00000001 RFC=00000001 CT1CS=00000000 CT1CA=012270a8 QMA=0121d000 QMS=00008000 BPOA=00000000 INT_STS=00000000
[   68.164409] (\drivers\directx\rpi5vc4\rpi5vc4_v3d.c:323) RPI5VC4: reset ERR_STAT after clear=00001000
[   68.172923] (\drivers\directx\rpi5vc4\rpi5vc4_wddm.c:672) RPI5VC4: TDR resetting V3D core: ok
[   68.481678] (\drivers\directx\rpi5vc4\rpi5vc4_wddm.c:479) RPI5VC4: V3D job fence=91 timed out — completing (TDR) BFC=00000000 RFC=00000000 CT1CS=00000000 CT1CA=00000000 QMA=0121d000 QMS=00008000 BPOA=00000000 INT_STS=00000000
[   68.499626] (\drivers\directx\rpi5vc4\rpi5vc4_v3d.c:323) RPI5VC4: reset ERR_STAT after clear=00001000
[   68.508140] (\drivers\directx\rpi5vc4\rpi5vc4_wddm.c:672) RPI5VC4: TDR resetting V3D core: ok
[   68.816953] (\drivers\directx\rpi5vc4\rpi5vc4_wddm.c:479) RPI5VC4: V3D job fence=92 timed out — completing (TDR) BFC=00000000 RFC=00000000 CT1CS=00000000 CT1CA=00000000 QMA=0121d000 QMS=00008000 BPOA=00000000 INT_STS=00000000
[   68.834901] (\drivers\directx\rpi5vc4\rpi5vc4_v3d.c:323) RPI5VC4: reset ERR_STAT after clear=00001000
[   68.843416] (\drivers\directx\rpi5vc4\rpi5vc4_wddm.c:672) RPI5VC4: TDR resetting V3D core: ok
[   69.152166] (\drivers\directx\rpi5vc4\rpi5vc4_wddm.c:479) RPI5VC4: V3D job fence=93 timed out — completing (TDR) BFC=00000000 RFC=00000000 CT1CS=00000000 CT1CA=00000000 QMA=0121d000 QMS=00008000 BPOA=00000000 INT_STS=00000000
[   69.170117] (\drivers\directx\rpi5vc4\rpi5vc4_v3d.c:323) RPI5VC4: reset ERR_STAT after clear=00001000
[   69.178628] (\drivers\directx\rpi5vc4\rpi5vc4_wddm.c:672) RPI5VC4: TDR resetting V3D core: ok
[   69.487385] (\drivers\directx\rpi5vc4\rpi5vc4_wddm.c:479) RPI5VC4: V3D job fence=94 timed out — completing (TDR) BFC=00000000 RFC=00000000 CT1CS=00000000 CT1CA=00000000 QMA=0121d000 QMS=00008000 BPOA=00000000 INT_STS=00000000
[   69.505333] (\drivers\directx\rpi5vc4\rpi5vc4_v3d.c:323) RPI5VC4: reset ERR_STAT after clear=00001000
[   69.513847] (\drivers\directx\rpi5vc4\rpi5vc4_wddm.c:672) RPI5VC4: TDR resetting V3D core: ok
[   69.822640] (\drivers\directx\rpi5vc4\rpi5vc4_wddm.c:479) RPI5VC4: V3D job fence=95 timed out — completing (TDR) BFC=00000000 RFC=00000000 CT1CS=00000000 CT1CA=00000000 QMA=0121d000 QMS=00008000 BPOA=00000000 INT_STS=00000000
[   69.839904] (\drivers\directx\rpi5vc4\rpi5vc4_v3d.c:280) RPI5VC4: escalating to V3D domain power-cycle (reset #56)
[   69.852762] (\drivers\directx\rpi5vc4\rpi5vc4_v3d.c:323) RPI5VC4: reset ERR_STAT after clear=00001000
[   69.859425] (\drivers\directx\rpi5vc4\rpi5vc4_wddm.c:672) RPI5VC4: TDR resetting V3D core: ok
[   70.169220] (\drivers\directx\rpi5vc4\rpi5vc4_wddm.c:479) RPI5VC4: V3D job fence=97 timed out — completing (TDR) BFC=00000001 RFC=00000001 CT1CS=00000000 CT1CA=012270a8 QMA=0121d000 QMS=00008000 BPOA=00000000 INT_STS=00000000
[   70.186828] (\drivers\directx\rpi5vc4\rpi5vc4_v3d.c:323) RPI5VC4: reset ERR_STAT after clear=00001000
[   70.195680] (\drivers\directx\rpi5vc4\rpi5vc4_wddm.c:672) RPI5VC4: TDR resetting V3D core: ok
[   70.505427] (\drivers\directx\rpi5vc4\rpi5vc4_wddm.c:479) RPI5VC4: V3D job fence=99 timed out — completing (TDR) BFC=00000001 RFC=00000001 CT1CS=00000000 CT1CA=012270a8 QMA=0121d000 QMS=00008000 BPOA=00000000 INT_STS=00000000
[   70.523038] (\drivers\directx\rpi5vc4\rpi5vc4_v3d.c:323) RPI5VC4: reset ERR_STAT after clear=00001000
[   70.531888] (\drivers\directx\rpi5vc4\rpi5vc4_wddm.c:672) RPI5VC4: TDR resetting V3D core: ok
[   70.841630] (\drivers\directx\rpi5vc4\rpi5vc4_wddm.c:479) RPI5VC4: V3D job fence=101 timed out — completing (TDR) BFC=00000001 RFC=00000001 CT1CS=00000000 CT1CA=012270a8 QMA=0121d000 QMS=00008000 BPOA=00000000 INT_STS=00000000
[   70.859667] (\drivers\directx\rpi5vc4\rpi5vc4_v3d.c:323) RPI5VC4: reset ERR_STAT after clear=00001000
[   70.868182] (\drivers\directx\rpi5vc4\rpi5vc4_wddm.c:672) RPI5VC4: TDR resetting V3D core: ok
[   71.177937] (\drivers\directx\rpi5vc4\rpi5vc4_wddm.c:479) RPI5VC4: V3D job fence=103 timed out — completing (TDR) BFC=00000001 RFC=00000001 CT1CS=00000000 CT1CA=012270a8 QMA=0121d000 QMS=00008000 BPOA=00000000 INT_STS=00000000
[   71.195971] (\drivers\directx\rpi5vc4\rpi5vc4_v3d.c:323) RPI5VC4: reset ERR_STAT after clear=00001000
[   71.204487] (\drivers\directx\rpi5vc4\rpi5vc4_wddm.c:672) RPI5VC4: TDR resetting V3D core: ok
[   71.514242] (\drivers\directx\rpi5vc4\rpi5vc4_wddm.c:479) RPI5VC4: V3D job fence=105 timed out — completing (TDR) BFC=00000001 RFC=00000001 CT1CS=00000000 CT1CA=012270a8 QMA=0121d000 QMS=00008000 BPOA=00000000 INT_STS=00000000
[   71.532276] (\drivers\directx\rpi5vc4\rpi5vc4_v3d.c:323) RPI5VC4: reset ERR_STAT after clear=00001000
[   71.540790] (\drivers\directx\rpi5vc4\rpi5vc4_wddm.c:672) RPI5VC4: TDR resetting V3D core: ok
[   71.850557] (\drivers\directx\rpi5vc4\rpi5vc4_wddm.c:479) RPI5VC4: V3D job fence=107 timed out — completing (TDR) BFC=00000001 RFC=00000001 CT1CS=00000000 CT1CA=012270a8 QMA=0121d000 QMS=00008000 BPOA=00000000 INT_STS=00000000
[   71.868249] (\drivers\directx\rpi5vc4\rpi5vc4_v3d.c:323) RPI5VC4: reset ERR_STAT after clear=00001000
[   71.877101] (\drivers\directx\rpi5vc4\rpi5vc4_wddm.c:672) RPI5VC4: TDR resetting V3D core: ok
[   72.040290] 2 frames in 9.0 seconds =  0.223 FPS
[   72.186910] (\drivers\directx\rpi5vc4\rpi5vc4_wddm.c:479) RPI5VC4: V3D job fence=109 timed out — completing (TDR) BFC=00000001 RFC=00000001 CT1CS=00000000 CT1CA=012270a8 QMA=0121d000 QMS=00008000 BPOA=00000000 INT_STS=00000000
[   72.204616] (\drivers\directx\rpi5vc4\rpi5vc4_v3d.c:323) RPI5VC4: reset ERR_STAT after clear=00001000
[   72.213462] (\drivers\directx\rpi5vc4\rpi5vc4_wddm.c:672) RPI5VC4: TDR resetting V3D core: ok
[   72.522212] (\drivers\directx\rpi5vc4\rpi5vc4_wddm.c:479) RPI5VC4: V3D job fence=110 timed out — completing (TDR) BFC=00000000 RFC=00000000 CT1CS=00000000 CT1CA=00000000 QMA=0121d000 QMS=00008000 BPOA=00000000 INT_STS=00000000
[   72.539562] (\drivers\directx\rpi5vc4\rpi5vc4_v3d.c:280) RPI5VC4: escalating to V3D domain power-cycle (reset #64)
[   72.552422] (\drivers\directx\rpi5vc4\rpi5vc4_v3d.c:323) RPI5VC4: reset ERR_STAT after clear=00001000
[   72.559084] (\drivers\directx\rpi5vc4\rpi5vc4_wddm.c:672) RPI5VC4: TDR resetting V3D core: ok
[   72.868834] (\drivers\directx\rpi5vc4\rpi5vc4_wddm.c:479) RPI5VC4: V3D job fence=112 timed out — completing (TDR) BFC=00000001 RFC=00000001 CT1CS=00000000 CT1CA=012270a8 QMA=0121d000 QMS=00008000 BPOA=00000000 INT_STS=00000000
[   72.886874] (\drivers\directx\rpi5vc4\rpi5vc4_v3d.c:323) RPI5VC4: reset ERR_STAT after clear=00001000
[   72.895386] (\drivers\directx\rpi5vc4\rpi5vc4_wddm.c:672) RPI5VC4: TDR resetting V3D core: ok
[